vendor_name,source_url,source_type,page_title,collected_text,date_collected,tags,evidence_note,http_status,fetch_ok,robots_allowed,content_usable,block_count,content_sha256,text_extractor,evidence_tags
GitLab,https://about.gitlab.com/,product,"Finally, AI for the entire software lifecycle.","Ship faster. With trust.
Ship faster. With trust.
Your intelligent orchestration platform for DevSecOps
- Meet GitLab Duo Agent PlatformDefine how teams and AI agents work togetherCustomize your workflows for development, testing, security, and deployment. Teams orchestrate from above the software lifecycle while AI agents execute within it, automating repetitive tasks based on the rules and guardrails you set. Your agents turn issues into merge requests, remediate vulnerabilities, and review code — your team remains in control.
- Explore our PlatformYour end-to-end DevOps process in one placeFrom planning to source code management to CI/CD, everything you need to build and ship software faster in one platform. All your data — projects, releases, code — in a single data plane, so your team and agents can work from one source of truth.
- Learn more about securityBe proactive with security built in, not bolted onBuild secure products with fewer security products. Consolidate scanners like SAST, SCA, Secret Detection, and DAST into one platform. Security findings appear directly in merge requests and IDEs. Apply controls for compliance and collect audit-ready evidence automatically in every pipeline.
- Read about GitLab FlexCommit once, adjust anytime with flexible pricingOrganizations that need pricing flexibility can make one annual commitment and steer their spend across seat-based licenses and usage-based credits without re-procurement.
Built to meet your industry’s demands
Every industry faces unique security, compliance, and delivery requirements. GitLab adapts to your regulatory environment while maintaining the velocity your teams need.
Financial Services
Meet strict regulatory requirements without sacrificing delivery speed. Maintain audit trails, access controls, and comprehensive security testing.
Public Sector
Build software that meets federal security standards. Deploy in air-gapped environments, maintain government compliance, and secure software by design.
Telecommunications
Scale network infrastructure with confidence. Support complex deployment pipelines, strict uptime requirements, and distributed edge environments.
Automotive
Accelerate the automotive software lifecycle. Automate compliance workflows for safety standards, speed embedded development, and coordinate global teams.
Education
Empower students and researchers while protecting institutional data. Choose from flexible deployment options and enable research collaboration.
Aerospace
Accelerate development from flight-critical firmware to customer applications. Maintain safety standards, track SBOMs, and deploy in airgap environments.
Use left and right arrow keys to navigate quotes. Swipe on touch devices. Autoplay pauses on hover or focus.
Quote 1 of 5
One platform for teams of every size
Use left and right arrow keys to navigate cards. Swipe on touch devices.",2026-08-19,product,product page for GitLab; 2885 characters of main content; served from cache; text via trafilatura,200,True,True,True,19,aaf596aa06648849b2c8d1185890a784fe1a28b5f384a6c66a5117d911c0fa4a,trafilatura,
GitLab,https://about.gitlab.com/pricing/,pricing,Pricing,"The usage of instance runners by projects running CI/CD jobs is measured in compute minutes. If you need additional compute minutes, you can purchase more for your group.
Each project in a Free tier namespace on GitLab.com has 10 GiB of free storage for its Git repository and Large File Storage (LFS). You can purchase additional storage for your personal or group namespace.
Yes. You have a few options. You can add users to your subscription any time during the subscription period. You can log in to your account via the GitLab Customers Portal and add more seats or contact sales for a quote. In either case, the cost will be prorated from the date of quote/purchase through the end of the subscription period. You may also pay for the additional licenses per our true-up model.
How will I be charged for add-on users?
If you have quarterly subscription reconciliation enabled (default option for new and renewing subscriptions after Aug 1, 2021), users added during a quarter will only be charged for the remaining quarters of their subscription term as opposed to the full annual subscription fee(s) with annual true-ups. For example, if you add 50 users to your subscription during the third quarter of your subscription term, the 50 users will only be charged for the fourth quarter of your subscription term as opposed to all four quarters as per annual true-ups.
If you do not have quarterly subscription reconciliation enabled, add-on users will be charged annual true-ups for the full term during which they were added. For example, if you have 100 active users today, you should purchase a 100 user subscription. Suppose that when you renew next year you have 300 active users (200 extra users). When you renew you pay for a 300 user subscription and you also pay the full annual fee for the 200 users that you added during the year.
What happens when my subscription is about to expire or has expired?
If you most recently used an Activation Code to activate your GitLab Paid Plan, once you renew your subscription the new subscription terms will synchronize to your GitLab self-managed instance during the next subscription data synchronization. If you most recently used a license key, you will receive a new license that you will need to upload to your GitLab instance. This can be done by following these instructions.
What happens if I decide not to renew my subscription?
If you choose not to renew your GitLab subscription, your key will no longer work and GitLab Enterprise Edition will not be functional anymore. You will be able to downgrade to GitLab Community Edition, which is free to use.
Can I acquire a mix of licenses?
No, all users in the GitLab.com group or on the self-managed instance need to be on the same plan.
How does the license key work?
The license key is a static file which, upon uploading, allows GitLab Enterprise Edition to utilize paid features. During license upload we check that the active users on your GitLab Enterprise Edition instance doesn't exceed the new number of users. During the licensed period you may add as many users as you want. The license key will expire after one year for GitLab subscribers. As of 2022, license keys are a legacy method to activate GitLab paid plans and have been substituted by an Activation Code for most paid subscriptions.
What is an Activation Code?
An Activation Code refers to GitLab's method for activating your self-managed subscription with Cloud Licensing, which provides a more seamless subscription experience. This is required for all customers on version 14.1 or higher. For more information on Cloud Licensing, please see What is Cloud Licensing? as well as How do I activate with an Activation Code?.
What features and permissions are available to Enterprise Agile Planning users?
Enterprise Agile Planning add-on is available to GitLab Ultimate subscriptions and seamlessly integrates into the GitLab DevSecOps platform, enabling non-technical users to collaborate with engineers throughout the software development lifecycle. Enterprise Agile Planning add-on users should be invited with Reporter access, providing them the ability to view and interact with project information, including issues, milestones, and boards. This level of access ensures that non-technical stakeholders can stay informed about project progress and provide valuable input. View permissions for Reporter users here.
How can I find GitLab's preferred license resellers?
GitLab partners with license resellers around the globe, where many are solution providers and professional service experts. For a complete list of resell partners, please check out the GitLab Partner Locator.
What documentation applies to use of my subscription?
User means each individual end-user (person or machine) of Customer and/or its Affiliates (including, without limitation, employees, agents, and consultants thereof) with access to the Software hereunder. Every user (with the following exceptions) within a namespace (top level group) is counted in a subscription.
Is the listed pricing all inclusive?
The listed prices may be subject to applicable local and withholding taxes. Pricing may vary when purchased through a partner or reseller.
Can I import my projects from another provider?
Yes. You can import your projects from most of the existing providers, including GitHub and Bitbucket. See our documentation for all your import options.
Do you have special pricing for open source projects, educational institutions, or startups?
Yes! We provide free Ultimate licenses, along with 50K compute minutes/month, to qualifying open source projects, educational institutions, and startups. Find out more by visiting our GitLab for Open Source, GitLab for Education, and GitLab for Startups program pages.
How does GitLab determine what future features fall into given tiers?
You can learn more about how we make tiering decisions by reviewing our pricing handbook page. On this page we represent our pricing strategy which can be further filtered based on our buyer-based open core pricing model.
Features and Benefits
Show all
What are the differences between Free, Premium, and Ultimate plans?
All of the features and benefits of the different GitLab offerings can be found on the feature comparison pages. Read more about Premium and Ultimate to learn whether these are the right tiers for you.
What are the differences between SAST, Secret Detection, and Container Scanning across tiers?
You can run basic scans for SAST, Secret Detection, and Container Scanning in all tiers, but enterprise-grade scanning and management features are only available in Ultimate.
Ultimate adds proprietary technology and more ways to customize scans to fit your organization's needs. Ultimate-tier SAST includes proprietary technology to suppress false positive results and track vulnerabilities as they move. Ultimate-tier Container Scanning uses GitLab's proprietary advisory database and offers auto-generated solutions for vulnerabilities. With Ultimate, you can also customize the rulesets used for SAST and Secret Detection, and manage CVE allowlists for Container Scanning.
Additionally, the Ultimate tier adds key usability, workflow, and governance improvements. The basic scans in Free and Premium only output results as JSON-formatted artifact files, but Ultimate shows new findings in merge requests and pipelines, and tracks vulnerabilities and dependencies over time. The Ultimate tier allows users to view the results in the GitLab UI on the vulnerability report, dependency list, and inline in their merge requests. With Ultimate, you can also require security approvals for merge requests that affect your security posture.
What is the difference between GitLab and other DevSecOps solutions?
You can see all the differences between GitLab and other popular DevSecOps solutions on our competitive comparison pages.
You can learn more about GitLab's success offerings on the services page.
GitLab.com
Show all
Where is GitLab.com hosted?
Currently GitLab.com is hosted on the Google Cloud Platform in the USA.
Self-Managed
Show all
What is GitLab Self-Managed?
GitLab Self-Managed is a version of GitLab that allows you to install, configure, and maintain on your own infrastructure (both on-prem and in the cloud), making it ideal for customers who need complete control over their environment, data, and security.
How do I install GitLab Self-Managed?
To see all installation methods of GitLab Self-Managed, visit our documentation.
Is there a minimum supported version to use specific capabilities?
For Self-Managed customers to use GitLab Duo Agent Platform, the minimum supported version is 18.8. For Self-Managed users to trial GitLab Ultimate and Duo Agent Platform with GitLab Credits, the minimum supported version is 18.9.
Dedicated
Show all
Where is GitLab Dedicated hosted?
GitLab Dedicated is a fully isolated, single-tenant SaaS service that is:
What is the 5-user limit on the GitLab.com Free tier?
The 5-user limit is applicable only to users of the Free tier of the GitLab.com offering in a top-level group with private visibility. These changes do not apply to users of the Free tier of the GitLab.com offering in a public top-level group, paid tiers, the Free tier of the self-managed offering and community programs, including GitLab for Open Source, GitLab for Education, and GitLab for Startups users. Learn more here.
Compute minutes
Show all
What are compute minutes?
Compute minutes are the units used during the execution time for your pipelines on our shared runners. Execution on your own runners will not use your compute minutes and is unlimited.
Do the compute minutes increase depending on the number of users in the group, or the number of users in the subscription?
No. The quota will be applied to a group, no matter the number of users in the group or the number of users in the subscription.
Why do I need to enter credit/debit card details for free compute minutes?
There has been a massive uptick in abuse of free compute minutes available on GitLab.com to mine cryptocurrencies, which creates intermittent performance issues for GitLab.com users. To discourage such abuse, credit/debit card details are required if you choose to use GitLab.com shared runners. Credit/debit card details are not required if you bring your own runner or disable shared runners. When you provide the card, it will be verified with a one-dollar authorization transaction. No charge will be made and no money will transfer. Learn more here.
Can I bring my own GitLab CI/CD runners?
Yes, you can bring your own GitLab CI/CD runner with all plans.
Storage Limits
Show all
What are the current GitLab.com storage limits?
Projects on GitLab.com Free have an initial 10 GiB limit on Git repository and LFS storage. Users can purchase additional storage to increase the set project limit. Projects on Premium and Ultimate have a fixed limit of 500GiB per project. For more information, see fixed project limit.
What does the purchased storage cover?
Purchased storage applies to Git repository size and LFS usage. It does not apply to other storage types, such as the container registry.
What are the per-project storage limits on GitLab.com?
For Free users, 10 GiB total of combined Git repository and LFS usage per project. For Premium and Ultimate users, 500 GiB total of combined Git repository and LFS usage per project. Storage limits for Premium and Ultimate customers are fixed per project. Buying additional storage does not increase the maximum limit for a single project. It only expands your overall available storage. For example, purchasing 1 TB of storage will not cause one project to exceed its 500 GiB ceiling. For more information, see fixed project limit.
Usage pricing
Show all
How can I purchase GitLab Credits?
GitLab Credits can be acquired in three ways:
Included credits: For a limited time, Premium customers receive 12 credits/user/month, and Ultimate customers receive 24 credits/user/month at no additional cost. These included promotional credits are available for a limited time after GA, and subject to change at GitLab’s discretion. See Promo Terms.
Monthly commitment pool: Purchase a shared pool of credits for your organization to draw from. The more credits you commit to, the better pricing you receive. These credits refresh monthly.
On-demand credits: If you’ve used all your included and committed credits, you can continue using GitLab Duo Agent Platform on a pay-as-you-go basis at the standard rate of $1/credit. Once you’ve enabled on-demand billing for your account, it will remain enabled for the remainder of your subscription term. You will be billed at the end of each month for any on-demand credits consumed.
For Self-Managed customers, to ensure access to the latest GitLab Duo Agent Platform capabilities, please upgrade to version 18.7. If you accept on-demand billing, you will be charged for use of GitLab Duo Agent Platform regardless of your GitLab version.
Which Free namespaces can purchase a monthly commitment of GitLab Credits?
GitLab.com Free top-level group namespaces can purchase and share a pool of credits. Self-managed instances and personal namespaces cannot purchase monthly commitments.
Can I share credits across my organization?
Credit sharing depends on how the credits were acquired:
Included credits are allocated on a per-user basis and cannot be shared between users.
Monthly commitment pool credits are shared across your entire organization. This pool creates an efficient way for teams to access GitLab Duo Agent Platform capabilities based on actual usage rather than seat assignments.
Am I charged a different rate based on what model I use?
Yes, different AI models draw down credits at different rates based on their capabilities and underlying costs. We will continue to update these draw down rates when new models are made available and new features are introduced. For the most up to date information, please visit our documentation page.
GitLab Flex
Show all
Can I purchase GitLab Flex with a credit card?
No. GitLab Flex is available only through sales-assisted channels.
Can I switch from traditional licensing to GitLab Flex mid-term?
Contact your GitLab account team to discuss conversion options. In most cases, you can convert at your next renewal date.
What happens if I run out of GitLab Flex balance mid-year?
If your GitLab Flex balance reaches zero, additional usage is billed as on-demand overage:
Cloud-connected: Auto-billed monthly
Air-gapped: Invoiced quarterly via true-up
You can also contact your GitLab account team to increase your commitment mid-term.
Can I allocate my GitLab Flex commitment across multiple organizations or instances?
Yes. GitLab Flex supports multi-organization and multi-instance allocation. Contact your account team to configure namespace-level allocation. That said, GitLab Flex only applies to a single subscription.
Do volume discounts apply to overage?
No. Overage is always billed at list rate ($1/credit). Volume discounts apply only to your reserved allocation.
Can I change my deployment model after signing a Flex contract?
Deployment model (SaaS, Self-Managed, Dedicated, Air-Gapped) is set at contract signing and cannot be changed mid-term. Contact your account team to discuss options at renewal.
How do I enable new capabilities under my Flex contract?
New capabilities that are generally available can be enabled through the Manage Flex Budget portal. Simply adjust your per-use credit budget or reserved credit allocation to include the new capability. No contract amendment required.
Do unused reserved credits carry over to the next month?
No. Reserved credits are use-it-or-lose-it and expire at the end of each month.
Can I convert my Flex balance back to cash if I don't use it all?
No. Your Flex commitment is a use-it-or-lose-it annual spend agreement. Unused balance at the end of the term is forfeited.
What's the difference between ""reserved"" and ""per-use"" credit allocation?
Reserved credits: A fixed monthly pool (use-it-or-lose-it) debited at month start. Pre-set Flex discount applies.
Per-use credits: You pay for what you use outside of reserved spend (up to your budget). Unused budget does not debit your Flex balance.
Start building faster today
See what your team can do with the intelligent orchestration platform for DevSecOps.",2026-08-19,pricing,pricing page for GitLab; 16388 characters of main content; served from cache; text via trafilatura,200,True,True,True,48,4900ffa88b1cfaaaf88d3f88cf87646f613d58d1d5431f335f7220d3fad1b69c,trafilatura,"data_residency, pricing_availability, support_documentation, uptime_reliability"
GitLab,https://about.gitlab.com/security/,security,Security,"Security Close To search repositories and projects, login to gitlab.com . Suggestions GitLab Duo Agent Platform Code Suggestions (AI) CI/CD GitLab on AWS GitLab on Google Cloud Why GitLab? Duo Agent Platform delivers 400% ROI, per new Forrester Consulting study. Learn more We're committed to Information Security GitLab Trust Center It's our mission to be the leading example in security, innovation, and transparency. We take compliance seriously At GitLab, we know how much security, privacy and accessibility matters to our customers and stakeholders. Learn more about GitLab security compliance controls. Trust Center Documents To access GitLab's security and privacy collateral, see our Trust Center Documents. Learn more Compliance & Assurance Credentials SOC Certification GitLab maintains a SOC 2 Type 2 report for the Security, Confidentiality and Availability Trust Services Criteria for GitLab.com. GitLab maintains a SOC 2 Type 2 report for the Security, Confidentiality and Availability Trust Services Criteria for GitLab Dedicated. Learn more ISO/IEC 27001:2022 Certification GitLab maintains ISO/IEC 27001:2022 certification for the information security management system supporting the GitLab software-as-a-service (SaaS) subscriptions, GitLab.com and GitLab Dedicated. Learn more ISO/IEC 27017:2015 Standard ISO/IEC 27017:2015 established guidelines for information security controls applicable to the provision and use of cloud services. GitLab maintains ISO/IEC 27017:2015 compliance for GitLab software-as-a-service (SaaS) subscriptions, GitLab.com and GitLab Dedicated. Learn more ISO/IEC 27018:2019 Standard ISO/IEC 27018:2019 establishes guidelines for implementing measures to protect Personally Identifiable Information (PII) in the cloud. GitLab maintains ISO/IEC 27018:2019 compliance for GitLab software-as-a-service (SaaS) subscriptions, GitLab.com and GitLab Dedicated. Learn more VPAT Compliance GitLab's Accessibility Conformance Report shows our commitment to maintaining a product where everyone can contribute. Learn more GDPR Compliance GitLab is compliant with GDPR requirements. Learn more CSA Trusted Cloud Provider GitLab is a Cloud Security Alliance (CSA) Trusted Cloud Provider. Learn more Security topics More security posts Blog GitLab Trust Center: Welcome to self-service customer assurance The single, unified trust center provides access to security and privacy collateral, streamlined questionnaire submissions, an interactive knowledge base, and GitLab updates. Read more Blog Monitor your web attack surface with GitLab CI/CD and GitLab Pages Use this tutorial to build an automated web application screenshot report. Read more Blog Achieve SLSA Level 2 compliance with GitLab Compliance mandates call for controls to prevent software tampering, improve integrity of builds and artifacts, and support attestation. Read more Trust Center Documents Learn about our Security and Compliance posture. Learn more Reach out to our Security Team if you have questions or concerns Contact our Security Team Get security release notifications and alerts delivered to your inbox Sign up for security notices Resources Security Security FAQs Our security practices GitLab instance hardening Security blog Security department overview Legal & Privacy Privacy FAQs Privacy policy Personal data requests Responsible disclosure policy GitLab privacy processes Environmental, Social, and Governance (ESG) Availability Availability FAQs Monitoring of GitLab.com GitLab.com production architecture GitLab releases Infrastructure department overview Security solutions with GitLab Explore more Solutions DevSecOps GitLab empowers your teams to balance speed and security by automating software delivery and securing your end-to-end software supply chain. Learn more Continuous Software Compliance Integrating security into your DevOps lifecycle is easy with GitLab. Learn more Software Supply Chain Security Ensure your software supply chain is secure and compliant. Learn more Start building faster today See what your team can do with the intelligent orchestration platform for DevSecOps. Get your free trial Contact sales",2026-08-19,"security, human-verified",security page for GitLab; 4156 characters of main content; served from cache; text via visible-text (trafilatura kept only 12% of the page),200,True,True,True,27,5b7843b3af782cfebcd382159116bedb1af34395d148bc1a773ec3a71562a340,visible-text (trafilatura kept only 12% of the page),"security_trust, support_documentation"
GitLab,https://about.gitlab.com/privacy/,privacy,GitLab Privacy Statement,"Last updated: April 23, 2026
To see our California Consumer Privacy Act (""CCPA"") Notice at Collection, please click on the link or see the “U.S. State Privacy Rights” section below.
At GitLab, we take the privacy and security of your information seriously. This privacy statement (“Privacy Statement”) will explain how GitLab B.V. and GitLab Inc. (""GitLab"", ""we"", ""our"", ""us"") handle your personal data. ""Personal Data,"" as used in this Privacy Statement, is information that identifies or can reasonably be linked directly or indirectly to an identifiable person. The privacy practices and standards detailed in this Privacy Statement apply to all data subjects globally, unless specifically noted otherwise. In particular, this Privacy Statement will touch on the following sections:
This Privacy Statement applies to the GitLab websites (""Websites""), GitLab.com and GitLab Dedicated (""SaaS""), Self-managed (""Self-managed""), and additional software products and services; collectively ""Services.
The categories of Personal Data collected by GitLab change depending on the Services you use and whether those Services are free or paid. We have described below which Services correlate with the processing in each Personal Data category.
We collect the Personal Data you provide to us, for example:
Account Information: When you register for an account with GitLab, we collect information that identifies you such as your name, username, email address, country and/or region, and password. This is collected for free and paid users of the SaaS product.
Profile Information: We collect information that you voluntarily provide in your user profile; this may include your public avatar (which may be a photo), additional email addresses, company/organization name, job title, country, social media handles, and biography. Please note this information will be visible to other users of the Services and to the public, although you can limit the visibility of certain profile fields through your account and profile privacy settings. This is collected for free and paid users of the SaaS product.
Payment and Identity Verification Information: If you purchase a paid subscription from GitLab, we will collect payment information from you that may include your name, billing address and credit card or bank information. We may also use your credit card information and telephone number to verify your identity and prevent abuse of our pipelines. Please note that GitLab does not directly process or store your entire credit card number, but we do direct that information to our third-party payment processors for processing. This is collected for paid users of the Self-managed and SaaS products.
Contact Information: If you request GitLab to contact you, or sign up for marketing materials, events, or participate in user research and development, GitLab may collect information such as name, address, email address, telephone number, company name, and size of company. This may be collected through the Websites, such as through our live video and chat function on our marketing pages or during account registration.
Licensee Information: We collect licensee name, email address, and similar information associated with the individual that receives a license key for the paid users of the Self-managed product.
Content you provide through the use of the Services: Examples of content we collect and store include but are not limited to: the summary and description added to an issue, your repositories, commits, project contributions, profile metadata, activity data, comments, and any inputs and outputs generated by Artificial Intelligence (“AI”) and Machine-Learning (“ML”) powered features. Content also includes any code, files and links you upload to the Services. This is collected for the free and paid users of the SaaS product.
Customer Support and Professional Services Information: If you contact GitLab customer support or receive professional services, we will collect information about you related to your account and to the requests you are making or the services being provided. Customer Support information is collected through the Websites, such as the GitLab Community Forum and the GitLab Support Portal. For Community Programs, support will be provided through the GitLab Service Desk.
Call Recordings: We may record and transcribe GitLab webinars, trainings, and online events. In addition, we may record and transcribe sales calls hosted on various videoconferencing technologies to enable our sales and support teams to share conversational insights, create training and presentations, and improve their internal processes.
Other Content You Submit: We may also collect other content that you submit to our Services. For example: feedback, comments and blog posts, or when you participate in any interactive features, surveys, contests, promotions, prize draws, activities or events. When you participate in interactive channels, we may collect and process information for demographic analysis. Such collection is not tied to any specific products, but may be collected through the Websites.
We may collect certain Personal Data automatically through your use of the Services, for example:
Device Information and Identifiers: When you access and use our Services, we automatically collect information about your device, which may include: device type, your device operating system, browser type and version, language preference, IP address, hardware identifiers, and mobile IDs. We may also derive your approximate location from this information, including country, city, state and postal code. This information may be collected through any use of the Services.
Subscription Data: We may automatically collect information about the number of active users, licensing timetables, historical user count, and IP address. This is collected for the free and paid users of the Self-managed and SaaS products, including trial subscriptions. Subscription Data details can be found in the Metrics Dictionary.
Customer Product Usage Information: We may automatically collect Customer Product Usage Information to gather insights into the success of stages and features, track how value is delivered through the use of the Services, help generate optimal customer implementation of the Services, and understand end-to-end user behavior. Depending on the category of Customer Product Usage Information collected, the metrics are stored in an aggregated and/or pseudonymized format. Please see our Customer Product Usage Information page for more details regarding the purposes, de-identification, data elements, configuration and opt-out instructions for Customer Product Usage Information. This is collected for the free and paid users of the Self-managed and SaaS products.
Website Usage Data: When you visit our Websites, we automatically log information about how you interact with the sites, such as the referring site, date and time of visit, and the pages you have viewed or links you have clicked. For our Websites, GitLab uses session replay, which captures a de-identified log of the marketing Websites that you visit.
Cookies and Similar Tracking Technologies: GitLab uses cookies and similar technologies to provide functionality, such as storing your settings, and to recognize you as you use our Services. In addition, we use cookies to gather information to provide interest-based advertising which is tailored to you based on your online activity. Please review our Cookies Policy to learn about our practices and the controls we provide you.
Email Engagement Information: When we send you emails, they may include technology such as a web beacon, that tells us your device type, email client, and whether you have received and opened an email, or clicked on any links contained in the email.
Third-Party Integrations: The Services allow for integrations with third-party git applications, such as GitPod, or third-party extensions, such as those in the Visual Studio code marketplace. Further, the Services may contain buttons, links, tools and content from third-party services, such as Meta and X. We may collect information about your use of these integrated applications and extensions, and when you see or interact with these integrations some information may be automatically sent to these third-party companies. However, any third-party integrations’ policies and procedures are not controlled by GitLab, and this Privacy Statement does not cover how third-party integrations use your information. We recommend you read the privacy statements of any third-party companies before connecting to or using their applications or services.
Version Data and Error Tracking: For Self-managed instances, we automatically check for the version of the software you are running, along with accompanying data such as hostname, HTTP Agent, Header, and IP address. These version checks help ensure your instance is up-to-date with the latest security patches and features. We also collect error trace data from GitLab.com and connect that data to profile data so that we can diagnose and resolve technical issues.
GitLab Pages Data: For websites published using GitLab Pages, we collect server access logs containing website visitor IP addresses with time of access and pages visited within the site. This data is kept for 7 -days and then it is disposed of on a rolling basis with new logs. Any other data collected is subject to the website publisher’s own privacy statement.
We may collect Personal Data from other parties in the following ways:
Vendors and Partners: We may receive information about you from third-parties such as vendors, resellers, partners, or affiliates. For example, we receive information from our resellers about you and your orders, or we may supplement the data we collect with demographic information licensed from third-parties in order to personalize the Services and our offers to you. Likewise, our sales, marketing, and recruiting teams may receive access to third-party databases containing information to enrich and cleanse business contacts and other corporate data, which may include your email, phone number, and general geographic location through reverse IP address lookup services. We may also receive social listening data from companies that monitor public social media posts. Furthermore, we may combine information across GitLab learning platforms with account information stored in our data warehouse, to create a comprehensive view of your journey with GitLab. In addition, we may use a B2B content experience platform to create personalized content journeys by re-identifying previously anonymous information from website visits and connecting it with your account information, once you've identified yourself in our systems.
Third-Party Services: GitLab allows you to sign up for/in to our Services using third-party accounts, such as Meta or Google. When you give permission for this to happen, GitLab will receive information about you from your third-party account, such as name, email address, location and demographic information. In addition, GitLab allows you to connect the Services through third-party applications, like Jira and Slack. As part of this interaction, third-party applications may send Personal Data to GitLab in accordance with the privacy settings of the third-party service. This Personal Data may include contact information, location, chat commands, and information related to your GitLab projects.
Other Users of the Services: Other users of the Services may provide information about you when they submit issues and comments, or we may receive information when you are designated as a representative or administrator on your company's account.
When you are asked to provide Personal Data, you may decline. And you may use web browser or operating system controls to prevent certain types of automatic data collection. But if you choose not to provide or allow information that is necessary for certain products or features, those products or features may not be available or function correctly.
When you use the GitLab Duo suite of AI capabilities, including Code Suggestions, Agent Platform, and other AI/ML features, your Personal Data will be processed in accordance with this Privacy Statement.
To provide these features, GitLab may transmit your code, supporting contextual information, and other prompts you submit to the Services to third-parties, such as private code modeling service providers. Further, GitLab may collect AI prompts and output to debug and troubleshoot the services and enforce our Website Terms of Use. We may also collect first-party usage data and de-identified prompts related to Duo features for the purposes of identifying and developing product improvements and assessing features engagement. However, we will not use your AI-inputs to train any language models without your instruction or prior consent. This data may be collected in both the SaaS and Self-managed products where AI-features are enabled.
We prohibit under our Subscription Agreement the input of sensitive or special categories of Personal Data to the Services, which includes Personal Data related to race, ethnicity, political opinions, religion, trade union membership, genetic data, biometric data, health data and sexual orientation. Although GitLab prohibits the collection of sensitive or special categories of personal data, we realize that users might store this kind of information in a GitLab group; however, GitLab does not intentionally collect the Personal Data of individuals that are stored in users' groups or other free-form content inputs. If Personal Data is stored in a user group then the group owner is responsible for its processing.
Further, GitLab does not knowingly collect Personal Data from, or direct any of our Services to, children under the age of 13. With the exception of Educational Licenses, users must be at least 13 years of age to create an account. If we learn or have reason to believe that a user is under 13, we will promptly close that account and delete associated Personal Data in accordance with applicable law.
GitLab collects and processes each category of Personal Data for the purposes listed in the tables below.
When our processing is subject to international laws, including but not limited to the General Data Protection Regulation (""GDPR"") that governs individuals located in the European Economic Area (""EEA""), we have attributed one of the legal bases enumerated under the GDPR to the “Purpose of Processing” activity. To the extent a jurisdiction allows for different legal bases than those enumerated under GDPR, we will apply only those appropriate legal bases to the purposes of processing as required under applicable law.
We use your Personal Data to provide the Services you have subscribed to, and to complete and administer the contract you have entered into with GitLab, which includes the Subscription Agreement, the Website Terms of Use, event and training agreements, and any agreement to process payment information. The purposes of processing and the categories of information used under this lawful basis are described below:
| Purpose of Processing | Personal Data Category | 
|---|---|
| To create your account, identify and authenticate your access to the Services and provide you with the Services you have requested |  | 
| To process your payment for the Services you have purchased |  | 
| To provide Customer Success Services for the successful adoption of the Services |  | 
| To conduct user research and development |  | 
| To send you important information, such as notifications about changes to the Services |  | 
| To provide you a forum to comment on or discuss the Services |  | 
| To create digital productions and to manage online or in-person events |  | 
| To provide trainings and learning opportunities |  | 
| To enable partners to register, track deals and provide support, or to share information with our partners when you attend a joint event |  | 
| To provide code workload and code review recommendations and other automated analysis of your contributions through AI and machine-learning |  | 
| To respond to your requests for customer support |  | 
| To improve the security of and troubleshoot our Services, as necessary to perform the contract governing your use of our applications or to communicate with you |  | 
| To enforce the Terms of Use, Acceptable Use Policy and other legal terms that govern our Services |  | 
We may use your Personal Data, with your consent, for specific purposes such as marketing, surveys, call recordings, and research. You may withdraw your consent for the specific purpose or object to the processing of your Personal Data at any time. The purposes of processing and the categories of information used under this lawful basis are described below:
| Purpose of Processing | Personal Data Category | 
|---|---|
| To understand how our Services are used and to improve our Services |  | 
| To provide Customer Success Services for the successful adoption of the Services |  | 
| To provide personalized experiences through the Websites and Services and manage our use of tracking technologies |  | 
| To conduct user research and development |  | 
| To send you information you have requested, such as information requested through our live-chat function |  | 
| To send you advertising, marketing content, offers, promotions, newsletters, surveys or other information through email, phone call, and third-party messenger applications |  | 
| To create digital productions and to manage online or in-person events |  | 
| To provide trainings and learning opportunities |  | 
| To enable partners to register, track deals and provide support, or to share information with our partners when you attend a joint event |  | 
We may use your Personal Data in connection with legal claims, regulatory compliance, and audits. The purposes of processing and the categories of information used under this lawful basis are described below:
| Purpose of Processing | Personal Data Category | 
|---|---|
| To create your account, identify and authenticate your access to the Services and provide you with the Services you have requested |  | 
| To process your payment for the Services you have purchased |  | 
| To detect, prevent, or otherwise address fraud and abuse to protect you, GitLab, and third-parties |  | 
| To comply with our legal obligations, including export, privacy and security regulations |  | 
| To protect the rights, safety and property of GitLab, you, or any third-party |  | 
We rely on our legitimate interests or the legitimate interests of a third-party, such as our users, where they are not outweighed by your interests or fundamental rights and freedoms. You may object to the processing of your Personal Data for these purposes at any time. The purposes of processing and the categories of information used under this lawful basis are described below:
| Purpose of Processing | Personal Data Category | 
|---|---|
| To understand how our Services are used and to improve our Services |  | 
| To provide Customer Success Services for the successful adoption of the Services |  | 
| To administer and maintain our Websites |  | 
| To send you important information, such as notification about changes to the Services |  | 
| To send you information you have requested, such as information requested through our live-chat function |  | 
| To send you advertising, marketing content, offers, promotions, newsletters, surveys or other information through email, phone call, and third-party messenger applications |  | 
| To provide you a forum to comment on or discuss the Services |  | 
| To provide search indexing of user profiles and contributions |  | 
| To create digital productions and to manage online or in-person events |  | 
| To provide trainings and learning opportunities |  | 
| To provide code workload and code review recommendations and other automated analysis of your contributions through AI and machine-learning |  | 
We may share each of the categories of Personal Data we collect with the types of third-parties described below, for the following business purposes:
Sharing with Users and the Public: We may share your Personal Data with other users of the Services and with the public if you choose to make your SaaS Profile public. You have control over what information is public; however, your name and username will always be displayed unless your organization has modified user account settings. If you do not want to disclose your real name, please use a pseudonym or other alias in your profile and username. To change your settings, go to User Settings in your profile. You should also be aware that any information you share as part of a project, blog, website etc. may be publicly available and you should consider this carefully when interacting with the Services. Also, we may collect and share public community contribution metrics as part of our Evangelist Program.
Sharing with Managed Accounts and Administrators: If you have created a GitLab account with your corporate email address, we may share your Personal Data with your Company if your Company enters into a commercial relationship with GitLab. If this happens, then your use of the software and your account is subject to the terms and any data protection agreement between your Company and GitLab.
In the event you change the email address on your account from a corporate email address to a personal email address and, thereafter, your Company enters into a commercial relationship with GitLab, your Personal Data related to that account will not be shared with your Company. GitLab will not link an account to a Company based on retroactive use of a corporate email.
In addition, if you choose to become a member of a group, your username, email address, IP address, the date when access was granted, the date when access expires, your access role, and audit logs containing information related to your actions in the group will be shared with the owners of that group.
Sharing with Service Providers: We share your Personal Data with our service providers. These are companies who provide services on our behalf, including in the areas of cloud hosting, marketing, advertising, ad measurement, social engagement, analytics, support ticketing, credit card processing, AI and ML, security, and other such similar services. These companies are subject to contractual requirements that govern the security and confidentiality of your information.
For example, we use analytics providers, such as Google Analytics and Google Signals, to help us understand the operation and performance of our Services and Stripe for payment, analytics, and other business services. To learn about how Google uses and shares data it collects through its services, please visit https://www.google.com/policies/privacy/partners/. You can learn more about Stripe and its processing activities via their privacy policy at stripe.com/privacy. In addition, please visit our Sub-Processors page to see the list of our Sub-Processors that we use in order to provide customer support, host the Services, and provide key product features.
Sharing with Partners and Resellers: GitLab works with third-parties who provide sales, consulting, support and technical services for our Services. Where permitted and with your consent (if required), we may share your data with these partners and resellers.
Sharing with Affiliated Companies: GitLab will share information collected with companies owned and operated by us.
Sharing for Fraud and Prevention Abuse: We may share your information when we have a good faith belief that the disclosure is necessary to prevent fraud, abuse of our services, defend against attacks, and to protect the safety of GitLab and our users. For example, we may share your name and phone number with service providers to facilitate an identity verification call or SMS text for fraud prevention.
Law Enforcement: GitLab may disclose Personal Data or other information we collect about you to law enforcement if required in response to a valid subpoena, court order, search warrant, a similar government order, or when we believe in good faith that disclosure is necessary to comply with our legal obligations, to protect our property or rights, or those of third-parties or the public at large. For more information on how we respond to government requests, see our Guidelines for Law Enforcement and our Transparency Reports.
Merger or Acquisition: We may share your Personal Data if we are involved in a merger, sale, or acquisition of corporate entities or business units. If any such change of ownership happens, we will ensure that it is under terms that preserve the confidentiality of your Personal Data, and we will notify you on our website or by email before any transfer of your Personal Data.
Our Services are hosted in the United States and information we collect will be stored and processed on our servers in the United States. Our employees, contractors, affiliated organizations, service providers, and sub-processors that process Personal Data may be located in the United States or other countries outside of your home country. If you reside in the European Economic Area, United Kingdom, or Switzerland, GitLab transfers your Personal Data to the United States in reliance on the EU-U.S. Data Privacy Framework (“DPF”), the UK Extension to the DPF, and/or the Swiss-U.S. DPF, as applicable (see the Data Privacy Framework section below for details of GitLab's certification). Where Personal Data is transferred to a jurisdiction that has not been found to have adequate data protections and is not covered by the DPF, we use additional safeguards and legal mechanisms, including Standard Contractual Clauses, to help ensure your rights and protections.
For our customers whose use of the GitLab Websites and Services involves the processing of Personal Data from Japan, GitLab will transfer Personal Data originating in Japan to both its EEA and non-EEA affiliates, such as GitLab Inc. in the United States. To make this transfer, GitLab relies on the Japan Personal Information Protection Commission’s adequacy decisions about the Personal Data protection system of the EEA and the United Kingdom, or the transfer will be made in accordance with our intra-company data transfer agreements that provide for obligations equivalent to those as stated under the APPIJ.
GitLab Inc. complies with the EU-U.S. DPF, the UK Extension to the EU-U.S. DPF, and the Swiss-U.S. DPF as set forth by the U.S. Department of Commerce. GitLab has certified to the U.S. Department of Commerce that it adheres to the Data Privacy Framework Principles (""DPF Principles"") with regard to the processing of Personal Data received from the European Union in reliance on the EU-U.S. DPF, from the United Kingdom (and Gibraltar) in reliance on the UK Extension to the EU-U.S. DPF, and from Switzerland in reliance on the Swiss-U.S. DPF.
We work hard to protect your Personal Data. We employ administrative, technical, and physical security controls where appropriate, to protect your information from unauthorized access or destruction. For more information on our security practices please see: Technical and Organizational Security Measures for GitLab.com.
Except to host the Services, GitLab does not process Personal Data in private groups or projects unless the following situations arise: to maintain security or to remediate a security incident; to scan for malware and vulnerabilities that violate the Website Terms of Use; to comply with our legal obligations; to ensure the availability of the Services; to provide support to a repository owner upon request; or on the basis of your consent.
In order to protect your Personal Data, GitLab will only retain your Personal Data for as long as your account is active or as needed to perform our contractual obligations, provide you the Services, comply with legal obligations, resolve disputes, preserve legal rights, or enforce our agreements.
GitLab reserves the right to delete inactive accounts, projects, namespaces, and associated content. GitLab may deem an account, project, or namespace inactive based on various criteria, including, but not limited to, the account creation date, the last time there was a valid log-in, and the date of the last contribution. If we plan to delete your account or projects, we will provide advance notice by sending a message to the email address registered to your account. GitLab encourages you to utilize your account on occasion to avoid the risk of being deemed inactive. GitLab may also delete inactive or weak SSH keys to help keep your account safe. If you use GitLab’s chatbot feature on our Websites, a transcript of your live chat will be retained for 12 months.
You have the right to access, correct, restrict or delete your Personal Data, and to port your Personal Data to another company. While these rights may vary by jurisdiction, GitLab provides you with the same rights and choices, no matter where you live. We provide these rights free of charge. GitLab reserves the right to decline data subject rights requests that are manifestly unfounded, repetitive, or abusive in nature, or where fulfilling the request would conflict with GitLab's legitimate interests in enforcing its terms, policies, or legal rights, including where an account has been suspended or terminated for violation of our terms or other applicable policies.
You may exercise your choices and rights as follows:
To opt-out of marketing communications: You may opt-out of email marketing by clicking the “unsubscribe” link located at the bottom of any marketing email you receive or by visiting our preference center and unsubscribing. You may opt-out of telemarketing by asking our call agent to place you on our Do-Not-Call list or by visiting our preference center and unsubscribing. You may opt-out of messenger application communications, such as WhatsApp, by making a request through an in-app message or visiting our preference center and unsubscribing from telemarketing. You may continue to receive transactional email messages about your account and the Service after you have unsubscribed.
To opt-out of Interest-based advertising: If you wish to opt-out of interest-based advertising, please visit the Cookies Policy to see your options.
Request a copy of your information: You may request a copy of the Personal Data that GitLab has about you.
Update your information: If you already have an account, you may access, update, or alter your user profile information by logging into your account and updating profile settings.
To delete your account: If you only want to delete your SaaS account, you may do so by logging into your account and going to the “Delete Account” option in your User Settings. If your intention is to delete your Personal Data across all systems, including your account, you need to Make a Privacy Request and select ""Delete my personal data."" However, if your account is under a paid subscription, we may not be able to delete your account since doing so would prevent us from performing our contract with you to provide the Services.
Be advised that if you allow your repository to be forked or cloned by making it public or by providing specific authorization, such repositories will fall outside the scope of your request for deletion. GitLab does not have the visibility into or the ability to delete your Personal Data across all forked or cloned repositories nor can we make such a communication to all third-parties on your behalf. As such, you must make your request to delete such repositories directly to those third-parties that you allowed to fork or clone your data.
Please note that due to the open source nature of our Services, we may retain limited Personal Data indefinitely in order to provide a transactional history. For example, if you provide your information in connection with a blog post or comment, we may display that information even if you have deleted your account as we do not automatically delete community posts. Also, if you contribute to a public project (not owned by GitLab), and you provide your Personal Data in connection with that contribution, your Personal Data will be embedded and publicly displayed with your contribution, and we will not be able to delete or erase it because doing so would break the project.
One exception to embedded information in a public project occurs when your Personal Data is added by you or someone else to the comments section of a public project. In such a case, your Personal Data will be redacted since removing this information from only the comments section will not break the project.
If you contribute to a GitLab owned project by commenting in, or creating an issue or merge request and you provide your Personal Data in connection with that contribution, your Personal Data associated with your contribution will be deleted and attributed to a ghost user. However, please note that if the content of the contribution contains Personal Data, this information would remain and you will need to submit a specific request to have this information deleted.
Enterprise user data subject requests: For Enterprise Users or accounts that are members of a paid namespace, the enterprise that provisioned your account or invited you to its paid namespace is the Controller of your data. GitLab is a Processor in this scenario and we cannot action your request without the written approval of the administrator of the paid namespace to which you were an Enterprise User or member.
If you submit a data subject request and your account is tied to an enterprise that has entered into a commercial relationship with GitLab, you will be notified and instructed to ask your administrator to remove your account from that paid namespace. Next, your enterprise will need to provide GitLab with written approval of your request before we can proceed.
To port your projects: You may port your projects by either using the Export functionality provided within the SaaS product which will also include all metadata, or by cloning your repositories. To port your profile information, you may use the API.
To inform your Supervisory Authority: In the unlikely event you disagree with our handling of your request, you have the right to file a complaint with the competent supervisory authority in your jurisdiction, such as the Autoriteit Persoonsgegevens (+31)-(0)70 - 8888 500 in the Netherlands.
Appeals: If you are located in a state or country where you are granted the right to appeal GitLab's resolution of a data subject rights request, we will provide the specific information on how to appeal in our initial resolution letter to your request.
This Privacy Statement applies to residents of all US States, including those with State specific privacy laws. However, if you are a California resident or reside in a US State that requires supplemental privacy disclosures regarding privacy rights and collection practices, please visit our U.S. State Privacy Rights Disclosures page to find this supplemental information.
GitLab may change its Privacy Statement from time to time. When we do, we will update the date at the top of this Statement. If we decide to make a significant change to our Privacy Statement, we will post a notice of the update on the homepage of our Website. We may also provide notification via email of any material changes to our Privacy Statement.
Your information is controlled by GitLab B.V. and GitLab Inc. If you have questions or concerns about the way we are handling your Personal Data, please email our privacy office with the subject line ""Privacy Concern"" at [email protected]. Our addresses are the following:",2026-08-19,privacy,privacy page for GitLab; 35888 characters of main content; served from cache; text via trafilatura,200,True,True,True,23,546ec4fbc071feab6a2ec0822daa64cbf906728456c22f97659f7dcffe7711e3,trafilatura,"integrations_api, privacy_data_handling, support_documentation"
GitLab,https://docs.gitlab.com/,docs,GitLab Docs,"GitLab Docs Find GitLab answers fast Get started CI/CD reference SSH keys Personal access tokens Common Git commands Use GitLab Get to know the GitLab end-to-end workflow. Learn GitLab with tutorials Help learn key GitLab workflows by following guided instructions. Subscribe to GitLab Choose and manage the subscription that's right for you and your organization. GitLab Duo Get help from a suite of AI-native features while you work in GitLab. Administer GitLab Learn how to install, configure, update, and maintain your GitLab instance. Extend with GitLab Connect GitLab to your tools and workflows to build a customized development environment. Solutions architecture Use these reference solutions to integrate GitLab with your people, process, and technology. Contribute to development Learn how to contribute to the development of the GitLab product. GitLab release notes GitLab release announcements and feature highlights. Get started with GitLab If you’re new to GitLab, get started learning about how GitLab works. Get started with Git Work with the Git version control system. Get started with the GitLab Duo Agent Platform Use AI-native features throughout your development lifecycle. Get started organizing work with projects Configure projects to suit your organization. Get started planning work Plan and execute on work. Get started managing code Build, track, and deliver the code for your project. Get started with GitLab CI/CD Build and test your application. Get started securing your application Test your application and resolve vulnerabilities. Get started deploying and releasing your application Deploy and manage dependencies. Get started managing your infrastructure Employ best practices for managing your infrastructure. Get started with monitoring your application in GitLab Monitor your app and respond to incidents. Get started extending GitLab Interact programmatically with GitLab. Reference architectures Scale your GitLab installation by using the recommended configurations. 1,000 users 2,000 users 3,000 users 5,000 users 10,000 users 25,000 users 50,000 users Install GitLab Self-Managed You've got options. See them all Install on Linux The Linux package includes services and tools to install GitLab without laborious configuration. Use the Linux package Install on Kubernetes If you're using cluster management, we recommend the Helm chart or the Operator for installing cloud-native GitLab. Use the Helm chart Use the Operator Install with Docker GitLab maintains a set of official Docker images based on the Linux package. Self-compile If the Linux package isn't available for your distribution, you can self-compile GitLab. Install from cloud provider Install directly from platforms like AWS, Azure, and GCP.",2026-08-19,docs,docs page for GitLab; 2754 characters of main content; served from cache; text via visible-text (trafilatura returned only 715 chars from a 2754-char page),200,True,True,True,20,1c433d6e897c0436106caf2e4c1c5261522678b43814519c89276f7fc258bbcd,visible-text (trafilatura returned only 715 chars from a 2754-char page),
GitLab,https://status.gitlab.com/,status,GitLab System Status,"GitLab System Status SUBSCRIBE SUBSCRIBE All Systems Operational Updated a few seconds ago Updated a few seconds ago This status page is exclusively intended for monitoring GitLab.com and its associated services. If there are any performance or service interruptions, an update will be posted here. If you are experiencing an issue that is not related to an active GitLab.com incident, or if you are encountering service interruptions on GitLab Dedicated, please submit a request via https://support.gitlab.com. Website Google Compute Engine Operational API Google Compute Engine Operational Git Operations Google Compute Engine Operational Package Registry Google Compute Engine Operational Container Registry Google Compute Engine Operational GitLab Pages Google Compute Engine Operational CI/CD Google Compute Engine Operational CI/CD - Hosted runners on Linux Google Compute Engine Operational CI/CD - Hosted runners on Windows Google Compute Engine Operational CI/CD - Hosted runners on macOS Google Compute Engine AWS Operational CI/CD - Hosted runners for GitLab community contributions Google Compute Engine Operational CI/CD - Self-managed runners Self-Managed Runner Connectivity Operational SAML SSO - GitLab SaaS Google Compute Engine Operational Background Processing Google Compute Engine Operational GitLab Customers Portal Google Compute Engine Operational Support Services Zendesk Operational packages.gitlab.com AWS Operational version.gitlab.com AWS Operational forum.gitlab.com Digital Ocean Operational docs.gitlab.com Google Compute Engine Operational Canary Google Compute Engine Operational GitLab Duo Google Compute Engine Operational GitLab agent server for Kubernetes Google Compute Engine Operational Status History Subscribe to receive status updates by email Close Subscribe Manage Subscription Manage Existing Subscription Create New Subscription Subscribe to receive status updates by webhook Each status update will POST a JSON payload to this URL Email address for managing webhook Close Subscribe Manage Subscription Manage Existing Subscription Create New Subscription Subscribe to receive status updates in Microsoft Teams Enter your Microsoft Teams webhook. View Instructions Email address for managing subscription Close Subscribe Manage Subscription Manage Existing Subscription Create New Subscription Subscribe to receive status updates via RSS RSS Feed Close Follow our status updates on Twitter/X @gitlabstatus Close Subscribe to receive status updates in Slack Slack channel ID Find the channel ID: Select the channel in your Slack workspace. The channel ID is displayed in the browser URL. Example: https://app.slack.com/client/T04SJBK1C/ C03SKGJ1P Email address Close Manage Subscription Manage Existing Subscription Create New Subscription Subscribe to receive status updates via iCalendar iCalendar Feed Close",2026-08-19,status,status page for GitLab; 2858 characters of main content; served from cache; text via visible-text (trafilatura returned only 489 chars from a 2858-char page),200,True,True,True,8,f5d9cd427ef9ae1f4bf02faddceb3bb0b5c528e28ca79118cffb8f8792278a42,visible-text (trafilatura returned only 489 chars from a 2858-char page),integrations_api
GitLab,https://about.gitlab.com/terms,terms,GitLab Terms of Use,"GitLab Terms of Use
The CURRENT TERMS OF USE (unless otherwise stated in the Table below) shall apply to (1) Customers solely using Free Software and (2) net-new and renewal purchases made on, or after, January 12, 2026. If you received an Order Form / Quote, or purchased, prior to January 12, 2026, please see the Agreement History below for the terms applicable to your purchase and/or use of GitLab software. Any GitLab Subscription purchased prior to January 12, 2026 including upgrades and additional Users purchased for that Subscription, will be governed by the Agreement in effect as of the Subscription purchase date.
Current Terms of Use
| Type of Use / Activity | Applicable Agreement | 
|---|---|
| Use of any GitLab Software Offering, including Free tier | Subscription Agreement | 
| Additional Terms: Use of any GitLab Professional Services Use of any AI Functionality Use of any experimental or beta feature Agile Planning Terms EU Data Act Supplemental Terms | Professional Services Terms GitLab Duo AI Terms  (formerly known as AI Functionality Terms) Testing Agreement Agile Planning Terms EU Data Act Supplemental Terms | 
| Privacy Statement | GitLab Privacy Statement | 
| GitLab Processing Personal Data from an Enterprise | GitLab Data Processing Addendum and Standard Contractual Clauses | 
| Request Removal of Content / Data | DMCA Notice and Take Down | 
| Use of GitLab's Website(s) | Website Terms of Use | 
| Cookies & Visiting the Website | GitLab Cookie Policy | 
| External Contributions to the GitLab Blog | External Blog Submissions Terms | 
| Use of any GitLab services, including Software, AI Functionality, Website(s), etc. | Acceptable Use Policy | 
| Using GitLab's publicly-available APIs | GitLab API Terms of Use | 
| Partner Program | To enroll please visit the GitLab Partner Program Portal | 
| GitLab Reseller / Referral Partner | Master Partner Agreement | 
| GitLab Integration Agreement | Technology Partner Agreement | 
| GitLab for Education Program* | GitLab for Education Program Agreement | 
| GitLab for Open Source Program** | GitLab for Open Source Program Agreement | 
Agreement History
GitLab, including GitLab Legal, is committed to transparency as part of its’ values, as such we provide previous versions of our Agreements.
| Legacy Agreement and Applicable Dates | Agreement Location | 
|---|---|
| Privacy Statement (March 19, 2024 - April 22, 2026) | Legacy Privacy Statement V2 | 
| Privacy Statement (June 10, 2022 - March 18, 2024) | Legacy Privacy Statement V1 | 
| Data Processing Addendum and Standard Contractual Clauses (May 20, 2024 - April 30, 2026) | Legacy Data Processing Addendum and Standard Contractual Clauses | 
| Subscription Agreement (November 12, 2025 - January 11, 2026) | Legacy Subscription Agreement V7 | 
| Subscription Agreement (August 30, 2024 - November 12, 2025) | Legacy Subscription Agreement V6 | 
| Subscription Agreement (August 14, 2023 - August 29, 2024) | Legacy Subscription Agreement V5 | 
| Subscription Agreement (September 07, 2022 - August 13, 2023) | Legacy Subscription Agreement V4 | 
| Subscription Agreement (August 1, 2021 - September 06, 2022) | Legacy Subscription Agreement V3 | 
| Subscription Agreement (February 1, 2021 - July 31, 2021) | Legacy Subscription Agreement V2 | 
| Subscription Agreement (January 1, 2015 - January 31, 2021) | Legacy Subscription Agreement V1 | 
| Professional Services Agreement (August 30, 2024 - March 5, 2025) | Legacy Professional Services Agreement V3 | 
| Professional Services Agreement (November 1, 2021 - August 29, 2024) | Legacy Professional Services Agreement V2 | 
| Professional Services Agreement (January 1, 2015 - October 31, 2021) | Legacy Professional Services Agreement V1 | 
| GitLab for Open Source Program Agreement (February 24, 2021 - August 19, 2022) | Legacy GitLab for Open Source Program Agreement V1 | 
| Testing Agreement (February 28, 2025 - May 19, 2026) | Legacy GitLab Testing Agreement V5 | 
| Testing Agreement (August 30, 2024 - February 28, 2025) | Legacy GitLab Testing Agreement V4 | 
| Testing Agreement (June 30, 2023 - August 29, 2024) | Legacy GitLab Testing Agreement V3 | 
| Testing Agreement (May 19, 2023 - June 29, 2023) | Legacy GitLab Testing Agreement V2 | 
| Testing Agreement (April 10, 2023 - May 18, 2023) | Legacy GitLab Testing Agreement V1 | 
| AI Functionality Terms (April 1, 2025 - November 12, 2025) | Legacy AI Functionality Terms V4 | 
| AI Functionality Terms (August 30, 2024 - March 31, 2025) | Legacy AI Functionality Terms V3 | 
| AI Functionality Terms (November 1, 2023 - August 29, 2024) | Legacy AI Functionality Terms V2 | 
| AI Functionality Terms (August 14, 2023 - October 31, 2023) | Legacy AI Functionality Terms V1 | 
| Agile Planning Terms (October 17, 2023 - August 29, 2024) | Legacy Agile Planning Terms V1 | 
| Master Partner Agreement (May 16, 2023 - August 28, 2025) | Legacy Master Partner Agreement V1 | 
| Technology Partner Agreement (February 1, 2022 - March 30, 2026) | Legacy Technology Partner Agreement V1 |",2026-08-19,terms,terms page for GitLab; 5061 characters of main content; served from cache; text via trafilatura,200,True,True,True,3,dedd54c8fbc37fd7a0904600fffa09aefa1d79d5a639f2b7a1c9ce38efbb3ea1,trafilatura,
Linear,https://linear.app/,product,Linear – The system for product development,"Linear – The system for product development Skip to content → The product development system for teams and agents The product development system for teams and agents The product development system for teams and agents Purpose-built for planning and building products. Designed for the AI era. New Coding Sessions → New Coding Sessions → Faster app launch 02 / 145 Faster app launch Render UI before vehicle_state sync when minimum required state is present, instead of blocking on full refresh during iOS startup. Activity Linear created the issue via Slack on behalf of karri · 2min ago Triage Intelligence added the label Performance and iOS · 2min ago karri · 4 min ago Right now we show a spinner forever, which makes it look like the car disappeared... jori · just now @Linear can you take a stab at this? Linear connected by jori · 2 min ago Changed 2 files Draft PR awaiting your review · 2 min ago Linear moved from Todo to In Progress · just now Linear Opus 5 jori connected Linear to ENG-2703 Examining the startup path... Thinking... ENG-2703 In Progress High jori Linear Labels Performance iOS Cycle Cycle 144 Project Core Performance A new species of product tool. Purpose-built for modern teams with AI workflows at its core, Linear sets a new standard for planning and building products. Purpose-built Linear is shaped by the practices and principles of world-class product teams. Powered by agents Designed for workflows shared by humans and agents. From drafting PRDs to pushing PRs. Designed for speed Reduces noise and restores momentum to help teams ship with high velocity and focus. FIG 0.2 Purpose-built Linear is shaped by the practices and principles of world-class product teams. FIG 0.3 Powered by agents Designed for workflows shared by humans and agents. From drafting PRDs to pushing PRs. Designed for workflows shared by humans and agents. From drafting PRDs to pushing PRs. FIG 0.4 Designed for speed Reduces noise and restores momentum to help teams ship with high velocity and focus. Make product operations self-driving Turn conversations and customer feedback into actionable issues that are routed, labeled, and prioritized for the right team. 1.0 Intake → Backlog 8 ENG-2085 Reduce UI flicker during autonomy... ENG-2094 Add buffering for autonomy event streams ENG-2092 Reduce startup delay caused by vehicle sync ENG-2200 Fix delayed route updates during rerouting Todo 71 ENG-926 Remove UI inconsistencies Bug Design ENG-2088 TypeError: Cannot read properties Bug ENG-924 Upgrade to Claude Opus 4.8 AI ENG-1882 Optimize load times Performance In Progress 3 ENG-1487 Remove contentData from GraphQL API 61039 MKT-1028 Launch page assets Design ENG-2187 Prevent duplicate ride requests on poor... Bug 62048 Done 53 ENG-2074 Clean up deprecated APIs... API 61002 ENG-1912 Reduce latency in autonomy st... 61005 ENG-1951 Reduce ETA fluctuations durin... 61202 ENG-1960 Improve fallback messaging UI 61149 ENG-1991 Improve rider visibility into veh... Thread in #feedback didier Has anyone been looking into the iOS startup performance issues? lena Anyone else noticing the iOS app feels slow to open if you haven't used it in a bit? didier Yea, we're still blocking initial render on a full vehicle_state sync every time... andreas Feels like we could render sooner and load the rest in the background. Probably also worth tracking startup timing so we know how often this happens! @Linear create issues urgent issues and assign to me 1 . 1 Linear Agent + 1 . 2 Triage + 1 . 3 Customer Requests + 1 . 4 Linear Asks + Define the product direction Plan and navigate from idea to launch. Align your team with product initiatives, strategic roadmaps, and clear, up-to-date PRDs. 2.0 Plan → FEB MAR APR MAY JUN JUL AUG SEP 2 9 16 23 2 9 16 23 30 6 13 20 27 4 11 18 25 1 8 15 22 29 6 13 20 27 3 10 17 24 31 7 14 21 28 UI Refresh Core screens Polish Split fares Internal Public Beta Autonomy status clarity Alpha GA Initiatives Core Product 99 Infra stability 28 Autonomous systems 16 Mobile apps 8 APAC Expansion 21 Japan Launch 12 Customer-driven priorities 9 2 . 1 Projects + 2 . 2 Documents + 2 . 3 Initiatives + 2 . 4 Visual planning + Move work forward across teams and agents Build and deploy AI agents that work alongside your team. Work on complex tasks together or delegate entire issues end-to-end. 3.0 Build → Codex On it! I've received your request. Kicked off a task in kinetic/kinetic-iOS environment. Searching for root AGENTS file kinetic/kinetic-iOS$ /bin/bash -lc rg --files -g 'AGENTS.md' AGENTS.md Locating initialization logic for vehicle_state Thought for 5s Agents Command Menu No results found. Codex Agent Steven Ema GitHub Copilot Agent Cursor Agent Meg 3 . 1 Issues + 3 . 2 Agents + 3 . 3 Linear MCP + 3 . 4 Git automations + 3 . 5 Cycles + Review PRs and agent output Understand code changes at a glance with structural diffs for human and agent output. Review, discuss, and merge — all within Linear. 4.0 Diffs → kinetic-ios/src/screens/Home/HomeScreen.tsx kinetic-ios/src/HomeScreen.tsx Linear import React from ' react ' import { View , ActivityIndicator } from ' react-native ' import { useVehicleState } from ' @hooks/useVehicleState ' import { Dashboard } from ' @components/Dashboard ' export const HomeScreen = () => { const { vehicleState , isFullySynced } = useVehicleState () if ( ! isFullySynced ) { return < ActivityIndicator size = "" large "" /> } return ( < View > < Dashboard state = { vehicleState } /> </ View > ) } import React from ' react ' import { View , ActivityIndicator } from ' react-native ' import { useVehicleState , SyncStatus } from ' @hooks/useVehicleState ' import { Dashboard } from ' @components/Dashboard ' export const HomeScreen = () => { const { vehicleState , syncStatus } = useVehicleState () if ( syncStatus === SyncStatus . PENDING ) { return < ActivityIndicator size = "" large "" /> } return ( < View > < Dashboard state = { vehicleState } syncStatus = { syncStatus } /> </ View > ) } import React from 'react' import { View, ActivityIndicator } from 'react-native' import { useVehicleState, SyncStatus } from '@hooks/useVehicleState' import { Dashboard } from '@components/Dashboard' export const HomeScreen = () => { const { vehicleState, syncStatus } = useVehicleState() if (syncStatus === SyncStatus.PENDING) { return <ActivityIndicator size=""large"" /> } return ( <View> <Dashboard state={vehicleState} syncStatus={syncStatus} /> </View> ) } export const CodeReview = () => { < Diff.Provider > < Slow /> < Fragmented /> < HumanOnly /> < Frictionless /> < Integrated /> < AgentReady /> </ Diff.Provider > }; Understand progress at scale Take the guesswork out of product development with project updates, analytics, and dashboards that surface what needs your attention. 5.0 Monitor → Issue count by created date 18 16 14 12 10 8 6 4 2 0 Feb 2025 May 2025 Aug 2025 Nov 2025 Cycle time by agent Cursor Codex No Agent Weekly Pulse for Aug 12 Listen 1.0× Projects UI refresh At risk By romain · 1 day ago iOS implementation is mostly complete, but Android updates are still work in progress Risk of timeline slip if remaining design decisions aren’t finalized soon Tokyo launch On track By julian · 3 hours ago Localization efforts have been completed Everything else on track for launch in early September 5 . 1 Pulse + 5 . 2 Insights + 5 . 3 Dashboards + Changelog Coding sessions on mobile Your coding session doesn’t have to stop when you leave your desk. Use the Linear mobile app to review code changes, comment on specific lines, and iterate with Linear Agent. Jul 30, 2026 Agent-assisted text editing Documents and project descriptions are critical context for your teams and agents. Jul 22, 2026 Loops Loops are a new way for Linear Agent to take on recurring work for your team. Jul 16, 2026 Initiative properties Initiatives define your company's high-level goals and organize the projects that contribute to them. To help you manage initiatives as your roadmap grows, we've added a new set of focused initiative properties: Jun 30, 2026 View all → You’ll probably build a better product, just because of the craft that using Linear infuses on your brain. Gabriel Peal OpenAI Our speed is intense and Linear helps us be action biased. Nik Koblov Ramp Linear is excellent, just excellent. It has the right opinions for fast moving teams. Kaz Nejatian Opendoor You’ll probably build a better product, just because of the craft that using Linear infuses on your brain. Gabriel Peal Staff Software Engineer, OpenAI Our speed is intense and Linear helps us be action biased. Nik Koblov Head of Engineering, Ramp Linear powers over 40,000 product teams. From ambitious startups to major enterprises. Customer stories → Built for the future. Available today. Get started Contact sales Open app Download",2026-08-13,product,product page for Linear; 8808 characters of main content; served from cache; text via visible-text (trafilatura kept only 13% of the page),200,True,True,True,11,788d89ebcaa1de6cfef36e7daed180969584566d54246755595eb0d0800ea732,visible-text (trafilatura kept only 13% of the page),
Linear,https://linear.app/pricing,pricing,Pricing – Linear,"Pricing
Free
$0
Free for everyone
- Unlimited members
- 2 teams
- 250 issues
- Agent platform
- Linear Agent
Basic
$10 per user/month
- All Free features +
- 5 teams
- Unlimited issues
- Unlimited file uploads
- Admin roles
Business
$16 per user/month
- All Basic features +
- Unlimited teams
- Private teams and guests
- Triage Intelligence
- Loops
- Code Intelligence (beta)
- Linear Insights
- Linear Asks
- Zendesk and Intercom integrations
Enterprise
Custom
Annual billing only
- All Business features +
- Invoice/PO billing
- SAML and SCIM
- Granular admin controls
- Enterprise-grade security
- Advanced org modeling
- Migration & onboarding support
- Priority support
- Account management
Trusted by more than 40,000 companies
Members
Unlimited 	
Unlimited 	
Unlimited 	
Unlimited 	
File upload
10MB 	
Unlimited 	
Unlimited 	
Unlimited 	
Issues
250 	issues
Unlimited 	
Unlimited 	
Unlimited 	
Teams
2 	teams
5 	teams
Unlimited 	
Unlimited 	
Core
Issues, projects, cycles, initiatives
Customer requests
API and webhook access
Import and export
Triage
Pulse
Issue sync
Diffs
Guided reviews
Issue SLAs
Triage responsibility
Triage rules
Releases
15 pipelines 	
Unlimited 	
Sub-initiatives
AI and agent workflows
Agent platform
MCP access
Linear Agent
Coding sessions**
Loops**
Code IntelligenceBeta
Triage Intelligence
Integrations
Integrations
Microsoft Teams integration
Multiple tenants 	
Support integrations
Salesforce integrationAdd-on
Team management
Sub-teams
1 level 	
5 levels 	
Private teams
Guest accounts
Analytics & Reporting
Progress reports
Insights
Dashboards
Data warehouse sync
Linear Asks
Slack intake
Email intake
Web forms
Multiple Slack workspaces
Private Slack channels
Per-channel configurations
Security
SSO
Google 	
Google 	
Google 	
Google + SAML 	
Admin roles
Team owners
Advanced authentication
SCIM provisioning
IP restrictions
Domain claiming
Audit log
Third-party app management
HIPAA compliance
Support
Priority support
Account manager
Custom terms
Uptime SLA
** Requires AI creditsView docs",2026-08-13,pricing,pricing page for Linear; 2030 characters of main content; served from cache; text via trafilatura,200,True,True,True,6,20d4b105851bb9a1aa0df42e522cd261cc90c8477005080b28537035e36e7018,trafilatura,"integrations_api, pricing_availability, security_trust"
Linear,https://linear.app/security,security,Security – Linear,"Security
Safe, secure, and private.
Everything in Linear is designed to keep your work safe and secure. Because your business is nobody else’s business.
Enterprise-grade security
Peace of mind-as-a-service. Linear is built with best-in-class security practices to keep your work safe and secure at every layer. This includes state-of-the-art encryption, safe and reliable infrastructure partners, and independently verified security controls.
SOC 2 compliance
Linear undergoes regular Service Organization Controls audits (SOC 2 Type II). Request SOC 2 →
GDPR compliance
Committed to compliance with Europe’s General Data Protection Regulation (GDPR).
HIPAA compliance
Privacy and security measures to ensure that Protected Health Information (PHI) is appropriately safeguarded. Request BAA →
ISO 27001 certified
Linear has achieved ISO/IEC 27001:2022 certification for its information security management system. Request ISO →
App approvals
Control which third-party applications have access to your Linear workspace.
Audit logs
Audit logs automatically keep track of important workspace events over the last 3 months.
Admin controls
Restrict access to system-level privileges.
Identity management
Keep an eye on your work. And keep other eyes out. Linear offers multiple ways to login as well as options to restrict login methods for added security.
Single sign-on (SSO)
Authenticate into Linear using Google SSO or login via email with email codes.
Passkeys
Secure and fast login without having to rely on passwords.
SAML
Linear offers SAML via most identity providers (Okta, OneLogin, LastPass, Auth0, Bitium, and more).
SCIM
Provision and deprovision users in Linear through your identity provider.
Domain claiming
Add an extra layer of security and keep your teammates in the right workspace.
Login restrictions
Restrict login to specific methods for added security (Google SSO or email logins).
IP restrictions
Restrict workspace access to your private network.
Privacy
Designed to protect your work.
Privacy first, second, and third. Choose what to share and with whom.
Private teams
Create private teams for work that should only be accessed by certain workspace members.
Guest accounts
Invite contractors, external stakeholders, or other members with limited workspace access.
Data encryption
Linear forces HTTPS on all connections and encrypts data in-transit with TLS 1.2. All data at-rest is secured using AES 256-bit encryption.
Multi-region hosting
Choose to store your data in the European Union or the United States when creating a Linear workspace.
Trusted by more than 40,000 product teams around the globe
Meet our customers",2026-08-13,"security, human-verified",security page for Linear; 2644 characters of main content; served from cache; text via trafilatura,200,True,True,True,23,ae01d33535b2514b2a61be071c63d7897c7373a5d54864a96efec7c29fc545e0,trafilatura,"data_residency, security_trust"
Linear,https://linear.app/privacy,privacy,Privacy Policy,"Privacy Policy
Effective date: March 17, 2025
At Linear Orbit (“Linear”), we take your privacy seriously. Please read this Privacy Policy to learn how we treat your personal data. By using or accessing our Services in any manner, you acknowledge that you accept the practices and policies outlined below, and you hereby consent that we will collect, use and share your information as described in this Privacy Policy.
Remember that your use of Linear’s Services is at all times subject to our Terms of Service. Any terms we use in this Policy without defining them have the definitions given to them in the Terms of Service.
If you have a disability, you may access this Privacy Policy in an alternative format by contacting hello@linear.app.
What this Privacy Policy Covers
This Privacy Policy covers how we treat Personal Data that we gather when you access or use our Services. “Personal Data” means any information that identifies or relates to a particular individual and also includes information referred to as “personally identifiable information” or “personal information” under applicable data privacy laws, rules or regulations. This Privacy Policy does not cover the practices of companies we don’t own or control or people we don’t manage.
Personal Data
Categories of Personal Data We Collect
This list details the categories of Personal Data that we collect and have collected over the past 12 months:
Profile or Contact Data
- Examples of Personal Data We Collect
  - First and last name
  - Date of birth
  - Physical address
  - Unique identifiers such as passwords
- Categories of Third Parties With Whom We Share this Personal Data
  - Service Providers
  - Parties You Authorize, Access or Authenticate
Payment Data
- Examples of Personal Data We Collect
  - Payment card type
  - Last 4 digits of payment card
  - Billing address, phone number, and email
- Categories of Third Parties With Whom We Share this Personal Data
  - Service Providers (specifically our payment processing partner)
Device/IP Data
- Examples of Personal Data We Collect
  - IP address
  - Device ID
  - Domain server
  - Type of device/operating system/browser used to access the Services
- Categories of Third Parties With Whom We Share this Personal Data
  - Service Providers
  - Parties You Authorize, Access or Authenticate
Web Analytics
- Examples of Personal Data We Collect
  - Web page interactions
  - Referring webpage/source through which you accessed the Services
  - Non-identifiable request IDs
  - Statistics associated with the interaction between device or browser and the Services
- Categories of Third Parties With Whom We Share this Personal Data
  - Service Providers
  - Parties You Authorize, Access or Authenticate
- Examples of Personal Data We Collect
  - Phone number
  - User name
  - IP address
  - Device ID
- Categories of Third Parties With Whom We Share this Personal Data
  - Service Providers
  - Parties You Authorize, Access or Authenticate
Other Identifying Information that You Voluntarily Choose to Provide
- Examples of Personal Data We Collect
  - Identifying information in emails or letters you send us
- Categories of Third Parties With Whom We Share this Personal Data
  - Service Providers
  - Business Partners
  - Parties You Authorize, Access or Authenticate
Categories of Sources of Personal Data
We collect Personal Data about you from the following categories of sources:
- You
  - When you provide such information directly to us.
    - When you create an account or use our interactive tools and Services.
    - When you voluntarily provide information in free-form text boxes through the Services or through responses to surveys or questionnaires.
    - When you send us an email or otherwise contact us.
  - When you use the Services and such information is collected automatically.
    - Through Cookies (as defined and described further below).
    - If you download our mobile application or use a location-enabled browser, we may receive information about your location and mobile device, as applicable.
    - If you download and install certain applications and software we make available, we may receive and collect information transmitted from your computing device for the purpose of providing you the relevant Services, such as information regarding when you are logged on and available to receive updates or alert notices.
- When you provide such information directly to us.
- Third Parties
  - Vendors
    - We may use analytics providers to analyze how you interact and engage with the Services, or third parties may help us provide you with customer support.
  - We may use analytics providers to analyze how you interact and engage with the Services, or third parties may help us provide you with customer support.
- Vendors
Our Commercial or Business Purposes for Collecting Personal Data
- Providing, Customizing and Improving the Services
  - Creating and managing your account or other user profiles.
  - Processing orders or other transactions; billing.
  - Providing you with the products, services or information you request.
  - Meeting or fulfilling the reason you provided the information to us.
  - Providing support and assistance for the Services.
  - Improving the Services, including testing, research, internal analytics and product development.
  - Personalizing the Services, website content and communications based on your preferences.
  - Doing fraud protection, security and debugging.
  - Carrying out other business purposes stated when collecting your Personal Data or as otherwise set forth in applicable data privacy laws.
- Marketing the Services
  - Marketing and selling the Services.
- Corresponding with You
  - Responding to correspondence that we receive from you, contacting you when necessary or requested, and sending you information about Linear or the Services.
  - Sending emails and other communications according to your preferences or that display content that we think will interest you.
- Meeting Legal Requirements and Enforcing Legal Terms
  - Fulfilling our legal obligations under applicable law, regulation, court order or other legal process, such as preventing, detecting and investigating security incidents and potentially illegal or prohibited activities.
  - Protecting the rights, property or safety of you, Linear or another party.
  - Enforcing any agreements with you.
  - Responding to claims that any posting or other content violates third-party rights.
  - Resolving disputes.
We will not collect additional categories of Personal Data or use the Personal Data we collected for materially different, unrelated or incompatible purposes without providing you notice.
Tracking Tools and Opt-Out
The Services use cookies and similar technologies such as pixel tags, web beacons, clear GIFs and JavaScript (collectively, “Cookies”) to enable our servers to recognize your web browser, tell us how and when you visit and use our Services, analyze trends, learn about our user base and operate and improve our Services. Cookies are small pieces of data– usually text files – placed on your computer, tablet, phone or similar device when you use that device to access our Services. We may also supplement the information we collect from you with information received from third parties, including third parties that have placed their own Cookies on your device(s). Please note that because of our use of Cookies, the Services do not support “Do Not Track” requests sent from a browser at this time.
We use the following types of Cookies:
- Essential Cookies. Essential Cookies are required for providing you with features or services that you have requested. For example, certain Cookies enable you to log into secure areas of our Services. Disabling these Cookies may make certain features and services unavailable.
- Functional Cookies. Functional Cookies are used to record your choices and settings regarding our Services, maintain your preferences over time and recognize you when you return to our Services. These Cookies help us to personalize our content for you, greet you by name and remember your preferences (for example, your choice of language or region).
- Performance/Analytical Cookies. Performance/Analytical Cookies allow us to understand how visitors use our Services. They do this by collecting information about the number of visitors to the Services, what pages visitors view on our Services and how long visitors are viewing pages on the Services. Performance/Analytical Cookies also help us measure the performance of our advertising campaigns in order to help us improve our campaigns and the Services’ content for those who engage with our advertising.
You can decide whether or not to accept Cookies through your internet browser’s settings. Most browsers have an option for turning off the Cookie feature, which will prevent your browser from accepting new Cookies, as well as (depending on the sophistication of your browser software) allow you to decide on acceptance of each new Cookie in a variety of ways. You can also delete all Cookies that are already on your device. If you do this, however, you may have to manually adjust some preferences every time you visit our website and some of the Services and functionalities may not work.
To explore what Cookie settings are available to you, look in the “preferences” or “options” section of your browser’s menu. To find out more information about Cookies, including information about how to manage and delete Cookies, please visit allaboutcookies.org.
Data Security and Retention
We seek to protect your Personal Data from unauthorized access, use and disclosure using appropriate physical, technical, organizational and administrative security measures based on the type of Personal Data and how we are processing that data. You should also help protect your data by appropriately selecting and protecting your password and/or other sign-on mechanism; limiting access to your computer or device and browser; and signing off after you have finished accessing your account. Although we work to protect the security of your account and other data that we hold in our records, please be aware that no method of transmitting data over the internet or storing data is completely secure.
We retain Personal Data about you for as long as you have an open account with us or as otherwise necessary to provide you with our Services. In some cases we retain Personal Data for longer, if doing so is necessary to comply with our legal obligations, resolve disputes or collect fees owed, or is otherwise permitted or required by applicable law, rule or regulation. We may further retain information in an anonymous or aggregated form where that information would not identify you personally.
Personal Data of Children
As noted in the Terms of Use, we do not knowingly collect or solicit Personal Information from anyone under the age of 13. If you are under 13, please do not attempt to register for the Services or send any Personal Information about yourself to us. If we learn that we have collected Personal Information from a child under age 13, we will delete that information as quickly as possible. If you believe that a child under 13 may have provided us Personal Information, please contact us at hello@linear.app.
State Law Privacy Rights
California Resident Rights
Under California Civil Code Sections 1798.83-1798.84, California residents are entitled to contact us to prevent disclosure of Personal Data to third parties for such third parties’ direct marketing purposes; in order to submit such a request, please contact us at hello@linear.app.
Nevada Resident Rights
If you are a resident of Nevada, you have the right to opt-out of the sale of certain Personal Data to third parties who intend to license or sell that Personal Data. You can exercise this right by contacting us at hello@linear.app with the subject line “Nevada Do Not Sell Request” and providing us with your name and the email address associated with your account.
European Union Data Subject Rights
EU Residents
If you are a resident of the European Union (“EU”), United Kingdom, Lichtenstein, Norway or Iceland, you may have additional rights under the EU General Data Protection Regulation (the “GDPR”) with respect to your Personal Data, as outlined below.
For this section, we use the terms “Personal Data” and “processing” as they are defined in the GDPR, but “Personal Data” generally means information that can be used to individually identify a person, and “processing” generally covers actions that can be performed in connection with data such as collection, use, storage and disclosure. Linear will be the controller of your Personal Data processed in connection with the Services.
If there are any conflicts between this section and any other provision of this Privacy Policy, the policy or portion that is more protective of Personal Data shall control to the extent of such conflict. If you have any questions about this section or whether any of the following applies to you, please contact us at hello@linear.app. Note that we may also process Personal Data of our customers’ end users or employees in connection with our provision of certain services to customers, in which case we are the processor of Personal Data. If we are the processor of your Personal Data (i.e., not the controller), please contact the controller party in the first instance to address your rights with respect to such data.
Personal Data We Collect
The “Categories of Personal Data We Collect” section above details the Personal Data that we collect from you.
Personal Data Use and Processing Grounds
The “Our Commercial or Business Purposes for Collecting Personal Data” section above explains how we use your Personal Data.
We will only process your Personal Data if we have a lawful basis for doing so. Lawful bases for processing include consent, contractual necessity and our “legitimate interests” or the legitimate interest of others, as further described below.
- Contractual Necessity:  We process the following categories of Personal Data as a matter of “contractual necessity”, meaning that we need to process the data to perform under our Terms of Use with you, which enables us to provide you with the Services. When we process data due to contractual necessity, failure to provide such Personal Data will result in your inability to use some or all portions of the Services that require such data. Examples include:
  - Profile or Contact Data
  - Web Analytics or other similar network activity information
  - Payment Data.
  - Social Network Data.
  - Device Data.
  - Other Identifying Information that You Voluntarily Choose to Provide.
- Legitimate Interest:  We process the following categories of Personal Data when we believe it furthers the legitimate interest of us or third parties. We may also de-identify or anonymize Personal Data to further our legitimate interests. Examples of these legitimate interests include:
  - Providing, customizing and improving the Services.
  - Marketing the Services.
  - Corresponding with you.
  - Meeting legal requirements and enforcing legal terms.
  - Completing corporate transactions.
- Consent: In some cases, we process Personal Data based on the consent you expressly grant to us at the time we collect such data. When we process Personal Data based on your consent, it will be expressly indicated to you at the point and time of collection.
- Other Processing Grounds: From time to time we may also need to process Personal Data to comply with a legal obligation, if it is necessary to protect the vital interests of you or other data subjects, or if it is necessary for a task carried out in the public interest.
The “How We Share Your Personal Data” section above details how we share your Personal Data with third parties.
EU Data Subject Rights
You have certain rights with respect to your Personal Data, including those set forth below. For more information about these rights, or to submit a request, please email us at hello@linear.app.
Please note that in some circumstances, we may not be able to fully comply with your request, such as if it is frivolous or extremely impractical, if it jeopardizes the rights of others, or if it is not required by law, but in those circumstances, we will still respond to notify you of such a decision. In some cases, we may also need you to provide us with additional information, which may include Personal Data, if necessary to verify your identity and the nature of your request.
- Access: You can request more information about the Personal Data we hold about you and request a copy of such Personal Data. You can also access certain of your Personal Data by logging on to your account.
- Rectification: If you believe that any Personal Data we are holding about you is incorrect or incomplete, you can request that we correct or supplement such data. You can also correct some of this information directly by logging on to your account.
- Erasure: You can request that we erase some or all of your Personal Data from our systems.
- Withdrawal of Consent: If we are processing your Personal Data based on your consent (as indicated at the time of collection of such data), you have the right to withdraw your consent at any time. Please note, however, that if you exercise this right, you may have to then provide express consent on a case-by-case basis for the use or disclosure of certain of your Personal Data, if such use or disclosure is necessary to enable you to utilize some or all of our Services.
- Portability: You can ask for a copy of your Personal Data in a machine-readable format. You can also request that we transmit the data to another controller where technically feasible.
- Objection: You can contact us to let us know that you object to the further use or disclosure of your Personal Data for certain purposes, such as for direct marketing purposes.
- Restriction of Processing: You can ask us to restrict further processing of your Personal Data.
- Right to File Complaint: You have the right to lodge a complaint about Linear’s practices with respect to your Personal Data with the supervisory authority of your country or EU Member State. A list of Supervisory Authorities is available here: https://edpb.europa.eu/about-edpb/board/members_en.
Transfers of Personal Data
The Services are hosted and operated in the United States (“U.S.”) through Linear and its service providers, and if you do not reside in the U.S., laws in the U.S. may differ from the laws where you reside. By using the Services, you acknowledge that any Personal Data about you, regardless of whether provided by you or obtained from a third party, is being provided to Linear in the U.S. and will be hosted on U.S. servers, and you authorize Linear to transfer, store and process your information to and in the U.S., and possibly other countries. You hereby consent to the transfer of your data to the U.S. pursuant to: (i) a data processing agreement incorporating standard data protection clauses promulgated by the European Commission, a copy of which can be obtained at https://eur-lex.europa.eu/legal-content/EN/TXT/?uri=celex%3A32021D0914, (ii) binding corporate rules for data protection that align with the GDPR’s requirements, or (iii) adherence to an industry- or technology-specific approved code of conduct blessed by the European Commission.
Changes to this Privacy Policy
We’re constantly trying to improve our Services, so we may need to change this Privacy Policy from time to time, but we will alert you to any such changes by placing a notice on the Linear website, by sending you an email and/or by some other means. Please note that if you’ve opted not to receive legal notice emails from us (or you haven’t provided us with your email address), those legal notices will still govern your use of the Services, and you are still responsible for reading and understanding them. If you use the Services after any changes to the Privacy Policy have been posted, that means you agree to all of the changes. Use of information we collect is subject to the Privacy Policy in effect at the time such information is collected.
Contact Information
If you have any questions or comments about this Privacy Policy, the ways in which we collect and use your Personal Data or your choices and rights regarding such collection and use, please do not hesitate to contact us at:
Email: hello@linear.app
Address: 2261 Market St STE 10632 San Francisco, CA 94114",2026-08-13,privacy,privacy page for Linear; 20560 characters of main content; served from cache; text via trafilatura,200,True,True,True,30,97943ae22360709fb5b3cca0db8a5ea8517f6ef34dc72998949a6d5bdc3be198,trafilatura,privacy_data_handling
Linear,https://linear.app/docs,docs,Linear Docs,"Get an overview of Linear's features, integrations, and how to use them.
Learn how to use the app and follow best practices for software building
Quickly move issues from your existing issue tracker into Linear
Shape your product ideas and plan what to build next
Link issues and automate pull request workflows
Create new statuses and design custom issue workflows
Learn how to take actions on multiple issues at a time
Indicate blocked, blocking, related, and duplicate issues
Order, sort, and group issues and projects and customize views
Use a special inbox for issues from integrations and other teams
Break down larger tasks into smaller pieces of work
Learn how to manage notifications and stay up to date
Create teams in your workspace to organize different types of work functions",2026-08-13,docs,"docs page for Linear; 789 characters of main content; served from cache; text via trafilatura; NOT USABLE AS EVIDENCE - only 1034 readable characters and 16 heading blocks, almost certainly JavaScript-rendered",200,True,True,False,16,f2d316a2720b86ea15b9e8b3aebe0ebe56eca015227f38197ed5b0da8f127cfd,trafilatura,
Linear,https://status.linear.app/,status,Linear Status,"Some users are unable to start Codex sessions from Linear. We’re investigating and working with the integration provider to resolve the issue.
·",2026-08-13,status,status page for Linear; 144 characters of main content; served from cache; text via trafilatura,200,True,True,True,15,b7da543523bd3a947dccd818f571e5cc8836910a84804453226044db2c8605ca,trafilatura,"data_residency, integrations_api"
Linear,https://linear.app/terms,terms,Terms of Service,"Terms of Service
Effective date: June 09, 2026
THESE TERMS OF SERVICE (the “Agreement”) GOVERN CUSTOMER’S RECEIPT, ACCESS, TO AND USE OF THE SERVICE (AS DEFINED BELOW) PROVIDED BY LINEAR ORBIT, INC. (“Linear”). IN ACCEPTING THIS AGREEMENT BY (A) PURCHASING ACCESS TO THE SERVICE THROUGH AN ONLINE ORDERING PROCESS THAT REFERENCES THIS AGREEMENT, (B) SIGNING UP FOR A FREE ACCESS PLAN FOR THE SERVICE THROUGH A SCREEN THAT REFERENCES THIS AGREEMENT, OR (C) CLICKING A BOX INDICATING ACCEPTANCE, CUSTOMER AGREES TO BE BOUND BY ITS TERMS.
THE INDIVIDUAL ACCEPTING THIS AGREEMENT DOES SO ON BEHALF OF A COMPANY OR OTHER LEGAL ENTITY (“Customer”); SUCH INDIVIDUAL REPRESENTS AND WARRANTS THAT THEY HAVE THE AUTHORITY TO BIND SUCH ENTITY TO THIS AGREEMENT. IF THE INDIVIDUAL ACCEPTING THIS AGREEMENT DOES NOT HAVE SUCH AUTHORITY, OR THE APPLICABLE ENTITY DOES NOT AGREE WITH THESE TERMS AND CONDITIONS, SUCH INDIVIDUAL MUST NOT ACCEPT THIS AGREEMENT AND MAY NOT USE OR RECEIVE THE SERVICE. CAPITALIZED TERMS HAVE THE DEFINITIONS SET FORTH HEREIN. THE PARTIES AGREE AS FOLLOWS:
The Service
Service Description
Linear is the owner and provider of a cloud-based software for product teams (the “Service”). Anything Customer (including Users) posts, uploads, shares, stores, or otherwise provide through the Service is considered a “User Submission.” Customer is solely responsible for all User Submissions it contributes to the Service. Further terms regarding User Submissions, including ownership, are in Section 9.2 below. The Service may also include templates, help documents, and other documents or information that can assist Customer using the Service (“Linear Content”). Customer will not receive or have access to the code or software that underlies the Service (collectively the “Software”) or receive a copy of the Software itself.
Customer’s Subscription
Subject to the terms of this Agreement, Customer may purchase a subscription to, and has the right to access and use, the Service as specified in one or more ordering screens agreed to by the parties through Linear’s website that reference this Agreement and describe the business terms related to Customer’s subscription (“Order(s)”). All subscriptions will be for the period described on the applicable Order (“Subscription Period”). Use of and access to the Service is permitted only by individuals authorized by Customer and for Customer’s own internal business purposes and not for the benefit of any third party (“Users”).
Linear’s Ownership
Linear owns the Service, Software, Linear Content, Documentation, and anything else provided by Linear to Customer (collectively the “Linear Materials”). Linear retains all right, title and interest (including, without limitation, all patent, copyright, trademarks, trade secret and other intellectual property rights) in and to the Linear Materials, all related and underlying technology and any updates, enhancements, upgrades, modifications, patches, workarounds, and fixes thereto and all derivative works of or modifications to any of the foregoing. There are no implied licenses under this Agreement and any rights not expressly granted to Customer in this Agreement are expressly reserved by Linear.
Permissions
The Service contains customizable settings allowing each User to give permission to other Users to perform various tasks within the Service (“Permissions”). It is also solely Customer’s responsibility to set and manage all Permissions, including which Users can set such Permissions. Accordingly, Linear will have no responsibility for managing Permissions and no liability for the Permissions set by Customer and its Users. Customer may, at its option, provide access to the Service and Documentation to its Affiliates (defined below), in which case all rights granted, and obligations incurred, under this Agreement will also inure to the benefit of such Affiliates. Customer represents and warrants that it is fully responsible for any breach of this Agreement by its Affiliates and that Customer has the power to negotiate this Agreement on behalf of its Affiliates. Customer will also be responsible for all payment obligations under this Agreement regardless of whether the use of the Service is by Customer or its Affiliates. Any claim by an Affiliate against Linear will be brought by Customer and not the Affiliate. For the purposes of this Agreement “Affiliate” will mean of a party will mean an entity directly or indirectly controlling, controlled by or under common control with that party (where “control” means the ownership or control, directly or indirectly, of more than fifty percent (50%) of all the voting power of the shares (or other securities or rights) entitled to vote for the election of directors or other governing authority.
Restrictions
Customer’s Responsibilities
Customer is responsible for all activity on its Users’ accounts unless such activity is caused by a third party bad actor able to access Customer’s account by exploiting vulnerabilities in the Service itself. Customer will ensure that its Users are aware of and bound by obligations and/or restrictions stated in this Agreement and Customer will be responsible for breach of any such obligation and/or restriction by a User.
Use Restrictions
Customer agrees that it will not, and will not allow Users or third parties to, directly or indirectly (a) modify, translate, copy or create derivative works based on the Service, (b) reverse assemble, reverse compile, reverse engineer, decompile or otherwise attempt to discover the object code, source code, non-public APIs or underlying ideas or algorithms of the Service, except as and only to the extent this restriction is prohibited by law, (c) license, sublicense, sell, resell, rent, lease, transfer, assign, distribute, time share or otherwise commercially exploit or make the Service available to any third party, other than Authorized Customers, (d) remove or obscure any copyright, trademark or other proprietary notices, legends or Linear branding contained in or on the Service, (e) use the Service in any way that violates any applicable federal, state, local or international law or regulation, (f) attempt to gain unauthorized access to, interfere with, damage or disrupt any parts of the Service, including, without limitation, by introducing viruses and other harmful code or by using flood pings, denial-of-service attacks, or similar methods or technology, (g) use or access the Service to build or support and/or assist a third party in building or supporting products or services competitive to the Service or (h) attempt to probe, scan, or test the vulnerability of the Service or any Linear system or networks, or (i) use or access the Service in violation of U.S. or applicable non-U.S. laws relating to economic or trade sanctions, or in any manner that may cause Linear to violate U.S. or applicable non-U.S. laws related to economic or trade sanctions. If Customer (including Users) is using the Service in a manner that, in Linear’s reasonable judgment, causes or is likely to cause significant harm to Linear or the Service or otherwise threatens the security, integrity or availability of the Service then Linear may suspend Customer’s access to the Service. Linear will use commercially reasonable efforts under the circumstances of such suspension to (x) provide Customer with notice and an opportunity to remedy such violation or threat prior to any such suspension; (y) limit the suspension to only accounts involved in the activities in question; and (z) remove the suspension as quickly as practicable after the circumstances leading to the suspension have been resolved.
API Access Restrictions
As part of provision of its Service, Linear may provide Customer with access to one or more application program interfaces (“API(s)”). Linear may, in its sole discretion, set and enforce limits on Customer’s use of the API and Customer agrees to adhere to such limits. Linear may also suspend Customer’s access to the API or cease providing the API at any time.
Third-Party Applications
The Service may work together with third party products, services or applications that are not owned or controlled by Linear, (e.g., Github) (“Third-Party Applications”) and Customer, at its sole option, may choose to use such Third-Party Applications. If necessary for the Service and the Third-Party Application to work together, Customer will provide its login information to Linear for the sole purpose of Linear providing the Service to Customer and Customer represents and warrants that Customer has the right to provide such login information without breach by Customer of any of the terms and conditions that govern Customer’s use of the applicable Third-Party Application. Linear does not endorse such Third-Party Applications. Customer acknowledges and agrees that this Agreement does not apply to Customer’s use of such Third-Party Applications and Customer be required by the providers of such Third-Party Applications to enter into separate agreements for Customer’s use. Linear expressly disclaims all representations and warranties relating to any Third-Party Applications. Customer will look solely to the providers of the Third-Party Applications for any warranty related issues or other claims. Customer’s use of Third-Party Applications is at Customer’s own risk. Linear will have no liability or other obligation of any kind arising out of or related to any third-party applications, including arising from Customer’s use or inability to use Third-Party Applications.
Payment Obligations
Fees
Customer will pay for access to and use of the Service as set forth on the applicable Order (“Fees”). All Fees will be paid in the currency stated in the applicable Order or, if no currency is specified, U.S. dollars. Payment obligations are non-cancelable and, except as expressly stated in this Agreement, non-refundable. Linear may modify its Fees or introduce new fees in its sole discretion. Customer always has the right to choose not to renew its subscription if it does not agree with any new or revised Fees.
Payment
Linear, either directly or through its third-party payment processor (“Payment Processor”) will charge Customer for the Fees via credit card or ACH payment, pursuant to the credit card or ACH payment information provided by Customer to Linear. Linear will have the right to charge Customer’s credit card or ACH payment method for any services provided to Customer by Linear under the Order, including recurring Fees. It is Customer’s sole responsibility to provide Linear with current and up to date credit card or ACH information; failure to provide such information may result in suspension of Customer’s access to the Services. Linear will also have the right to set-off any Fees due from Customer to Linear. If Customer pays the Fees through a Payment Processor such payment processing will be subject to the terms, conditions, and privacy policies of the Payment Processor in addition to this Agreement. Linear is not responsible for any error by, or other acts or omissions of, the Payment Processor. Linear reserves the right to correct any errors or mistakes that the Payment Processor makes even if Linear has already requested or received payment. If authorized by Customer through acceptance of an Order, recurring charges (e.g. monthly billing) will be charged to Customer’s payment instrument without further authorization from Customer, until Customer terminates this Agreement in accordance with its terms or changes its payment method in Customer’s account in the Service.
Taxes
Fees do not include any taxes, levies, duties or similar governmental assessments of any nature, including, for example, value-added, sales, use or withholding taxes, assessable by any jurisdiction whatsoever (collectively, “Taxes”). Customer is responsible for paying all Taxes associated with its purchases hereunder. If Linear has the legal obligation to pay or collect Taxes for which Customer is responsible under this section, Linear will invoice Customer and Customer will pay that amount unless Customer provides Linear with a valid tax exemption certificate authorized by the appropriate taxing authority in advance. For clarity, Linear is solely responsible for taxes assessable against it based on its income, property, and employees.
Failure to Pay
If Customer fails to pay any Fees when due, Linear may suspend Customer’s access to the Service pending payment of such overdue amounts. Customer also authorizes Linear to make multiple re-attempts at charging the Customer’s payment instrument if an initial charge attempt is unsuccessful, without any specific limit on the number of retries. If Customer believes that Linear has billed Customer incorrectly, Customer must contact Linear no later than sixty (60) days after the closing date on the first billing statement in which the error or problem appeared, to receive an adjustment or credit. Once Linear receives notice of a disputed invoice, Linear will review such notice and provide Customer with a written decision regarding the dispute, including documentary support for such decision. If Linear reasonably determines that the amounts billed are, in fact, due, Customer will pay such amounts (if it has not done so already) within ten (10) days of Linear notifying Customer in writing of such decision.
AI Services Fees
Notwithstanding Section 4.1, fees for AI Services shall be governed by the AI Addendum, which may include usage-based billing calculated on consumption metrics (e.g., tokens, API calls, or compute units) in addition to or in lieu of the subscription Fees set forth in an Order. Usage-based fees will be calculated payable by Customer in accordance with the measurement methodology described in the AI Addendum. In the event of any conflict between this Agreement and the AI Addendum with respect to AI Services fees, the AI Addendum will control.
Term and Termination
Agreement Term and Renewals
Subscriptions to access and use the Service commence on the start date stated on the applicable Order(“Subscription Start Date”) and continue for the duration of the Subscription Period. Customer may choose not to renew its Subscription Period by notifying Linear at billing@linear.app (provided that Linear confirms such cancellation in writing) or by modifying its subscription through Customer’s account within the Service. This Agreement will become effective on the first day of the Subscription Period and remain effective for the duration of the Subscription Period stated on the Order along with any renewals of the Subscription Period and any period that Customer is using the Service even if such use is not under a paid Order (“Term”). If the parties terminate this Agreement, it will automatically terminate all Orders. If Customer cancels or does not renew its paid subscription to the Service, Customer’s subscription will be accessible but will automatically be downgraded to a version of the Service with diminished features and functionality that Linear offers to unpaid subscribers (“Free Version”). If Customer or Linear terminates this Agreement or Customer deletes its workspace within the Service, Customer will not have access to the Free Version.
Termination
Either party may terminate this Agreement upon written notice to the other party if the other party materially breaches this Agreement and such breach is not cured within thirty (30) days after the breaching party’s receipt of such notice. Linear may terminate Customer’s access to the Free Version at any time upon notice to Customer.
Effect of Termination
If Customer terminates this Agreement because of Linear’s uncured breach, Linear will refund any unused, prepaid Fees for the remainder of the then-current Subscription Period. If Linear terminates this Agreement because of Customer’s uncured breach, Customer will pay any unpaid Fees covering the remainder of the then-current Subscription Period after the effective date of termination, if any. In no event will any termination relieve Customer of the obligation to pay any Fees payable to Linear for the period prior to the effective date of termination. Upon any termination of this Agreement, all rights and licenses granted by Linear hereunder will immediately terminate; Customer will no longer have the right to access or use the Service. Within thirty (30) days of termination of this Agreement for cause, upon Customer’s request following termination, or if Customer deletes its workspace within the Service, Linear will delete Customer’s User Information, including passwords and all related information, files, and User Submissions, unless Customer requests an earlier deletion in writing. If Customer is using the Free Version, Linear will retain User Submissions and User Information to facilitate such use. Linear may delete all User Submissions or User Information if Customer maintains an account in the Free Version but such account is not usedfor a period of one (1) year or more.
Survival
Sections titled “Linear’s Ownership”, “Third-Party Applications”, “Payment Obligations”, “Term and Termination”, “Warranty Disclaimer”, “Limitation of Liability”, “Confidentiality”, “Data” and “General Terms” will survive any termination or expiration of this Agreement.
Warranties and Disclaimers
Warranties
Customer represents and warrants that all User Submissions submitted by Users follow all applicable laws, rules and regulations.
Warranty Disclaimer
EXCEPT AS EXPRESSLY PROVIDED FOR HEREIN, THE SERVICES AND ALL RELATED COMPONENTS AND INFORMATION ARE PROVIDED ON AN “AS IS” AND “AS AVAILABLE” BASIS WITHOUT ANY WARRANTIES OF ANY KIND, AND LINEAR EXPRESSLY DISCLAIMS ANY AND ALL WARRANTIES, WHETHER EXPRESS OR IMPLIED, INCLUDING THE IMPLIED WARRANTIES OF MERCHANTABILITY, TITLE, FITNESS FOR A PARTICULAR PURPOSE, AND NON-INFRINGEMENT. CUSTOMER ACKNOWLEDGES THAT LINEAR DOES NOT WARRANT THAT THE SERVICES WILL BE UNINTERRUPTED, TIMELY, SECURE, OR ERROR-FREE. SOME JURISDICTIONS DO NOT ALLOW THE DISCLAIMER OF CERTAIN TYPES OF WARRANTIES. THE FOREGOING DISCLAIMERS WILL NOT APPLY TO THE EXTENT PROHIBITED BY APPLICABLE LAW.
Limitation of Liability
NOTWITHSTANDING ANYTHING TO THE CONTRARY IN THIS AGREEMENT, AND EXCEPT FOR (I) CLAIMS ARISING FROM CUSTOMER’S BREACH OF SECTION 2.2 (Use Restrictions), (II) A PARTY’S OBLIGATIONS UNDER SECTION 8 (Indemnification) or (III) A PARTY’S GROSS NEGLIGENCE, WILLFUL MISCONDUCT, OR FRAUD, NEITHER PARTY WILL BE LIABLE WITH RESPECT TO ANY CAUSE RELATED TO OR ARISING OUT OF THIS AGREEMENT, WHETHER IN AN ACTION BASED ON A CONTRACT, TORT (INCLUDING NEGLIGENCE AND STRICT LIABILITY) OR ANY OTHER LEGAL THEORY, HOWEVER ARISING, FOR (A) INDIRECT, SPECIAL, INCIDENTAL OR CONSEQUENTIAL DAMAGES, (B) ANY DAMAGES BASED ON USE OR ACCESS, INTERRUPTION, DELAY OR INABILITY TO USE THE SERVICE, LOST REVENUES OR PROFITS, DELAYS, INTERRUPTION OR LOSS OF SERVICES, BUSINESS OR GOODWILL, LOSS OR CORRUPTION OF DATA, LOSS RESULTING FROM SYSTEM OR SYSTEM SERVICE FAILURE, MALFUNCTION OR SHUTDOWN, FAILURE TO ACCURATELY TRANSFER, READ OR TRANSMIT INFORMATION, FAILURE TO UPDATE OR PROVIDE CORRECT INFORMATION, SYSTEM INCOMPATIBILITY OR PROVISION OF INCORRECT COMPATIBILITY INFORMATION OR BREACHES IN SYSTEM SECURITY, OR (C) ANY DAMAGES THAT IN THE AGGREGATE EXCEED THE TOTAL FEES PAID OR PAYABLE BY CUSTOMER FOR THE SERVICE THAT IS OR THE PROFESSIONAL SERVICES THAT ARE THE SUBJECT OF THE CLAIM DURING THE TWELVE (12) MONTH PERIOD IMMEDIATELY PRECEDING THE EVENT WHICH GIVES RISE TO SUCH DAMAGES. THESE LIMITATIONS WILL APPLY WHETHER OR NOT A PARTY HAS BEEN ADVISED OF THE POSSIBILITY OF SUCH DAMAGES AND NOTWITHSTANDING ANY FAILURE OF ESSENTIAL PURPOSE OF ANY LIMITED REMEDY.
Indemnification
Linear’s Indemnification
Linear will defend Customer and its Users, officers, directors, and employees against any third-party claim or action brought against Customer to the extent based on the allegation that the Service infringes such third party’s intellectual property rights (patents, utility models, design rights, copyrights and trademarks or any other intellectual property right) and Linear agrees to pay any settlements with respect to the foregoing indemnification obligations that Linear agrees to in a writing signed by Linear’s authorized officer or final judgments awarded to the third-party claimant by a court of competent jurisdiction. The foregoing obligations do not apply with respect to the Service or portions or components of the Services that are (a) not provided by Linear, (b) combined with other products (including Customer’s services), processes or materials that are not reasonably contemplated by Linear or the Documentation, or (c) where Customer’s use of the Service is not in accordance with this Agreement or the Documentation.
Customer’s Indemnification
Customer will defend Linear and its officers, directors, and employees against any third-party claim or action brought against Linear to the extent arising from the processing of the User Submissions in accordance with this Agreement and Customer agrees to pay any settlements with respect to the foregoing indemnification obligations that Customer agrees to in a writing signed by Customer’s authorized officer or final judgments awarded to the third party claimant by a court of competent jurisdiction.
Procedures
The indemnifying party’s obligations under Section 8 are conditioned on the indemnified party (a) providing the indemnifying party with prompt written notice of any claim (provided that the indemnified party’s failure to provide reasonable written notice shall only relieve the indemnifying party of its indemnification obligations hereunder to the extent such failure materially limits or prejudices the indemnifying party’s ability to defend or settle such claim), (b) granting the indemnifying party the sole control of the defense and settlement of the claim, and (c) providing reasonable information and assistance to the indemnifying party in the defense or settlement of the claim at the indemnifying party’s expense. Notwithstanding anything else to the contrary in this Agreement, any obligation of the indemnifying party to defend, indemnify and hold the indemnified harmless hereunder is limited to the indemnifying party’s payment for the cost of defense of the third-party claim incurred by the indemnifying party and the payment of (i) any settlements agreed to by the indemnifying party in a writing signed by an officer of indemnifying party, or (ii) final judgments awarded to the third-party claimant by a court of competent jurisdiction.
Options
If Customer’s use of the Service has become, or in Linear’s opinion is likely to become, the subject of any claim of infringement, Linear may at its option and expense, (a) procure for Customer the right to continue using and receiving the Service as set forth hereunder, (b) modify the Service to make it non-infringing (but containing substantially equivalent functionality), (c) substitute an equivalent for the Service or (d) if Linear, in its sole discretion, determines that options (a)-(c) are not commercially practicable, terminate this Agreement and refund Customer any pre-paid, unused Fees for the remainder of the then-current Subscription Period.
Sole Remedy
NOTWITHSTANDING ANYTHING ELSE TO THE CONTRARY IN THIS AGREEMENT, THIS “Indemnification” SECTION STATES LINEAR’S ENTIRE RESPONSIBILITY AND CUSTOMER’S SOLE AND EXCLUSIVE REMEDY WITH RESPECT TO INFRINGEMENT OF INTELLECTUAL PROPERTY RIGHTS UNDER THIS AGREEMENT.
Confidentiality
Definition
Each party (the “Receiving Party”) understands that the other party (the “Disclosing Party”) may disclose business, technical or financial information relating to the Disclosing Party’s business that reasonably should be understood to be confidential given the nature of the information and the circumstances of disclosure (hereinafter referred to as the “Confidential Information” of the Disclosing Party). Linear’s Confidential Information includes non-public information regarding features, functionality, and performance of the Service. Customer’s Confidential Information includes the User Information and User Submissions. This Agreement and the information in all Orders will be deemed the Confidential Information of both parties. Notwithstanding the above, Confidential Information does not include information that (a) is or becomes generally available to the public without breach of any obligation owed to the Disclosing Party; (b) was known to the Receiving Party prior to its disclosure by the Disclosing Party without breach of any obligation owed to the Disclosing Party; (c) is received from a third party without breach of any obligation owed to the Disclosing Party; or (d) was independently developed by the Receiving Party without use or reference to the Disclosing Party’s Confidential Information.
Protection and Use of Confidential Information
The Receiving Party will (a) protect the Disclosing Party’s Confidential Information using the same degree of care used to protect its own confidential or proprietary information of like importance, but in any case using no less than a reasonable degree of care, (b) limit access to the Confidential Information to those employees, affiliates, subcontractors, agents, consultants, legal advisors, financial advisors, and contractors (“Representatives”) who need to know such information in connection with this Agreement and who are bound by confidentiality and non-use obligations just as protective of the Disclosing Party’s Confidential Information as the terms of this Agreement; (c) except as expressly set forth herein, make all commercially reasonable efforts not to disclose any of Disclosing Party’s Confidential Information to any third parties without the Disclosing Party’s prior written consent; and (d) will not use the Disclosing Party’s Confidential Information for any purpose other than to fulfill its obligations under this Agreement. Nothing above will prevent either party from sharing the terms of this Agreement or the name of the other party with prospective investors or acquirors; provided, however, that the foregoing persons or entities are bound to standard confidentiality obligations.
Compelled Access or Disclosure
The Receiving Party may access or disclose Confidential Information of the Disclosing Party if it is required by law; provided, however, that the Receiving Party gives the Disclosing Party prior notice of the compelled access or disclosure (to the extent legally permitted) and reasonable assistance, at the Disclosing Party’s cost, if the Disclosing Party wishes to contest the access or disclosure.
Feedback
Customer may from time to time provide suggestions, comments, or other feedback with respect to the Service (“Feedback”). For the avoidance of doubt, Feedback will only refer to suggestions, comments or other feedback provided to Linear specifically regarding the Service and will not include User Information or User Submissions. Linear may want to incorporate Feedback into its Service and this clause provides Linear with the necessary license to do so. Customer hereby grant to Linear and Linear’s assigns a royalty-free, worldwide, perpetual, irrevocable, fully transferable and sublicensable right and license, if any, to use, disclose, reproduce, modify, create derivative works from, distribute, display, and otherwise distribute and exploit any Feedback as Linear sees fit, entirely without obligation or restriction of any kind, except that Linear will not identify Customer as the provider of such Feedback.
Data
User Information
Customer and its Users are required to provide information such as name, email address, username, IP address, browser, and operating system. (“User Information”) upon logging into the Service in order to access the Service. Customer grants Linear and its subcontractors the right to store, process and retrieve the User Information in connection with Customer’s use of the Service. Customer represents and warrants that it has obtained all necessary rights to transfer User Information to Linear and to process the User Information as contemplated by this Agreement. Customer is responsible for all User Information. Accordingly, Customer is responsible for all resulting liability if usernames, passwords, tokens, or keys in Customer’s possession are used by any party not authorized to do so. Customer (on behalf of its Users) grants Linear the right to access, use, process, copy, distribute (to Users), perform (for Users), export (to Users) and display (for Users) User Information, only as reasonably necessary (a) to provide the Service to Customer (including the transfer of User Information to Linear); (b) to prevent or address service, security, support, or technical issues; (c) as required by law; and (d) as expressly permitted in writing by Customer.
User Submissions
Customer grants Linear and its subcontractors a non-exclusive, worldwide, royalty-free, paid-up, transferable right and license to use, process, and display (to Users) User Submissions for the sole purpose of providing the Service to Customer. Except for the limited rights and licenses granted in this Agreement, Customer will own all right, title and interest in and to the User Submissions and there are no implied licenses under this Agreement.
Service Data
As Customer (including its Users) interacts with the Service the Service collects data pertaining to the performance of the Service and measures of the operation of the Service (“Service Data”). Notwithstanding anything else to the contrary herein, provided that the Service Data is aggregated and anonymized, and no User Information, User Submissions, or any other personal identifying information of Customer is revealed to any third party, the parties agree that Linear is free to use the Service Data in any manner. Linear owns all right, title, and interest in and to such Service Data. For clarity, this section does not give Linear the right to identify Customer (including its Users) as the source of any Service Data.
Data Protection
Linear has established and implemented reasonable information security practices regarding the protection of User Submissions and User Information (collectively “Customer Data”), including administrative, technical, and physical security processes. Notwithstanding the foregoing, Customer is responsible for maintaining appropriate security, protection and backup of its hardware, software, systems, information, and Customer Data. Linear will, during the Term, process all Customer Data in accordance with Linear’s data protection agreement, a copy of which can be found at linear.app/dpa.
AI Services
To the extent Customer accesses or uses any artificial intelligence or machine learning features or functionality made available through the Service (collectively, “AI Services”), such use shall be governed by Linear’s AI Services Addendum, available at linear.app/legal/ai-addendum and incorporated herein by reference (the “AI Addendum”). In the event of any conflict between this Agreement and the AI Addendum with respect to AI Services, the AI Addendum will control. Customer Data processed in connection with AI Services shall remain subject to the data protection obligations in Section 9.4, except as expressly modified by the AI Addendum.
General Terms
Publicity
Provided that Customer gives its prior written consent, Linear may identify Customer and use and display Customer’s name, logo, trademarks, or service marks on Linear’s website and in Linear’s marketing materials.
Force Majeure
Linear will not be liable by reason of any failure or delay in the performance of its obligations on account of events beyond the reasonable control of Linear that make it impossible or commercially impracticable for such party to perform its obligations hereunder, which may include failure by a third-party hosting provider or utility provider, strikes (provided that such strike does not involve the employees of the party failing to perform), shortages, riots, fires, acts of God, war, terrorism, and governmental action.
Changes
Customer acknowledges that the Service is an on-line, subscription-based product, and that to provide improved customer experience Linear may make changes to the Service provided, however Linear will not materially decrease the core functionality of the Service. Linear may also unilaterally modify the terms of this Agreement by notifying you at least thirty (30) days prior to such changes taking effect and posting such changes at https://linear.app/terms.
Relationship of the Parties
The parties are independent contractors. This Agreement does not create a partnership, franchise, joint venture, agency, fiduciary, or employment relationship between the parties.
No Third-Party Beneficiaries
There are no third-party beneficiaries to this Agreement; a person who is not a party to this Agreement may not enforce any of its terms under any applicable law.
Email Communications
Notices under this Agreement will be provided as follows: (a) all notices regarding the Service will be sent by email, although Linear may instead choose to provide notice to Customer through the Service, (b) notices to Linear must be sent to hello@linear.app, and (c) all notices to Customer will be sent to the email(s) provided through the Service. Notices will be deemed to have been duly given (a) the business day after it is sent, in the case of notices through email; and (b) the same day, in the case of notices through the Service.
Amendment and Waivers
No modification or amendment to this Agreement will be effective unless made in writing and signed or accepted by an authorized representative of both parties. No failure or delay by either party in exercising any right under this Agreement will constitute a waiver of that right. No waiver under this Agreement will be effective unless made in writing and signed by an authorized representative of the party being deemed to have granted the waiver.
Severability
This Agreement will be enforced to the fullest extent permitted under applicable law. If any provision of this Agreement is held by a court of competent jurisdiction to be contrary to law, the provision will be modified by the court and interpreted so as best to accomplish the objectives of the original provision to the fullest extent permitted by law, and the remaining provisions of this Agreement will remain in effect.
Assignment
Neither party will assign or delegate any of its rights or obligations hereunder, whether by operation of law or otherwise, without the prior written consent of the other party (not to be unreasonably withheld). Notwithstanding the foregoing, Linear may assign this Agreement in its entirety (including all Orders), without the consent of Customer, in connection with a merger, acquisition, corporate reorganization, or sale of all or substantially all Linear’s assets. Any purported assignment in violation of this section is void. Subject to the foregoing, this Agreement will bind and inure to the benefit of the parties, their respective successors and permitted assigns.
Governing Law and Venue
This Agreement, and any disputes arising out of or related hereto, will be governed exclusively by the internal laws of the State of Delaware, without regard to its conflicts of laws rules or the United Nations Convention on the International Sale of Goods. The parties acknowledge that this Agreement evidences a transaction involving interstate commerce. The state and federal courts located in New Castle County, Delaware will have exclusive jurisdiction to adjudicate any dispute arising out of or relating to this Agreement or its formation, interpretation or enforcement. Each party hereby consents and submits to the exclusive jurisdiction of such courts. Each party also hereby waives any right to jury trial in connection with any action or litigation in any way arising out of or related to this Agreement. In any action or proceeding to enforce rights under this Agreement, the prevailing party will be entitled to recover its reasonable costs and attorney’s fees.
Entire Agreement
This Agreement, including all referenced pages and Orders, if applicable, constitutes the entire agreement between the parties and supersedes all prior and contemporaneous agreements, proposals, or representations, written or oral, concerning its subject matter.",2026-08-13,terms,terms page for Linear; 36497 characters of main content; served from cache; text via trafilatura,200,True,True,True,55,f75208de4e30394793d78cd89ddf8629e7f8e5d5dadd2e183eabb440d11ff725,trafilatura,support_documentation
Sentry,https://sentry.io/welcome/,product,Application Performance Monitoring & Error Tracking Software | Sentry,"Code breaks, fix it faster
Application monitoring software considered ""not bad"" by millions of developers.
- GitHub
- Disney
- Atlassian
- Linear
- Vercel
- Cloudflare
- Slack
- Metronome
- Autodesk
- Microsoft
- Instacart
- Lyft
- Bolt
- Monday
- Cursor
- Anthropic
- Factory AI
- Sentry
- Baseten
- Runlayer
- Convex
- Supabase
Developer first. Always.
Monitor in five lines
Drop in the SDK. No agents to install. No performance surprises.
Automatically root-cause any issue
Catch critical issues before you merge and fix them when they hit prod with Seer, our debugging agent and code reviewer.
Break production less
Predict and prevent the errors that matter most before they even make it to production with AI code review.
Stay in the flow
From GitHub, Slack, Jira, and Linear to coding agents with Sentry's MCP server, Sentry brings full context to every fix from dev to prod.
Debugging needs context— with or without AI
Seer, our AI debugger, uses Sentry context – logs, commits, traces, stack trace - so you can stop guessing and it can fix issues for you.
Loved by developers worldwide
Nova DasSarma
Systems Lead, Anthropic
Andrew Hay
Director at Disney Streaming Services, Disney+
Igor Dobrovitski
Infrastructure Software Engineer, Instacart
Get started in minutes
See -- it's really just one command.
npx @sentry/wizard@latest -i nextjs
Get started with just one line of code:
npx @sentry/wizard@latest -i angular
Just run this command to sign up for and install Sentry.
brew install getsentry/tools/sentry-wizard && sentry-wizard -i android
Signup and install Sentry with just one line of code:
brew install getsentry/tools/sentry-wizard && sentry-wizard -i ios
Sign-up and install Sentry with just one line of code:
npx @sentry/wizard@latest -i flutter
Install Sentry with one line of code:
npx @sentry/wizard@latest -i reactNative
Add the Sentry dependency to your .NET MAUI application:
dotnet add package Sentry.Maui -v 5.11.1
Grab the Sentry Python SDK:
pip install --upgrade sentry-sdk
Configure your DSN:
import sentry_sdk
sentry_sdk.init(
    ""https://<key>@sentry.io/<project>"",
    # Set traces_sample_rate to 1.0 to capture 100%
    # of transactions for Tracing.
    # We recommend adjusting this value in production.
    enable_tracing=True,
    traces_sample_rate=1.0,
)
Grab the Sentry Node SDK:
npm install @sentry/node
Configure your SDK:
const Sentry = require('@sentry/node');
Sentry.init({ dsn: 'https://<key>@sentry.io/<project>' });
Grab the Sentry React SDK:
npm install @sentry/react
We recommend putting the Sentry initialization code into its own file and including that file as the first import in your application entry point as shown in the example below:
import { useEffect } from ""react"";
import * as Sentry from ""@sentry/react"";
Sentry.init({
  dsn: ""https://examplePublicKey@o0.ingest.sentry.io/0"",
  integrations: [
  ],
  // Set `tracePropagationTargets` to control for which URLs trace propagation should be enabled
  tracePropagationTargets: [/^\//, /^https:\/\/yourserver\.io\/api/],
});
Include the Sentry initialization file as the first import statement:
// Sentry initialization should be imported first!
import ""./instrument"";
import App from ""./App"";
import { createRoot } from ""react-dom/client"";
const container = document.getElementById(“app”);
const root = createRoot(container);
root.render(<App />);
Install the NuGet package to add the Sentry dependency:
dotnet add package Sentry
Initialize the SDK as early as possible, like in the Main method in Program.cs/Program.fs:
using (SentrySdk.Init(o => {
  // Tells which project in Sentry to send events to:
  o.Dsn = ""https://<key>@sentry.io/<project>"";
  // When configuring for the first time, to see what the SDK is doing:
  o.Debug = true;
  // Set TracesSampleRate to 1.0 to capture 100% of transactions for Tracing.
  // We recommend adjusting this value in production.
  o.TracesSampleRate = 1.0; }))
{
  // App code goes here - Disposing will flush events out
}
Grab the Sentry Go SDK:
go get ""github.com/getsentry/sentry-go""
Configuration should happen as early as possible in your application's lifecycle:
package main
import (
	""log""
	""time""
	""github.com/getsentry/sentry-go""
)
func main() {
	err := sentry.Init(sentry.ClientOptions{
		Dsn: ""https://<key>@sentry.io/<project>"",
    EnableTracing: true,
		// Specify a fixed sample rate:
		// We recommend adjusting this value in production
		TracesSampleRate: 1.0,
		// Or provide a custom sample rate:
		TracesSampler: sentry.TracesSampler(func(ctx sentry.SamplingContext) float64 {
			// As an example, this does not send some
			// transactions to Sentry based on their name.
			if ctx.Span.Name == ""GET /health"" {
				return 0.0
			}
			return 1.0
		}),
	})
	if err != nil {
		log.Fatalf(""sentry.Init: %s"", err)
	}
	// Flush buffered events before the program terminates.
	// Set the timeout to the maximum duration the program can afford to wait.
	defer sentry.Flush(2 * time.Second)
}
To integrate Sentry into your Xcode project, specify it in your Podfile, then run pod install:
platform :ios, '9.0'
use_frameworks! # This is important
target 'YourApp' do
  pod 'Sentry', :git => 'https://github.com/getsentry/sentry-cocoa.git', :tag => '<VERSION>'
end
Initialize the SDK as soon as possible in your application lifecycle, such as in your AppDelegate application:didFinishLaunchingWithOptions method:
import Sentry // Make sure you import Sentry
func application(_ application: UIApplication,
    didFinishLaunchingWithOptions launchOptions: [UIApplication.LaunchOptionsKey: Any]?) -> Bool {
    SentrySDK.start { options in
        options.dsn = ""https://<key>@sentry.io/<project>""
        options.debug = true // Enabled debug when first installing is always helpful
        // Example uniform sample rate: capture 100% of transactions for Tracing
        options.tracesSampleRate = 1.0
    }
    return true
}
Add the sentry-ruby gem to your Gemfile:
gem ""sentry-ruby""
Configure your DSN:
Sentry.init do |config|
  config.dsn = 'https://<key>@sentry.io/<project>'
  # Set a uniform sample rate between 0.0 and 1.0
  # We recommend adjusting the value in production:
  config.traces_sample_rate = 1.0
  # or control sampling dynamically
  config.traces_sampler = lambda do |sampling_context|
    # sampling_context[:transaction_context] contains the information about the transaction
    # sampling_context[:parent_sampled] contains the transaction's parent's sample decision
    true # return value can be a boolean or a float between 0.0 and 1.0
  end
end
Install the sentry/sentry package with Composer:
composer require sentry/sentry
To capture all errors, even the one during the startup of your application, you should initialize the Sentry PHP SDK as soon as possible.
\Sentry\init(['dsn' => 'https://<key>@sentry.io/<project>',
    // Specify a fixed sample rate:
    'traces_sample_rate' => 0.2,
    // Or provide a custom sampler:
    'traces_sampler' => function (SentryTracingSamplingContext $context): float {
        // return a number between 0 and 1
    }, ]);
Install the sentry/sentry-laravel package with Composer:
composer require sentry/sentry-laravel
Add Sentry reporting to bootstrap/app.php:
<?php
use Illuminate\Foundation\Application;
use Illuminate\Foundation\Configuration\Exceptions;
use Illuminate\Foundation\Configuration\Middleware;
use Sentry\Laravel\Integration;
return Application::configure(basePath: dirname(__DIR__))
    ->withRouting(
        web: __DIR__.'/../routes/web.php',
        commands: __DIR__.'/../routes/console.php',
        health: '/up',
    )
    ->withMiddleware(function (Middleware $middleware) {
        //
    })
    ->withExceptions(function (Exceptions $exceptions) {
        Integration::handles($exceptions);
    })->create();
Enable Sentry Tracing in config/sentry.php:
// Specify a fixed sample rate:
'traces_sample_rate' => 0.2,
// Or provide a custom sampler:
'traces_sampler' => function (SentryTracingSamplingContext $context): float {
    // return a number between 0 and 1
},
Run this Artisan command to configure the Sentry DSN:
php artisan sentry:publish --dsn=<paste-your-DSN-here>
Add the Sentry dependency:
dotnet add package Sentry.AspNetCore
Configure Sentry in appsettings.json.
""Sentry"": {
  ""Dsn"": ""https://examplePublicKey@o0.ingest.sentry.io/0"",
  ""Debug"": true,
},
Then add the SDK by simply calling UseSentry:
public static IHostBuilder CreateHostBuilder(string[] args) =>
    Host.CreateDefaultBuilder(args)
        .ConfigureWebHostDefaults(webBuilder =>
        {
            // Add the following line:
            webBuilder.UseSentry();
        });
Grab the Sentry Java SDK:
<dependency>
  <groupId>io.sentry</groupId>
  <artifactId>sentry-spring-boot-starter</artifactId>
  <version><VERSION></version>
</dependency>
Configure your DSN in application.properties:
sentry.dsn=https://<key>@sentry.io/<project>
# Set traces_sample_rate to 1.0 to capture 100%
# of transactions for performance monitoring.
# We recommend adjusting this value in production.
sentry.traces-sample-rate=1.0
Grab the Sentry Vue SDK:
npm install @sentry/vue
Configure your DSN:
import { createApp } from ""vue"";
import * as Sentry from ""@sentry/vue"";
const app = createApp({
  // ...
});
Sentry.init({
  app,
  dsn: ""https://<key>@sentry.io/<project>"""",
  // This enables automatic instrumentation (highly recommended),
  // but is not necessary for purely manual usage
  // If you only want to use custom instrumentation:
  // * Remove the BrowserTracing integration
  // * add Sentry.addTracingExtensions() above your Sentry.init() call
  integrations: [Sentry.browserTracingIntegration()],
  // We recommend adjusting this value in production, or using tracesSampler
  // for finer control
  tracesSampleRate: 1.0,
  // Set tracePropagationTargets to control for which URLs distributed tracing should be enabled
  tracePropagationTargets: ['localhost', /^https://yourserver.io/api/],
});
app.mount(""#app"");
To use the SDK, initialize Sentry in your Solid entry point index.jsx before you render your Solid app:
// index.jsx / index.tsx
import * as Sentry from ""@sentry/solid"";
import { useBeforeLeave, useLocation } from ""@solidjs/router"";
import { render } from ""solid-js/web"";
import App from ""./app"";
// Initialize the Sentry SDK here 
Sentry.init({
  dsn: ""__DSN__"",
  integrations: [Sentry.browserTracingIntegration()],
  // Performance Monitoring
  tracesSampleRate: 1.0, //  Capture 100% of the transactions
  // Set 'tracePropagationTargets' to control for which URLs trace propagation should be enabled
  tracePropagationTargets: [""localhost"", /^https:\/\/yourserver\.io\/api/],
});
const app = document.getElementById(""app"");
if (!app) throw new Error(""No #app element found in the DOM."");
render(() => <App />, app)
To use the SDK, initialize Sentry in your Svelte entry point main.js before you bootstrap your Svelte app:
// main.js / main.ts
import App from ""./App.svelte"";
import * as Sentry from ""@sentry/svelte"";
import { BrowserTracing } from ""@sentry/tracing"";
// Initialize the Sentry SDK here
Sentry.init({
  dsn: ""__DSN__"",
  release: ""my-project-name@2.3.12"",
  integrations: [new BrowserTracing()],
  // This enables automatic instrumentation (highly recommended),
  // but is not necessary for purely manual usage
  // If you only want to use custom instrumentation:
  // * Remove the BrowserTracing integration
  // * add Sentry.addTracingExtensions() above your Sentry.init() call
  integrations: [Sentry.browserTracingIntegration()],
  // We recommend adjusting this value in production, or using tracesSampler
  // for finer control
  tracesSampleRate: 1.0,
  // Set tracePropagationTargets to control for which URLs distributed tracing should be enabled
  tracePropagationTargets: ['localhost', /^https://yourserver.io/api/],
});
// Then bootstrap your Svelte app
const app = new App({
  target: document.getElementById(""app""),
});
export default app;
Just run this command to install and register Sentry's Astro integration.
npx astro add @sentry/astro
And add your DSN and project config to your astro.config.mjs file:
import { defineConfig } from ""astro/config"";
import sentry from ""@sentry/astro"";
export default defineConfig({
  integrations: [
    sentry({
      dsn: ""__DSN__"",
      sourceMapsUploadOptions: {
        project: ""your-project-slug"",
        authToken: process.env.SENTRY_AUTH_TOKEN,
      },
      tracesSampleRate: 1.0,
    }),
  ],
});
Grab the Sentry JavaScript SDK:
<script src=""https://browser.sentry-cdn.com/<VERSION>/bundle.min.js""></script>
Configure your DSN:
Sentry.init({ dsn: 'https://<key>@sentry.io/<project>',
  // This enables automatic instrumentation (highly recommended),
  // but is not necessary for purely manual usage
  // If you only want to use custom instrumentation:
  // * Remove the BrowserTracing integration
  // * add Sentry.addTracingExtensions() above your Sentry.init() call
  integrations: [Sentry.browserTracingIntegration()],
  // We recommend adjusting this value in production, or using tracesSampler
  // for finer control
  tracesSampleRate: 1.0,
  // Set tracePropagationTargets to control for which URLs distributed tracing should be enabled
  tracePropagationTargets: ['localhost', /^https://yourserver.io/api/],
});",2026-08-13,product,product page for Sentry; 13262 characters of main content; served from cache; text via trafilatura,200,True,True,True,19,3bfb50b624046100e41869a954be9cc7156d6e077f27003dbad40805673b1a23,trafilatura,
Sentry,https://sentry.io/pricing/,pricing,"Pricing: Free Developer Plan, Pay as You Grow | Sentry","Pricing plans for dev teams of all sizes
Save with annual
developer
For solo devs working on small projects
$0
- One user
- Error Monitoring and Tracing
- Alerts and notifications via email
- 10 custom dashboards
- MCP access
team
Everything to monitor your application as it scales
$26/mo
- Unlimited users
- API & third-party integrations
- 20 custom dashboards
- Seer: AI debugging agent (subscription required)
- Additional events (See pricing)
Developer features +
business
For teams that need more powerful debugging
$80/mo
- Unlimited custom dashboards
- Unlimited metric monitors with anomaly detection
- Advanced quota management
- SAML + SCIM support (See pricing)
Team features +
developer
For solo devs working on small projects
$0
- One user
- Error Monitoring and Tracing
- Alerts and notifications via email
- 10 custom dashboards
- MCP access
team
Everything to monitor your application as it scales
$26/mo
- Unlimited users
- API & third-party integrations
- 20 custom dashboards
- Seer: AI debugging agent (subscription required)
- Additional events (See pricing)
Developer features +
business
For teams that need more powerful debugging
$80/mo
- Unlimited custom dashboards
- Unlimited metric monitors with anomaly detection
- Advanced quota management
- SAML + SCIM support (See pricing)
Team features +
A closer look at each plan
monitoring & troubleshooting
Users
Projects
UI Profiling
Continuous Profiling
Seer: AI Debugger (at additional cost)
Root Cause Analysis
Fix Generation
Error Prediction and Code Review
workflow & alerts
Anomaly Detection
reporting & search
MCP monitoring
integrations
Multi Org for GitHub
account & data management
Spend notifications
Data retention
Inbound filtering
Advanced inbound filtering
admin & compliance
Authentication
SSO: Google Apps
SSO: GitHub Organizations
SSO: SAML2
SSO: SCIM
Manage PII
BAA
HIPAA Security
SOC2
ISO 27001
Data Residency
Relay
support
Community support via GitHub and Discord
Email support
Estimate your monthly cost
Each plan includes a base quota. Any usage above your quota is billed at pay-as-you-go rates. You only pay for what you use.
Paid Plan Tier
Payment Frequency
Errors
Errors are sent every time an SDK catches a bug.
50K/mo included
Pay-as-you-go rates (Team)
| Volume | Price per error | 
|---|---|
| 50K – 100K | $0.0003625 | 
| 100K – 500K | $0.0002188 | 
| 500K – 10M | $0.0001875 | 
| 10M – 20M | $0.0001625 | 
| 20M+ | $0.0001500 | 
This calculator provides an estimate only. Your actual bill may differ due to rounding. Volumes above the slider maximums are supported on pay-as-you-go plans. Annual and prepaid billing options with additional discounts are available during checkout.
Fix It
Get started with the only application monitoring platform that empowers developers to fix application problems without compromising on velocity.",2026-08-13,pricing,pricing page for Sentry; 2839 characters of main content; served from cache; text via trafilatura,200,True,True,True,78,c4c42d24a94ac612b871981defb99a16c9feefce2c4ec24d903a3b8c2964290f,trafilatura,"data_residency, integrations_api, pricing_availability"
Sentry,https://sentry.io/security/,security,"Security, Privacy, and Compliance Practices | Sentry","Security, Privacy, and Compliance Practices
Last updated on August 27, 2025
Security and compliance are top priorities for Sentry because they are fundamental to your experience with the product. Sentry is committed to securing your application’s data, eliminating systems vulnerability, and ensuring continuity of access.
Sentry uses a variety of industry-standard technologies and services to secure your data from unauthorized access, disclosure, use, and loss. All Sentry employees undergo background checks before employment and are trained on security practices during company onboarding and on an annual basis.
Security is directed by Sentry’s Chief Technology Officer and maintained by Sentry’s Security & Operations team.
Infrastructure and Network Security
Physical Access Control
Sentry is hosted on Google Cloud Platform. Google data centers feature a layered security model, including extensive safeguards such as:
- Custom-designed electronic access cards
- Alarms
- Vehicle access barriers
- Perimeter fencing
- Metal detectors
- Biometrics
According to the Google Security Whitepaper: Google data centers also implement “security measures such as laser beam intrusion detection and 24/7 monitoring by high-resolution interior and exterior cameras” to detect and track intruders. In addition, “access logs, activity records, and camera footage are available in case an incident occurs” and “experienced security guards, who have undergone rigorous background checks and training, routinely patrol” Google data centers.
Sentry employees do not have physical access to Google data centers, servers, network equipment, or storage.
Logical Access Control
Sentry is the assigned administrator of its infrastructure on Google Cloud Platform, and only designated authorized Sentry operations team members have access to configure the infrastructure on an as-needed basis behind a two-factor authenticated virtual private network. Specific private keys are required for individual servers, and keys are stored in a secure and encrypted location.
Penetration Testing
Sentry undergoes annual penetration testing conducted by an independent, third-party agency. For testing, Sentry provides the agency with an isolated clone of sentry.io and a high-level diagram of application architecture. No customer data is exposed to the agency through penetration testing.
Information about any security vulnerabilities successfully exploited through penetration testing is used to set mitigation and remediation priorities. A summary of penetration test findings is available to customers via their Sentry account or upon request.
Third-Party Audit
Google Cloud Platform undergoes various third-party independent audits regularly and can provide verification of compliance controls for its data centers, infrastructure, and operations. This includes, but is not limited to, the SSAE 18-compliant SOC 2 certification and ISO 27001 certification. Sentry undergoes regular third-party independent audits on a regular basis and Sentry’s SOC 2 report and ISO 27001 certificate are available to customers via their Sentry account or upon request.
Intrusion Detection and Prevention
Unusual network patterns or suspicious behavior are among Sentry’s most significant concerns for infrastructure hosting and management. Sentry and Google Cloud Platform’s intrusion detection and prevention systems (IDS/IPS) rely on both signature-based security and algorithm-based security to identify traffic patterns that are similar to known attack methods.
IDS/IPS involves tightly controlling the size and make-up of the attack surface, employing intelligent detection controls at data entry points, and developing and deploying technologies that automatically remedy dangerous situations, as well as preventing known threats from accessing the system in the first place.
Sentry does not provide direct access to security event forensics but does provide access to the engineering and customer support teams during and after any unscheduled downtime.
Business Continuity and Disaster Recovery
High Availability
Every part of the Sentry service uses properly-provisioned, redundant servers (e.g., multiple load balancers, web servers, replica databases) in the case of failure. As part of regular maintenance, servers are taken out of operation without impacting availability.
Business Continuity
Sentry keeps hourly encrypted backups of data in multiple regions on Google Cloud Platform. While never expected, in the case of production data loss (i.e., primary data stores lost), we will restore organizational data from these backups.
Disaster Recovery
In the event of a region-wide outage, Sentry will bring up a duplicate environment in a different Google Cloud Platform region. The Sentry operations team has extensive experience performing full region migrations.
Data Flow
Data into System
SDKs securely send events, containing information on errors and exceptions, to the Sentry server, which processes and stores the events. Audit data of processing and storing is transmitted to our in-house logging infrastructure through encrypted connections.
We believe SDKs should provide some mechanism for proactively scrubbing data, ideally through an extensible interface that the user can customize. Sentry provides documentation outlining SDK configuration to filter out bits of data for security and privacy purposes, but that otherwise delivers the rest of the event data intact. Scrubbing the following values is recommended:
- Values where the keyname matches password ,passwd , orsecret
- Values that match the regular expression of r'^(?:\d[ -]\*?){13,16}\$' (credit card-like)
- Session cookies
- Authentication header (HTTP)
Data through System
Data is sent securely to Sentry via TLS to an HTTPS endpoint. All data is AES-256bit encrypted, both in transit and at rest. Sentry aggregates events along with contextual data related to the user’s environment, preceding events, and the release and deployment changeset. Events data is also enriched with artifacts like source maps or symbols uploaded by the user or sourced externally.
Sentry’s latest SSL Labs Report can be found here.
Data out of System
Once the event is processed, it can then be accessed via Sentry’s user interface and REST APIs. Sentry integrates with a variety of third-party tools so developers can combine error data from Sentry with data from other systems, manage workflows efficiently, and be alerted of errors through notification and chat tools, in addition to email and SMS. Therefore, Sentry’s high standards for security and compliance also extend to its partner network.
Data Security and Privacy
Data Encryption
All data in Sentry servers is encrypted at rest. Google Cloud Platform stores and manages data cryptography keys in its redundant and globally distributed Key Management Service. So, if an intruder were ever able to access any of the physical storage devices, the Sentry data contained therein would still be impossible to decrypt without the keys, rendering the information a useless jumble of random characters.
Encryption at rest also enables continuity measures like backup and infrastructure management without compromising data security and privacy.
Sentry exclusively sends data over HTTPS transport layer security (TLS) encrypted connections for additional security as data transits to and from the application.
Data Retention
Sentry retains event data in production for the period set forth in our documentation based on data and plan type by default. Individual events are aggregated into broader issues. Individual events are deleted after the above retention period. Issues are deleted when all associated events are deleted. We create regular backups of event data in production. We delete backups 90 days after creation.
Data Removal
When a customer terminates their subscription and deletes their account by selecting the option in their Sentry organization settings, all event data stored in the account becomes inaccessible to the customer within 24 hours. The event data associated with the account will be deleted from production upon the expiration of the retention period set forth in “Data Retention” above. Data can also be deleted upon request and via Sentry’s REST API and UI.
Users have the ability to remove events via bulk deletion of all events within an issue and can permanently remove data related to a given tag.
PII Scrubbing
We recommend that users do not send any personally identifiable information (PII) to Sentry. To mitigate accidents and other security risks, Sentry offers server-side filtering as a default setting. The Data Scrubber option in Sentry’s settings automatically removes values that appear to be sensitive information so that it will not be stored on Sentry’s servers.
Additionally, users can specify values to be scrubbed in the Project Settings. IP Address storage can also be disabled. The latter is particularly important if you’re concerned about PII and using Sentry’s Browser JavaScript SDK.
Application Security
Multi-Factor Authentication
In addition to password login, multi-factor authentication (MFA) provides an added layer of security to Sentry. We encourage MFA as an important step towards securing data access from intruders. Sentry users can deploy universal second-factor devices like YubiKeys (which can also be used to confirm the sudo prompt) or time-based one-time password (TOTP) apps like Google Authenticator as additional factors. This also applies to sign-in with an SSO provider.
Sentry’s organization list also displays who has MFA enabled so users can vet their own organization’s security.
Single Sign-On
Sentry’s single sign-on (SSO) implementation prioritizes security. We aggressively monitor linked accounts and disable them with any reasonable sign that the account’s access has been revoked. SSO also improves user experience by streamlining login and improving access from trusted domains. Sentry currently offers SSO via Google Business Apps and GitHub Organizations.
SAML 2.0
To facilitate user authentication through the web browser and improve identity management, Sentry offers Security Assertion Markup Language (SAML)-based SSO and System Cross-Domain Identity Management (SCIM) as standard features to customers on its Business and Enterprise plans. SAML 2.0 enhances user-based security and streamlines signup and login from trusted portals to enhance user experience, access management, and auditability. SCIM enables automated account provisioning.
Sentry integrates with SAML 2.0 and SCIM providers including Azure Active Directory and Okta.
REST API Authentication (API Key)
Sentry’s REST API uses an auth token for authentication. Authentication tokens are passed using the auth header and are used to authenticate a user account with the API.
We strongly recommend using organization-wide authentication tokens.
Email Security
The Sentry service includes email notifications and reports. Sender policy framework (SPF) is a system to prevent email address spoofing and minimize inbound spam. We have SPF records set through Dyn, our domain name service (DNS), and domain-based message authentication, reporting, and conformance (DMARC) set up for monitoring reports to prevent the possibility of phishing scams. Sentry users can see the TXT records on dmarc.sentry.io and sentry.io:
$ dig _dmarc.sentry.io TXT +short
""v=DMARC1; p=reject; fo=1; aspf=r; pct=100; rua=mailto:dmarc_agg@vali.email; ruf=mailto:security@sentry.io;""
$ dig sentry.io TXT +short | grep spf
""v=spf1 include:_spf.google.com include:mail.zendesk.com include:sendgrid.net include:mktomail.com -all""
Audit Controls
We know user administration is central to security and management, and auditing user logs is often the first step in both an emergency response plan and policy compliance requirements. All Sentry customers get admin controls governing identity, access, and usage to keep your data safe, secure, and centrally managed.
Membership within Sentry is handled at the organization level. The system is designed so each user has a singular account that can be reused across multiple organizations (even those using SSO). Each Sentry user should have their own account and can choose their own personal preferences and notifications settings. Access to organizations is dictated by role:
- Billing
- Member
- Admin
- Manager
- Organization Owner
For any organization on a Sentry plan, the project administration portal is the hub for seeing and managing users and usage. The member list includes the username, email, status, added date, teams, and role for each user. The admin or owner can revoke access by project, team, or org and change the user role. Additionally, the admin can request login and password history and revoke passwords and active sessions for any user via request to Sentry Support.
In the audit log, all of the actions by user and event within the Sentry UI (e.g., member.invite, project.create) are listed chronologically by time and IP address so you’ll always have a view into your organization’s most recent history.
Secure Application Development (Application Development Lifecycle)
Sentry practices continuous delivery, which means all code changes are committed, tested, shipped, and iterated on in a rapid sequence. A continuous delivery methodology, complemented by pull request, continuous integration (CI), and automated error tracking, significantly decreases the likelihood of a security issue and improves the response time to and the effective eradication of bugs and vulnerabilities. Release notes and details for Sentry and its SDKs can be found on their respective GitHub release pages (e.g., Sentry releases and raven-js releases).
Corporate Security
Malware Protection
At Sentry, we believe that good security practices start with our own team, so we go out of our way to protect against internal threats and local vulnerabilities. All company-provided workstations are enrolled in Mobile Device Management (MDM) and Endpoint Detection and Response (EDR) solutions to enforce security settings including full-disk encryption, screen lock, and OS updates.
Risk Management
Sentry follows the risk management procedures outlined in NIST SP 800-30, which include nine steps for risk assessment and seven steps for risk mitigation.
All Sentry product changes must go through code review, CI, and build pipeline to reach production servers. Only designated employees on Sentry’s operations team have secure shell (SSH) access to production servers.
We perform testing and risk management on all systems and applications on a regular and ongoing basis. New methods are developed, reviewed, and deployed to production via pull request and internal review. New risk management practices are documented and shared via staff presentations on lessons learned and best practices.
Sentry performs risk assessments throughout the product lifecycle per the standards outlined in HIPAA Security Rule, 45 CFR 164.308:
- 
Before the integration of new system technologies and before changes are made to Sentry physical safeguards
- 
While making changes to Sentry physical equipment and facilities that introduce new, untested configurations
- 
Periodically as part of technical and non-technical assessments of the security rule requirements as well as in response to environmental or operational changes affecting security
Contingency Planning
The Sentry operations team includes service continuity and threat remediation among its top priorities. We keep a contingency plan in case of unforeseen events, including risk management, disaster recovery, and customer communication sub-plans that are tested and updated on an ongoing basis and thoroughly reviewed for gaps and changes at least annually.
Security Policies
Sentry maintains an internal wiki of security policies, which is updated on an ongoing basis and reviewed annually for gaps. An overview of specific security policies is available to Sentry enterprise customers upon request:
- Access Management
- Change Management
- Data Request
- Data Management
- Information Security
- Incident Response
- Policy Management and Maintenance
- Risk Management
- Vendor Management
- Vulnerability Management
Background Checks
Sentry conducts background checks for all new hires, including verification on the following:
- Identity verification
- Global watchlist check
- National criminal records check
- County criminal records check
- (U.S. only) Sex offender registry check
Security Training
All new employees receive onboarding and systems training, including environment and permissions setup, formal software development training (if pertinent), security policies review, company policies review, and corporate values and ethics training.
All employees additionally complete security training at least once a year. Policies presented to employees as part of the onboarding process are reviewed once a year to ensure we are keeping up with best practices.
Disclosure Policy
Sentry follows the incident handling and response process recommended by SANS, which includes identifying, containing, eradicating, recovering from, communicating, and documenting security events. Sentry notifies customers of any data breaches as soon as possible via email and phone call, followed by multiple periodic updates throughout each day addressing progress and impact. Sentry Enterprise plans include a dedicated customer success manager who holds responsibility for customer communication, as well as regular check-ins and escalations.
Sentry maintains a live report of operational uptime and issues on our status page. Anyone can subscribe to updates via email from the status page. Any known incidents are reported there, as well as on our Twitter feed.
Vulnerability Disclosure
Anyone can report a vulnerability or security concern with a Sentry product by contacting security@sentry.io and including a proof of concept, a list of tools used (including versions), and the output of the tools. We take all disclosures very seriously, and once we receive a disclosure we rapidly verify each vulnerability before taking the necessary steps to fix it. Once verified, we periodically send status updates as problems are fixed.
To encrypt sensitive information that is sent to us, our PGP key can be found on keyservers with the fingerprint:
E406 C27A E971 6515 A1B1 ED86 641D 2F6C 230D BE3B
Follow this repo to get the latest security advisories about our codebase.
Other Resources
Compliance Certifications
Sentry has obtained the following compliance certifications:
- SOC2 Type I
- SOC2 Type II
- HIPAA Attestation
- ISO 27001
If you already use Sentry, you can access the report and certificate via your Sentry account. Otherwise, contact us for a copy of any report(s) you’re interested in reading (it’ll be less infuriating than your social feed.)
Data Privacy
To ensure that personal data you send Sentry is afforded the protections required by applicable data protection laws, Sentry offers a Data Processing Addendum that incorporates its data privacy commitments.",2026-08-13,"security, human-verified",security page for Sentry; 19106 characters of main content; served from cache; text via trafilatura,200,True,True,True,41,b190278e13cd0c6119cb974738833e097a98e956d90a454551392d15aea2d61c,trafilatura,"encryption, integrations_api, security_trust, support_documentation, uptime_reliability"
Sentry,https://sentry.io/privacy/,privacy,"Privacy Policy 3.3.2 (October 29, 2025) | Sentry","Privacy Policy
This Privacy Policy sets out how Sentry collects, discloses, and uses personal information about you and how you can exercise your privacy rights. This Privacy Policy applies to personal information that we collect when you visit our website at sentry.io (“Site”), use our products and services (“Service”), or otherwise interact with us (e.g., by attending an event or communicating with us). If you do not agree with this policy, please do not access or use our Site or Service or interact with any other aspect of our business.
This Privacy Policy does not apply to data submitted to the Service (“Service Data”). A separate agreement (“Customer Agreement”) governs delivery, access, and use of the Service, including the processing of Service Data. With respect to any personal information included in Service Data, the organization (e.g., your employer or another entity or person) that entered into the Customer Agreement (“Customer”) controls its instance of the Service and any associated Service Data. If you have any questions about a Customer’s instance of the Service and any associated Service Data, please contact the Customer.
We recommend that you read this Privacy Policy in full to ensure you are fully informed. However, if you only want to access a particular section of this Privacy Policy, then you can click on the relevant link below to jump to that section.
Table of contents
What does Sentry do?
Sentry offers an application monitoring solution designed to identify, monitor, and alert developers to errors, bugs, and other performance issues that are occurring in their applications.
For more information about Sentry, please see the “About Us” section of our Site at https://sentry.io/about/.
What personal information does Sentry collect?
The personal information that we may collect about you broadly falls into the following categories:
- 
Information that you provide We collect information about you when you input it into our Site or the Service or otherwise provide it directly to us. Account and profile creation We collect information about you when you register for an account, create or modify your profile, and set preferences for the Service. For example, you may provide your contact information, including your first and last name, email address, and password when you register for the Service. You may also have the option of adding an avatar to your profile to be displayed in the Service. We keep track of your preferences when you select settings within the Service, including marketing and notification settings. Sign in via other platforms Instead of creating a user account, you can log in via your account with other platforms (currently Google, Github, or Azure Devops). We will not collect the password that you use for the relevant platform, but we may collect details from your account with the platform, such as username and email address. Requests and inquiries You may choose to provide us with information when you contact us about our Service or otherwise interact with us. For example, you may choose to submit information regarding a problem you are experiencing with our Service and send us screenshots to help in resolving the problem. You may submit your contact information to register for our events, to subscribe to receive marketing communications from us, or to make an inquiry through our Site. You may also provide content to us when you participate in a survey, contest, promotion, sweepstake, activity, or event, including via social media and other content platforms. Purchases If you register for a paid Service, we will collect purchase information, such as the Service plan that you purchase and information related to refunds, credits, and cancellations, and your billing address and payment information. Please note that any payment information you provide is sent directly to a third-party payment processor. We have no access to and do not store your payment information.
- 
Information that we collect from your device and usage We collect certain information about your device and how you and your device interact with us and our Site or Service. In some countries, including countries in the European Economic Area and the United Kingdom (together, “Europe”), this information may be considered personal data under applicable data protection laws. Specifically, the information we collect will include information such as your IP address, device type, unique device identification numbers, browser-type, operating system, software installed on your device, product keys, general location information (such as inferred from an IP address), and referring URL. We also collect information about how you and your device have interacted with our Site or Service or with us via email, including the pages you accessed, features you used, Service you purchased, links you clicked, and when you accessed and for how long. Some of this information is collected using cookies and similar tracking technology, as explained further under the heading “Cookies and similar tracking technology” below.
- 
Information that we obtain from third-party sources From time to time, we receive personal information about you from third-party sources (including social media and other content platforms, public databases, and from our business and channel partners and service providers). The types of information we collect from third parties include name, email addresses, job titles, and social media profiles. We may combine this information with information we collect through other means described above. This helps us to maintain and improve the accuracy of our records, identify new customers, deliver personalized communications, and suggest services that may be of interest to you.
What does Sentry use my personal information for?
We use your information for business and commercial purposes, such as to:
- Provide, maintain, and improve the Site and Service, including system administration, system security, and adding new features or capabilities;
- Manage your account and send you related information, including confirmations, updates, technical notices, security alerts, and support and administrative messages;
- Respond to your comments, questions, and requests, and provide customer care and support services;
- Communicate with you about the Service, products, offers, surveys, events, content, and other news and information we think may be of interest to you;
- Monitor and analyse trends, usage, and activities in connection with the Site and Service and our communications to you;
- Detect, investigate, and prevent fraudulent transactions and other illegal activities, protect the rights and property of Sentry and others, and comply with legal requirements;
- Personalize and improve the Site and Service and provide advertisements, content, and features that match your profile and interests, and remember information about your preferences for the Site and Service;
- Administer surveys, contests, promotions, sweepstakes, and other activities; and
- Carry out any other purpose for which the information was collected.
We may aggregate or de-identify information collected through the Service. We may use aggregated or de-identified data for any purpose, including without limitation for research and marketing purposes, and may also disclose such data to any third parties, including without limitation, advertisers, promotional partners, sponsors, event promoters, and others.
Legal basis for processing personal information
If you are based in Europe, we collect and process information about you only where we have a legal basis for doing so under applicable European laws. This means we collect and process your information only where:
- We need it to provide the Site or Service, including to register you as a new user, operate the Site or Service, provide technical support, and to protect the safety and security of the Site or Service;
- It satisfies our legitimate interests, such as to market and promote the Service and to protect our legal rights and interests, which are not overridden by your own interests, rights, and freedoms;
- It is necessary to comply with a legal obligation or in connection with a legal claim, such as to respond to judicial orders or subpoenas; or
- You provide consent for a specific purpose, such as for marketing communications (where consent is required under applicable marketing laws).
The legal bases depend on the type of information and the purpose for our processing. In some contexts, more than one legal basis applies. When we process your information based on your consent, you have the right to withdraw your consent at any time without affecting the lawfulness of processing based on such consent before it is withdrawn. To exercise your rights, see “Your data protection rights” below. Where we are using your information because we or a third party (e.g., your employer) have a legitimate interest to do so, you have the right to object to that use though, in some cases, this may mean no longer using the Service.
Who does Sentry disclose my personal information to?
We disclose your personal information to the following categories of recipients:
- Affiliate companies who help operate and improve our Site and Service (including to support the delivery of, provide functionality on, or help to enhance the security of our Site and Service), offer other Sentry affiliated services to you, or who otherwise process personal information for the purposes described in this policy. The protections of this policy apply to the information we disclose in these circumstances.
- Third-party services providers who provide hosting, storage, support, payment processing, billing, communication, analysis, and other services to us, which may require them to access or use information about you. If a service provider needs to access or use information about you to perform services on our behalf, they do so under appropriate security and confidentiality procedures designed to protect your information.
- Third-party go-to-market partners who provide referral, sale, resale, or similar go-to-market services. We may disclose your information, like your name, email address, and job title, in connection with their services. We may also disclose information to these third parties where you have agreed to that disclosure.
- Third-party analytics partners to provide analytics services. These entities may use Cookies in the same way we do, to among other things, track and analyze data, and better understand your online activity.
- Third-party platforms when you, your administrator or other Service users choose to install or enable third-party apps, add-ons or other platforms for use with the Service. Doing so may give the providers of those platforms access to your account and information about you, like your name and email address, and any content you choose to connect with those platforms. Please note that when you use third-party platforms, your use will be governed by their own terms and privacy policies.
- Any competent law enforcement body, regulatory, government agency, court or other third party where we believe disclosure is necessary (i) as a matter of applicable law or regulation, (ii) to exercise, establish or defend our legal rights, or (iii) to protect your vital interests or those of any other person.
- An actual or potential buyer (and its agents and advisers) in connection with any actual or proposed purchase, merger, or acquisition of any part of our business, provided that we inform the buyer it must use your personal information only for the purposes disclosed in this policy.
- Any other person with your consent to the disclosure.
Cookies and similar tracking technology
We use cookies and similar tracking technology (collectively, “Cookies”) to collect and use personal information about you, including to understand and save your preferences, and to compile aggregate data about Site and Service interaction.
We may also allow certain third parties (e.g., service providers such as Stripe) to access their own cookies or other tracking technologies on your computer, mobile phone, or other device you use to access the Site or Service. Cookies may be associated with de-identified data linked to or derived from data you voluntarily have submitted to us (e.g., your email address) that we may share with a service provider in hashed, non-human-readable form.
You may refuse to accept Cookies by activating the setting on your browser that allows you to refuse the setting of Cookies. You can find information on popular browsers and how to adjust your Cookie preferences at the browser provider’s websites. You can choose to disable Cookies, but if you do, your ability to use or access certain parts of our Site and Service may be affected.
We do not recognize or respond to browser-initiated Do Not Track signals.
How does Sentry keep my personal information secure?
We use appropriate technical and organizational measures to protect the personal information that we collect and process about you. The measures we use are designed to provide a level of security appropriate to the risk of processing your personal information. However, no security system is impenetrable and due to the inherent nature of the Internet, we cannot guarantee that information, during transmission through the Internet, or while stored on our systems or otherwise in our care, is absolutely safe from intrusion by others. In particular, email sent to or from Sentry may not be secure, and you should therefore take special care in deciding what information you send to us via email.
International data transfers
In some cases your personal information is transferred to, and processed in, countries other than the country in which you are resident. These countries may have data protection laws that are different from the laws of your country (and, in some cases, may not be as protective).
Specifically, our Site and Service are hosted in the United States and Germany, and our affiliate companies and third-party service providers operate around the world, including in the United States, Canada and Europe. This means that when we collect your personal information, we may process it in any of these countries.
Where we transfer your personal information to countries and territories outside of Europe and Switzerland, which have been formally recognised as providing an adequate level of protection for personal information, we rely on the relevant “adequacy decisions” from the European Commission and Swiss Federal Administration, and “adequacy regulations” from the Secretary of State in the United Kingdom.
Where the transfer is not subject to an adequacy decision or regulations, we have taken appropriate safeguards to require that your personal information will remain protected in accordance with this policy. The safeguards we use are the European Commission-approved standard contractual clauses, the UK International Data Transfer Agreement, and other appropriate legal mechanisms. This is how transfers of personal information between our group companies and with our third-party service providers will be safeguarded.
Data Privacy Framework Notice
Functional Software, Inc. (our registered company name) participates in and complies with the EU-U.S. Data Privacy Framework, the UK Extension to the EU-U.S. Data Privacy Framework, and the Swiss-U.S. Data Privacy Framework as set forth by the U.S. Department of Commerce (collectively, the “Data Privacy Framework”) regarding the collection, use, and retention of personal information about you that is transferred from the European Union, United Kingdom, and Switzerland to the U.S. We have self-certified to the U.S. Department of Commerce that we adhere to the EU-U.S. Data Privacy Framework Principles for all information about you that is received from the European Union and the United Kingdom in reliance on the EU-U.S. Data Privacy Framework and the UK Extension to the EU-U.S. Data Privacy Framework. We have also self-certified to the U.S. Department of Commerce that we adhere to the Swiss-U.S. Data Privacy Framework Principles (together with the EU-U.S. Data Privacy Framework Principles, the “Data Privacy Framework Principles”) for all information about you that is received from Switzerland in reliance on the Swiss-U.S. Data Privacy Framework. If there is any conflict between the terms in this Privacy Policy and the Data Privacy Framework Principles, the Data Privacy Framework Principles will govern.
As required under the Data Privacy Framework, when we receive information under the Data Privacy Framework and then transfer it to a third party acting as an agent on our behalf, we have certain liability under the Data Privacy Framework if the agent processes the information in a manner inconsistent with the Data Privacy Framework and we are responsible for the event giving rise to the damage. We may be required to disclose information about you under the Data Privacy Framework in response to lawful requests by public authorities, including to meet national security or law enforcement requirements.
To learn more about the Data Privacy Framework program, and to view Sentry’s certification, please see the Data Privacy Framework website.
Should you have a Data Privacy Framework-related (or general privacy-related) question or complaint we encourage you to contact us or our EU representative as provided below. We commit to resolve any complaints. We have further committed to refer unresolved complaints concerning our handling of personal data received in reliance on the Data Privacy Framework to JAMS, a U.S.-based alternative dispute resolution provider. If you do not receive timely acknowledgement of your Data Privacy Framework-related complaint from us or our EU representative, or if you are not satisfied with our or our EU representative’s response to your Data Privacy Framework-related complaint, please visit https://www.jamsadr.com/DPF-Dispute-Resolution for more information or to file a complaint. The services of JAMS are provided at no cost to you.
Under certain conditions, more fully described on the Data Privacy Framework website, including when other dispute resolution procedures have been exhausted, you may invoke binding arbitration.
We are subject to the investigatory and enforcement powers of the U.S. Federal Trade Commission (FTC).
Data retention
We retain the personal information we collect from you where we have an ongoing legitimate business need to do so (e.g., to provide you with a service you have requested or to comply with applicable legal, tax, or accounting requirements). In certain circumstances, we will need to keep your information for legal reasons after our relationship has ended. For example, we may retain your data for longer than the usual retention period when we have a legal obligation to do such, to deal with and resolve requests and complaints, to protect an individual’s rights and property, and for litigation and regulatory matters. The specific retention periods depend on the nature of the information and why it is collected and processed and the nature of any legal requirement. The criteria we use to determine the retention period include:
- How long is the personal information needed to provide the Service or operate our business? This includes such things as maintaining and improving the performance of the Service, keeping our systems secure, and maintaining appropriate business and financial records. This is the general rule that establishes the baseline for most data retention periods.
- Is there an automated control, such as in your Sentry dashboard, that enables you to access and delete the personal information at any time? If there is not, a shortened data retention time will generally be adopted.
- Is the personal information of a sensitive type? If so, a shortened retention time would generally be appropriate.
- Has consent been provided for a longer retention period? If so, we will retain the data in accordance with your consent.
- Is Sentry subject to a legal, contractual, or similar obligation to retain the data? Examples can include mandatory data retention laws in the applicable jurisdiction, government orders to preserve data relevant to an investigation, or data that must be retained for the purposes of litigation.
When we have no ongoing legitimate business need or legal reason to process your personal information, we will either delete or anonymise it or, if this is not possible (e.g., because your personal information has been stored in backup archives), then we will securely store your personal information and isolate it from any further processing until deletion is possible.
Your data protection rights
Depending on your location, you may have the following data protection rights. To exercise any of them see specific instructions below or contact us using the contact details provided under the “How to contact us” heading below.
- You may access, correct, update or request deletion of your personal information by submitting a request at https://sentry.io/contact/gdpr/.
- You can object to processing of your personal information, ask us to restrict processing of your personal information or request portability of your personal information by submitting a request at https://sentry.io/contact/gdpr/.
- You have the right to opt-out of marketing communications we send you at any time. You can exercise this right by clicking on the “unsubscribe” or “opt-out” link in the marketing emails we send you or otherwise following the directions in the emails. You can also make choices about your receipt of marketing communications through the subscription settings in your account.
- If we have collected and processed your personal information with your consent, then you can withdraw your consent at any time by submitting a request at https://sentry.io/contact/gdpr/. Withdrawing your consent will not affect the lawfulness of any processing we conducted prior to your withdrawal, nor will it affect processing of your personal information conducted in reliance on lawful processing grounds other than consent.
- You have the right to complain to a supervisory authority about our collection and use of your personal information. For more information, please contact your local supervisory authority. (Contact details for supervisory authorities in Europe are available here.) Certain supervisory authorities may require that you exhaust our own internal complaints process before looking into your complaint.
We respond to all requests we receive from individuals wishing to exercise their data protection rights in accordance with applicable data protection laws.
Children’s privacy
Sentry’s Site and Service are not directed to children under 16. We do not knowingly collect personal information from children under 16. If you become aware that a child has provided us with personal information without parental consent, please contact us using the contact details provided under the “How to contact us” heading below. If we become aware that a child under 16 has provided us with personal information without parental consent, we will take steps to remove such information and terminate the child’s account.
If you are 16 or older, but have not reached your jurisdiction’s age of majority (such that you are able to enter a contract), you should only use the Service with permission from your parent or guardian.
Third-party websites
The Site and Service may link to third-party websites or platforms from companies other than Sentry, such as to relevant online resources, social media platforms, our partners’ websites, payment processors, and other third-party websites. We are not responsible for the privacy practices or content of such other websites. If you have any questions about how these other websites use your information, you should review their policies and contact them directly. We are not responsible for the actions of third parties.
Updates to this Privacy Policy
We may update this policy from time to time in response to changing legal, regulatory, technical, or business developments. When we update this policy, we will take appropriate measures to inform you, consistent with the significance of the changes we make. We will obtain your consent to any material changes to this policy if, and where, required by applicable data protection laws.
You can see when this policy was last updated by checking the date displayed at the top of this policy.
How to contact us
If you have any questions or concerns about our use of your personal information, please contact by sending us an email at compliance@sentry.io.
The data controller of your personal information is Functional Software, Inc. d/b/a Sentry. Our address is Functional Software, Inc., 45 Fremont Street, 8th Floor, San Francisco, CA 94105.
We have appointed Sentry Software Netherlands B.V. as Sentry’s EU representative. Their address is Sentry Software Netherlands B.V., Schiphol Boulevard 359, 1118 BJ, Amsterdam Schiphol, Netherlands. You may contact our EU representative at compliance@sentry.io.
Supplemental notice for California residents
The Supplemental notice for California residents can be found here.",2026-08-13,privacy,privacy page for Sentry; 25319 characters of main content; served from cache; text via trafilatura,200,True,True,True,16,ec4678840bfa42d2f2ea6fed41d282b93f132fc5094aa6cfccd75b2580684c29,trafilatura,privacy_data_handling
Sentry,https://docs.sentry.io/,docs,Sentry Docs | Application Performance Monitoring & Error Tracking Software,"Get started with Sentry
Everything you need to catch errors, trace performance, and fix broken agents.
Set up with a coding agent
One command teaches Claude Code, Cursor, Codex, and Grok how to install and configure Sentry for you.
Set up manually
Pick your platform and follow a step-by-step guide to install the SDK and send your first event.
Choose your platform
Platform-specific docs
If you use it, we probably support it.",2026-08-13,docs,docs page for Sentry; 427 characters of main content; served from cache; text via trafilatura,200,True,True,True,4,dd0ef8659e16e7da1327451c823a9550a91834c122f3ade02ba7d507ac2328f7,trafilatura,
Sentry,https://status.sentry.io/,status,Sentry Status,"Dashboard
   
  
    Operational
  
  
    
          
   
      API
   
  
    Operational
  
  
    
          
   
       
       
         US Ingestion
       
   
  
    Operational
  
  
    
  
  
   
      US Error Ingestion
   
  
    Operational
  
  
    
      
   
      US Transaction Ingestion
   
  
    Operational
  
  
    
      
   
      US Attachment Ingestion
   
  
    Operational
  
  
    
      
   
      US Profile Ingestion
   
  
    Operational
  
  
    
      
   
      US Replay Ingestion
   
  
    Operational
  
  
    
      
   
      US Span Ingestion
   
  
    Operational
  
  
    
      
   
      US Cron Monitoring
   
    
  
    Operational
  
  
    
      
   
      Custom Metrics (beta)
   
  
    Operational
  
  
    
  
   
       
       
         EU Ingestion
       
   
  
    Operational
  
  
    
  
  
   
      EU Error Ingestion
   
  
    Operational
  
  
    
      
   
      EU Transaction Ingestion
   
  
    Operational
  
  
    
      
   
      EU Attachment Ingestion
   
  
    Operational
  
  
    
      
   
      EU Profile Ingestion
   
  
    Operational
  
  
    
      
   
      EU Replay Ingestion
   
  
    Operational
  
  
    
      
   
      EU Span Ingestion
   
  
    Operational
  
  
    
      
   
      EU Cron Monitoring
   
  
    Operational
  
  
    
  
   
       
       
         Authentication Services
       
   
    
  
    Operational
  
  
    
  
  
   
      Password-Based
   
  
    Operational
  
  
    
      
   
      Google
   
  
    Operational
  
  
    
      
   
      GitHub
   
  
    Operational
  
  
    
      
   
      Azure DevOps
   
  
    Operational
  
  
    
      
   
      SAML-Based Single Sign-On
   
  
    Operational
  
  
    
  
   
       
       
         Notification Delivery
       
   
  
    Operational
  
  
    
  
  
   
      Slack
   
  
    Operational
  
  
    
      
   
      Email
   
  
    Operational
  
  
    
      
   
      PagerDuty
   
  
    Operational
  
  
    
      
   
      Microsoft Teams
   
  
    Operational
  
  
    
  
   
       
       
         Third-Party Integrations
       
   
  
    Operational
  
  
    
  
  
   
      Stripe
   
  
    Operational
  
  
    
  
   
      Integration Pipeline
   
    
  
    Operational
  
  
          
   
       
       
         Alerting
       
   
  
    Operational
  
  
    
  
  
   
      US Errors Alerting
   
  
    Operational
  
  
    
      
   
      EU Errors Alerting
   
  
    Operational
  
  
    
      
   
      US Transactions Alerting
   
  
    Operational
  
  
    
      
   
      US Spans Alerting
   
  
    Operational
  
  
    
      
   
      EU Transactions Alerting
   
  
    Operational
  
  
    
      
   
      EU Spans Alerting
   
  
    Operational
  
  
    
      
   
      US Uptime Monitoring
   
  
    Operational
  
  
    
      
   
      EU Uptime Monitoring
   
  
    Operational
  
  
    
  
   
      Seer
   
    
  
    Operational
  
  
    
          
    
    Operational
  
  
    
    Degraded Performance
  
  
    
    Partial Outage
  
  
  
    
    Major Outage
  
  
    
    Maintenance
  
          
            
            Major outage
          
          
          
        
        
          
            
            Partial outage
          
          
          
        
        
          No downtime recorded on this day.
        
        
          No data exists for this day.
        
        
          
          
          had a major outage.
        
        
          
          
          had a partial outage.",2026-08-13,"status, human-verified",status page for Sentry; 3677 characters of main content; served from cache; text via trafilatura,200,True,True,True,19,df5926eb9279a95391fd4f7209a9563139b25479d28ab571eed77961813c9e43,trafilatura,
Sentry,https://sentry.io/terms,terms,"Terms of Service 3.0.0 (February 12, 2024) | Sentry","Terms of Service
These Sentry Terms of Service (“Agreement”) are entered into by and between Functional Software, Inc. d/b/a Sentry (“Sentry” or “we”) and the entity or person placing an order for or accessing the Service (“Customer” or “you”). If you are accessing or using the Service on behalf of your company, you represent that you are authorized to accept this Agreement on behalf of your company, and all references to “you” or “Customer” in this Agreement mean your company.
If you have a separate written agreement with Sentry for your use of the Service, this Agreement will not apply to you.
This Agreement permits Customer to purchase subscriptions to the Service and other services from Sentry pursuant to Sentry ordering documents, online registration, order descriptions or order confirmations referencing this Agreement (“Orders”) and sets forth the basic terms and conditions under which those products and services will be delivered. This Agreement will govern Customer’s initial purchase on the Effective Date as well as any future purchases made by Customer that reference this Agreement. Certain capitalized terms are defined in Section 20 (Definitions) and others are defined contextually in this Agreement.
The “Effective Date” of this Agreement is the date which is the earlier of (a) Customer’s initial access to any Service through any online provisioning, registration or order process or (b) the effective date of the first Order referencing this Agreement.
Modifications to this Agreement: From time to time, Sentry may modify this Agreement. Unless otherwise specified by Sentry, changes become effective for Customer upon renewal of Customer’s current Subscription Term or entry into a new Order. Sentry will use reasonable efforts to notify Customer of the changes through communications via Customer’s account, email or other means. Customer may be required to click to accept or otherwise agree to the modified Agreement before renewing a Subscription Term or entering into a new Order, and in any event, continued use of the Service after the updated version of this Agreement goes into effect will constitute Customer’s acceptance of such updated version. If Sentry specifies that changes to this Agreement will take effect prior to Customer’s next renewal or order (such as for legal compliance or product change reasons) and Customer objects to such changes, Customer may terminate the applicable Subscription Term and receive as its sole remedy a refund of any fees Customer has pre-paid for use of the applicable Service for the terminated portion of the Subscription Term.
BY INDICATING YOUR ACCEPTANCE OF THIS AGREEMENT OR ACCESSING OR USING THE SERVICE, YOU ARE AGREEING TO BE LEGALLY BOUND BY ALL TERMS, CONDITIONS AND NOTICES CONTAINED OR REFERENCED IN THIS AGREEMENT. IF YOU DO NOT AGREE TO THIS AGREEMENT OR ARE UNDER THE AGE OF 16, PLEASE DO NOT USE THE SERVICE.
- 
Overview. Sentry offers a suite of software-as-a-service solutions designed to identify, monitor and alert Customer to problems that are occurring in a Customer Application. These Services include code coverage reporting, error monitoring, performance monitoring and other application monitoring solutions. Customer uses SDKs to bundle Service Data about the Customer Application and send that Service Data to the Service. Customer may either create its own SDKs or select from reference SDKs that Sentry makes separately available for different software languages, frameworks and libraries. Customer controls what Service Data (including what, if any, personal information) are sent to and processed by the Service by configuring SDKs and the Service. Customer may also elect to import and export Service Data between the Service and certain Third-Party Platforms (e.g., messaging services, code repositories and project management solutions) through supported integrations.
- 
The Service. 
  - 
Permitted Use. During the Subscription Term, Customer may access and use the Service only for its internal business purposes in accordance with any Scope of Use and the Documentation, the AUP and this Agreement.
  - 
Users. Only Users may access or use the Service. The Service is not intended for and should not be used by anyone under the age of 16. Customer must ensure that all its Users are over 16 years old. Each User must keep login credentials confidential and not share them with anyone else. Customer is responsible for its Users’ compliance with this Agreement and actions taken through their accounts (excluding misuse of accounts caused by Sentry’s breach of this Agreement). Customer will promptly notify Sentry if it becomes aware of any compromise of any User login credentials. Sentry uses User account information as described in its Privacy Policy, but the Privacy Policy does not apply to Service Data.
  - 
Restrictions. Customer will not (and will not authorize anyone else to) do any of the following: (a) provide access to (except for Users), distribute, sell or sublicense the Service to a third party, (b) use the Service on behalf of, or to provide any product or service (except for Customer Applications) to, third parties, (c) use the Service to develop a similar or competing product or service, (d) reverse engineer, decompile, disassemble or seek to access the source code or non-public APIs to the Service, except to the extent expressly permitted by Law (and then only with prior notice to Sentry), (e) modify or create derivative works of the Service or copy any element of the Service, (f) remove or obscure any proprietary notices in the Service, (g) publish benchmarks or performance information about the Service, (h) interfere with the Service’s operation, circumvent its access restrictions or conduct any security or vulnerability test of the Service or (i) transmit any viruses or other harmful materials to the Service.
  - 
SDKs. In order to use the Service, Customer may be required to use SDKs to send Service Data about Customer Applications to the Service. Customer may create its own SDKs or select from reference SDKs that Sentry makes separately available in public repositories (“Reference SDKs”). Customer’s use of Reference SDKs is subject to the applicable license terms provided with such Reference SDKs and not the terms of this Agreement. Customer’s failure to properly implement SDKs may cause certain features of the Service to be unavailable or cease to function. The Service excludes SDKs, and Sentry shall have no warranty, support, indemnity or other obligations with respect to SDKs under this Agreement.
- 
- 
Support. If Customer has purchased a paid subscription to the Service, unless otherwise specified in an Order, during the Subscription Term Sentry will provide Support through Sentry’s online support page for the relevant service, or by email at the email address for the relevant Service, currently support@sentry.io and support@codecov.io, respectively. Sentry will use reasonable efforts to respond to Support requests during business hours. For free or unpaid subscriptions to the Service, please visit our online support page for any support-related questions.
- 
Data. 
  - 
Submission of Service Data. Customer controls the types and amounts of Service Data (including what, if any, personal information is included) that are submitted to the Service through Customer’s configuration and use of SDKs, the Service and Third-Party Platforms. Customer is responsible for its configuration of SDKs and the Service (including any decision not to use available data scrubbing tools or other privacy or security settings or features).
  - 
Data Use. 
    - 
Service Data. Subject to this Agreement, and solely to the extent necessary to provide, maintain and improve the Service and Support to Customer, Customer grants Sentry the non-exclusive, worldwide right, during the term of this Agreement, to access, use, process, copy, perform, store, export, transmit and display Service Data. Solely to the extent reformatting Service Data for display in the Service constitutes a modification or derivative work, the foregoing license also includes the right to modify and create derivative works of Service Data. In addition to the rights granted above, Sentry may use Non-Identifying Data for Additional Uses. Only to the extent Customer so authorizes via its configuration of the Service, Sentry may use other elements of Service Data for Additional Uses; provided, however, that Sentry will not disclose any Service Data used in this manner externally unless it has been Aggregated or Anonymized.
    - 
Usage Data. Notwithstanding anything to the contrary in the Agreement, Sentry may collect and use Usage Data to operate, improve and support the Service and for Additional Uses. Sentry will not disclose Usage Data externally, including in benchmarks or reports, unless it has been Aggregated or Anonymized.
  - 
  - 
Security. Sentry uses reasonable technical and organizational measures designed to protect the Service and Service Data as described in the Security Policy.
  - 
Personal Data. Unless Customer and Sentry have entered into a DPA, Customer will not submit any Personal Data to the Service.
  - 
Protected Health Information. Sentry makes a BAA available for customers with subscriptions to eligible plans. Unless Customer’s then-current subscription is to an eligible plan and has entered into a BAA with Sentry, Customer will not submit any PHI to the Service.
  - 
Location. Sentry will store Service Data in the region selected by Customer through its configuration of the Service. In addition, Sentry may process Service Data in the United States or in countries where its Affiliates and third-party sub-processors are located.
  - 
Data Export and Deletion. During the Subscription Term, Customer may export or delete its Service Data from the Service using the export and deletion features described in the Documentation. After the Subscription Term, Sentry will delete Service Data in accordance with its standard schedule and procedures.
- 
- 
Customer Obligations. 
  - 
Generally. Customer is responsible for all Service Data, including its accuracy, and agrees to comply with Laws and the Documentation in using the Service. Customer represents and warrants that it has made all disclosures and has all rights, consents and permissions necessary to use Service Data with the Service and grant Sentry the rights in Section 4.2 (Data Use), all without violating or infringing Laws, third-party rights (including intellectual property, publicity or privacy rights) or any terms or privacy policies that apply to Service Data.
  - 
No Sensitive Personal Information. Customer must not use the Service with Sensitive Personal Information (except as permitted in accordance with Section 4.5 (Protected Health Information). Except as set forth in a BAA, Customer acknowledges that the Service is not intended to meet any legal obligations for these uses, including HIPAA requirements, and that Sentry is not a Business Associate as defined under HIPAA. Notwithstanding anything else in this Agreement, except for PHI submitted in accordance with Section 4.5 (Protected Health Information), Sentry has no liability for Sensitive Personal Information.
- 
- 
Suspension of Service. Sentry may suspend Customer’s access to the Service and related services: (i) if Customer breaches Section 2.3 (Restrictions) or Section 5 (Customer Obligations), (ii) if Customer’s account is 30 days or more overdue, (iii) if Customer’s actions risk harm to other customers or the security, availability or integrity of the Service (including by regularly exceeding any applicable rate limits) or (iv) if Customer fails to comply with the AUP. Where practicable, Sentry will use reasonable efforts to provide Customer with prior notice of the suspension. Once Customer resolves the issue requiring suspension, Sentry will promptly restore Customer’s access to the Service in accordance with this Agreement.
- 
Third-Party Platforms. Certain features or functionality of the Service may require Customer to use Third-Party Platforms. Use of Third-Party Platforms is subject to Customer’s agreement with the relevant provider and not this Agreement. Sentry does not control and has no liability for Third-Party Platforms, including their security, functionality, operation, availability or interoperability or how the Third-Party Platforms or their providers use Service Data. If Customer enables a Third-Party Platform with the Service, Sentry may access and exchange Service Data with the Third-Party Platform on Customer’s behalf.
- 
No Professional Services. Sentry does not provide any professional, consulting, work-for-hire, custom development or similar services of any type.
- 
Commercial Terms. 
  - 
Subscription Term. Unless otherwise set forth on the applicable Order, each Subscription Term will automatically renew for an equivalent period unless either party gives the other party notice of non-renewal before the current Subscription Term ends (with respect to Customer, in accordance with Section 9.5 below).
  - 
Fees and Taxes. Fees are as described in each Order. Fees are invoiced on the schedule in the Order. Unless the Order provides otherwise, all fees are due within 30 days of the invoice date. Fees for renewal Subscription Terms are at Sentry’s then-current rates, regardless of any discounted pricing in a prior Order. Except as expressly otherwise set forth herein, all fees are non-refundable. All Fees are exclusive of any applicable sales or other taxes or similar fees imposed by any government authority. Customer will (a) pay or reimburse all such taxes and fees (including any interest or penalties), if any, due, based on or measured by amounts payable by Customer under this Agreement (excluding taxes based on Sentry’s net income) or (b) furnish Sentry with evidence acceptable to the applicable government authority to sustain an exemption therefrom. If Customer is required by Laws to deduct withholding taxes from payments to Sentry, Customer will increase the amount payable to Sentry as necessary so that after making all required deductions and withholdings, Sentry receives and retains (free from any tax liability) an amount equal to the amount it would have received had no such deductions or withholdings been made.
  - 
On Demand. If Customer purchases a Service with on-demand usage and exceeds the applicable Scope of Use specified in the Order in a given month, Customer agrees to pay Sentry additional on-demand fees for such excess usage (“On Demand Usage”) monthly in arrears at the then-current price for On Demand Usage.
  - 
Payment via Credit Card. If Customer is purchasing the Service via credit card, debit card or other payment card (“Credit Card”), the following terms apply: 
    - 
Recurring Billing Authorization. By providing Credit Card information and agreeing to purchase the Service, Customer hereby authorizes Sentry (or its designee) to automatically charge Customer’s Credit Card on the same date of each calendar month (or the closest prior date, if there are fewer days in a particular month) during the Subscription Term for all fees accrued as of that date (if any) in accordance with the applicable Order. Customer acknowledges and agrees that the amount billed and charged each month may vary depending on Customer’s use of the Service and may include fees for On Demand Usage for the prior month.
    - 
Foreign Transaction Fees. Customer acknowledges that for certain Credit Cards, the issuer of Customer’s Credit Card may charge a foreign transaction fee or other charges.
    - 
Invalid Payment. If a payment is not successfully settled due to expiration of a Credit Card, insufficient funds, or otherwise, Customer remains responsible for any amounts not remitted to Sentry and Sentry may, in its sole discretion, either (i) invoice Customer directly for the deficient amount, (ii) continue billing the Credit Card once it has been updated by Customer (if applicable) or (iii) terminate this Agreement.
    - 
Changing Credit Card Information. At any time, Customer may change its Credit Card information by entering updated Credit Card information in its account settings.
    - 
Payment of Outstanding Fees. Upon any termination, expiration or cancellation of a Subscription Term, Sentry will charge Customer’s Credit Card (or invoice Customer directly) for any outstanding fees for Customer’s use of the Service during the Subscription Term (including any fees for On Demand Usage), after which Sentry will not charge Customer’s Credit Card for any additional fees.
  - 
  - 
Cancellation. If Customer does not want to renew a subscription, Customer must cancel its account(s)/subscription(s) from its account settings. An email or phone request to cancel Customer’s account is not considered notice of non-renewal. Any cancellation will take effect only at the end of Customer’s then-current Subscription Term, and Customer will continue to owe all fees (including, if applicable, monthly subscription fees and fees for any On Demand Usage) for the duration of the then-current Subscription Term. Notwithstanding the foregoing, Sentry reserves the right, at its sole and absolute discretion, to permit Customer to cancel its subscription immediately without further liability by making a lump-sum payment to Sentry that is equal to the upcoming three (3) months of subscription fees that Customer would otherwise have owed Sentry.
  - 
Upgrades and Downgrades. If Customer upgrades its plan or Scope of Use, we will immediately bill Customer for the applicable subscription fees. Downgrades will go into effect at the end of Customer’s then-current Subscription Term. There will be no refunds or credits for partial months of service, upgrade/downgrade refunds, or refunds for months unused with an open account. Downgrading account(s) may cause the loss of Service Data, features, or capacity of such account(s). We do not accept any liability for such loss.
- 
- 
Disclaimers. The Service, Support and all related Sentry services are provided “AS IS”. Sentry and its suppliers make no other warranties, whether express, implied, statutory or otherwise, including warranties of merchantability, fitness for a particular purpose, title or noninfringement. Unless otherwise expressly stated in this Agreement, Sentry does not warrant that Customer’s use of the Service will be uninterrupted or error-free, that Sentry will review Service Data for accuracy or that it will maintain Service Data without loss. Sentry is not liable for delays, failures or problems inherent in use of the Internet and electronic communications or other systems outside Sentry’s control or for use of the Service in High Risk Activities. Customer may have other statutory rights, but any statutorily required warranties will be limited to the shortest legally permitted period. Sentry does not warrant that using the Service will enable Customer to identify all issues or bugs in Customer Applications or that Customer will be able to correct issues or bugs reported by the Service. Sentry makes no warranties regarding the performance of Customer Applications and, as between the parties, Customer is solely responsible for Customer Applications.
- 
Term and Termination. 
  - 
Term. This Agreement starts on the Effective Date and continues until expiration, cancellation or termination of all Subscription Terms.
  - 
Termination. Either party may terminate this Agreement (including all Orders) if the other party (a) fails to cure a material breach of this Agreement (including a failure to pay fees) within 30 days after notice, (b) ceases operation without a successor or (c) seeks protection under a bankruptcy, receivership, trust deed, creditors’ arrangement, composition or comparable proceeding, or if such a proceeding is instituted against that party and not dismissed within 60 days.
  - 
Effect of Termination. Upon expiration or termination of this Agreement or an Order, Customer’s access to the Service will cease. At the disclosing party’s request upon expiration or termination of this Agreement, the receiving party will delete all of the disclosing party’s Confidential Information (excluding Service Data, which is addressed in Section 4.7). Service Data and other Confidential Information may be retained in the receiving party’s standard backups after deletion but will remain subject to this Agreement’s confidentiality restrictions.
  - 
Survival. These Sections survive expiration or termination of this Agreement: 2.3 (Restrictions), 4.2 (Data Use), 5 (Customer Obligations), 9.2 (Fees and Taxes), 9.3 (On Demand), 9.4 (Payment via Credit Card) 10.3 (Disclaimers), 11.3 (Effect of Termination), 11.4 (Survival), 12 (Ownership), 13 (Limitations of Liability), 14 (Indemnification), 15 (Confidentiality), 16 (Required Disclosures), 19 (General Terms) and 20 (Definitions). Except where an exclusive remedy is provided, exercising a remedy under this Agreement, including termination, does not limit other remedies a party may have.
- 
- 
Ownership. Neither party grants the other any rights or licenses not expressly set out in this Agreement. Except for Sentry’s use rights in this Agreement, between the parties Customer retains all intellectual property and other rights in Service Data provided to Sentry. Except for Customer’s use rights in this Agreement, Sentry and its licensors retain all intellectual property and other rights in the Service and related Sentry technology, templates, formats, machine learning or large language models and dashboards, including any modifications or improvements to these items made by Sentry. If Customer provides Sentry with feedback or suggestions regarding the Service or other Sentry offerings, Sentry may use the feedback or suggestions without restriction or obligation.
- 
Limitations of Liability. 
  - 
Consequential Damages Waiver. Except for Excluded Claims, neither party (nor its suppliers) will have any liability arising out of or related to this Agreement for any loss of use, lost data, lost profits, failure of security mechanisms, interruption of business or any indirect, special, incidental, reliance or consequential damages of any kind, even if informed of their possibility in advance.
  - 
Liability Cap. Except for Excluded Claims, each party’s (and its suppliers’) entire liability arising out of or related to this Agreement will not exceed in aggregate the amounts paid or payable by Customer to Sentry during the prior 12 months under this Agreement.
  - 
Excluded Claims. “Excluded Claims” means: (a) Customer’s breach of Sections 2.3 (Restrictions) or 5 (Customer Obligations), (b) Customer’s breach of Section 15 (Confidentiality) or (c) amounts payable to third parties under the indemnifying party’s obligations in Section 14 (Indemnification).
  - 
Nature of Claims and Failure of Essential Purpose. The waivers and limitations in this Section 13 apply regardless of the form of action, whether in contract, tort (including negligence), strict liability or otherwise and will survive and apply even if any limited remedy in this Agreement fails of its essential purpose.
- 
- 
Indemnification. 
  - 
Indemnification by Customer. Customer will defend Sentry from and against any third-party claim to the extent resulting from Service Data or Customer’s breach or alleged breach of Section 5 (Customer Obligations) and will indemnify and hold harmless Sentry against any damages or costs awarded against Sentry (including reasonable attorneys’ fees) or agreed in settlement by Customer resulting from the claim.
  - 
Procedures. The indemnifying party’s obligations in this Section 14 are subject to receiving (a) prompt notice of the claim, (b) the exclusive right to control and direct the investigation, defense and settlement of the claim and (c) all reasonably necessary cooperation of the indemnified party, at the indemnifying party’s expense for reasonable out-of-pocket costs. The indemnifying party may not settle any claim without the indemnified party’s prior consent if settlement would require the indemnified party to admit fault or take or refrain from taking any action (other than relating to use of the Service, when Sentry is the indemnifying party). The indemnified party may participate in a claim with its own counsel at its own expense.
- 
- 
Confidentiality. 
  - 
Definition. “Confidential Information” means information disclosed to the receiving party under this Agreement that is designated by the disclosing party as proprietary or confidential or that should be reasonably understood to be proprietary or confidential due to its nature and the circumstances of its disclosure. Sentry’s Confidential Information includes the terms and conditions of this Agreement and any technical or performance information about the Service. Customer’s Confidential Information includes Service Data.
  - 
Obligations. As a receiving party, each party will (a) hold Confidential Information in confidence and not disclose it to third parties except as permitted in this Agreement, including Section 4.2 (Data Use), and (b) only use Confidential Information to fulfill its obligations and exercise its rights in this Agreement. The receiving party may disclose Confidential Information to its employees, agents, contractors and other representatives having a legitimate need to know (including, for Sentry, the subcontractors referenced in Section 19.9), provided it remains responsible for their compliance with this Section 15 and they are bound to confidentiality obligations no less protective than this Section 15.
  - 
Exclusions. These confidentiality obligations do not apply to information that the receiving party can document (a) is or becomes public knowledge through no fault of the receiving party, (b) it rightfully knew or possessed prior to receipt under this Agreement, (c) it rightfully received from a third party without breach of confidentiality obligations or (d) it independently developed without using the disclosing party’s Confidential Information.
  - 
Remedies. Unauthorized use or disclosure of Confidential Information may cause substantial harm for which damages alone are an insufficient remedy. Each party may seek appropriate equitable relief, in addition to other available remedies, for breach or threatened breach of this Section 15.
- 
- 
Required Disclosures. Nothing in this Agreement prohibits either party from making disclosures, including of Service Data and other Confidential Information, if required by Law, subpoena or court order, provided (if permitted by Law) it notifies the other party in advance and cooperates in any effort to obtain confidential treatment.
- 
No-Charge Products. If Customer receives access to the Service or Service features on a no-charge, free or trial basis or as an alpha, beta or early access offering (“No-Charge Products”), use of such No-Charge Products is permitted only during the period designated by Sentry (or if not designated, 30 days). No-Charge Products are optional and either party may terminate No-Charge Products at any time for any reason. No-Charge Products may be inoperable, incomplete or include features that Sentry may never release, and their features and performance information are Sentry’s Confidential Information. Notwithstanding anything else in this Agreement, Sentry provides no warranty, indemnity, service levels or Support for No-Charge Products and its liability for No-Charge Products will not exceed US$50.
- 
Publicity. Neither party may publicly announce this Agreement except with the other party’s prior consent or as required by Laws. However, Sentry may include Customer and its trademarks in Sentry’s customer lists and promotional materials, issue a press release identifying Customer as a Sentry customer, inform other potential customers that Customer is a Sentry customer and identify Customer as a customer in other forms of publicity (including, without limitation, case studies and blog posts), but will cease such use at Customer’s written request.
- 
General Terms. 
  - 
Assignment. Neither party may assign this Agreement without the prior consent of the other party, except that either party may assign this Agreement in connection with a merger, reorganization, acquisition or other transfer of all or substantially all its assets or voting securities (each, a “Change of Control”). If Customer assigns this Agreement in a Change of Control permitted under this Section, Customer will update all necessary details in Customer’s account settings. Any non-permitted assignment is void. This Agreement will bind and inure to the benefit of each party’s permitted successors and assigns.
  - 
Governing Law, Jurisdiction and Venue. This Agreement is governed by the laws of the State of California and the United States without regard to conflicts of laws provisions and without regard to the United Nations Convention on the International Sale of Goods. The jurisdiction and venue for actions related to this Agreement will be the state and United States federal courts located in San Francisco, California and both parties submit to the personal jurisdiction of those courts.
  - 
Attorneys’ Fees and Costs. The prevailing party in any action to enforce this Agreement will be entitled to recover its attorneys’ fees and costs in connection with such action.
  - 
Notices. Except as set out in this Agreement, any notice or consent under this Agreement must be in writing and will be deemed given: (a) upon receipt if by personal delivery, (b) upon receipt if by certified or registered U.S. mail (return receipt requested), (c) one day after dispatch if by a commercial overnight delivery service or (d) upon delivery if by email. Either party may update its contact information with notice to the other party. Notices to Sentry must be sent to: Functional Software, Inc. dba Sentry, Attn: Legal Department, 45 Fremont Street, 8th Floor, San Francisco, CA 94105-2250, USA (with a copy by email to legal@sentry.io). Notices to Customer will be sent to the address (if any) set forth in the Order or by email to Customer’s email set forth in the Order. Sentry may also send notices to Customer through the Service.
  - 
Entire Agreement. This Agreement (which includes all Orders, the Policies and, if applicable, the BAA and the DPA) is the parties’ entire agreement regarding its subject matter and supersedes any prior or contemporaneous agreements regarding its subject matter. In this Agreement, headings are for convenience only and “including” and similar terms are to be construed without limitation. This Agreement may be executed in counterparts (including electronic copies and PDFs), each of which is deemed an original and which together form one and the same agreement.
  - 
Amendments. Except as otherwise provided herein, any amendments, modifications or supplements to this Agreement must be in writing and signed by each party’s authorized representatives or, as appropriate, agreed through electronic means provided by Sentry. Nonetheless, with notice to Customer, Sentry may modify the Policies to reflect new features or changing practices, but the modifications will not materially decrease Sentry’s overall obligations during a Subscription Term. The terms in any Customer purchase order or business form will not amend or modify this Agreement and are expressly rejected by Sentry; any of these Customer documents are for administrative purposes only and have no legal effect.
  - 
Waivers and Severability. Waivers must be signed by the waiving party’s authorized representative and cannot be implied from conduct. If any provision of this Agreement is held invalid, illegal or unenforceable, it will be limited to the minimum extent necessary so the rest of this Agreement remains in effect.
  - 
Force Majeure. Neither party is liable for any delay or failure to perform any obligation under this Agreement (except for a failure to pay fees) due to events beyond its reasonable control, such as a strike, blockade, war, act of terrorism, pandemic, riot, Internet or utility failures, refusal of government license or natural disaster.
  - 
Subcontractors. Sentry may use subcontractors and permit them to exercise Sentry’s rights, but Sentry remains responsible for their compliance with this Agreement and for its overall performance under this Agreement.
  - 
Independent Contractors. The parties are independent contractors, not agents, partners or joint venturers.
  - 
Export Control. Customer agrees to comply with all relevant U.S. and foreign export and import Laws in using the Service. Customer (a) represents and warrants that it is not listed on any U.S. government list of prohibited or restricted parties or located in (or a national of) a country that is subject to a U.S. government embargo or that has been designated by the U.S. government as a “terrorist supporting” country, (b) agrees not to access or use the Service in violation of any U.S. export embargo, prohibition or restriction and (c) will not submit to the Service any information controlled under the U.S. International Traffic in Arms Regulations.
  - 
Government End-Users. Elements of the Service are commercial computer software. If the user or licensee of the Service is an agency, department, or other entity of the United States Government, the use, duplication, reproduction, release, modification, disclosure, or transfer of the Service or any related documentation of any kind, including technical data and manuals, is restricted by the terms of this Agreement in accordance with Federal Acquisition Regulation 12.212 for civilian purposes and Defense Federal Acquisition Regulation Supplement 227.7202 for military purposes. The Service was developed fully at private expense. All other use is prohibited.
- 
- 
Definitions “Additional Uses” means any legitimate business purposes such as analytics, benchmarking, reporting and developing new products and services. “Affiliate” means an entity directly or indirectly owned by, controlled by or under common control with a party, where “ownership” means the beneficial ownership of fifty percent (50%) or more of an entity’s voting equity securities or other equivalent voting interests and “control” means the power to direct the management or affairs of an entity. “Aggregated or Anonymized” means de-identified or aggregated so that it does not individually identify Customer, its Users or any other person, and Sentry will not identify Customer as the source of such data. “AUP” means the Acceptable Use Policy, the current version of which is at https://sentry.io/legal/aup/. “BAA” means the Business Associate Agreement, if any, separately executed by the parties in connection with this Agreement. “CCPA” means the California Consumer Privacy Act of 2018 (California Civil Code §§1798.100 et seq.); as may be amended, superseded or replaced from time to time. “Customer Application” means Customer’s application, website or other offering owned and operated by (or for the benefit of) Customer which Customer uses the Service to monitor. “Documentation” means Sentry’s usage guidelines and standard technical documentation for the Service, the current versions of which are at https://docs.sentry.io/ and https://docs.codecov.com/docs, respectively. “DPA” means the Data Protection Addendum, if any, separately executed by the parties in connection with this Agreement. “European Data Protection Legislation” means the data protection and privacy laws and regulations enacted in Europe and applicable to the Personal Data in question, including as applicable: (a) the GDPR; (b) the Federal Data Protection Act of 19 June 1992 (Switzerland); and/or (c) in respect of the United Kingdom, the Data Protection Act 2018 and any applicable national legislation that replaces or converts in domestic law the GDPR or any other law relating to data and privacy as a consequence of the United Kingdom leaving the European Union; in each case as may be amended, superseded or replaced from time to time. “GDPR” means European Union Regulation 2016/679, as may be amended, superseded or replaced from time to time. “High Risk Activities” means activities where use or failure of the Service could lead to death, personal injury or environmental damage, including life support systems, emergency services, nuclear facilities, autonomous vehicles or air traffic control. “Laws” means all relevant local, state, federal and international laws, regulations and conventions, including those related to data privacy and data transfer, international communications and export of technical or personal data. “Non-Identifying Data” means elements of Service Data that by their nature cannot be used to identify Customer or its Users. For avoidance of doubt, Non-Identifying Data will not include any Personal Data, source code, content or attachments. “Order” has the meaning set forth in the second paragraph of this Agreement. “Personal Data” means personal data or personal information (as those terms are defined by European Data Protection Legislation or the CCPA, as applicable). “PHI” means any patient, medical or other protected health information regulated by the Health Insurance Portability and Accountability Act (as amended and supplemented) (“HIPAA”). “Policies” means the AUP, Privacy Policy, Security Policy or any other Sentry policies referenced in or attached to this Agreement. “Privacy Policy” means the Privacy Policy for the relevant Service, the current versions of which are at https://sentry.io/privacy/ and https://about.codecov.io/privacy/, respectively. “SDK” means a software developer kit or other input tool that enables Customer to submit Service Data regarding a Customer Application to the Service. “Scope of Use” means any monthly usage quota or seat allowance set forth in an Order. “Security Policy” means the Security Policy for the relevant Service, the current versions of which are at https://sentry.io/security/ and https://about.codecov.io/security/, respectively. “Sensitive Personal Information” means any (a) special categories of data enumerated in the GDPR, Article 9(1) or any successor legislation, (b) PHI, (c) credit, debit or other payment card data subject to the Payment Card Industry Data Security Standards (PCI DSS), (d) other information subject to regulation or protection under specific Laws such as the Children’s Online Privacy Protection Act or Gramm-Leach-Bliley Act (or related rules or regulations), (e) social security numbers, driver’s license numbers or other government ID numbers or (f) any data similar to the above protected under foreign or domestic laws. “Service” means Sentry’s proprietary cloud service identified in the relevant Order or otherwise provided to Customer, as modified from time to time. The Service includes the Documentation but does not include SDKs or Third-Party Platforms. “Service Data” means data collected from a Customer Application that is reported to the Service, such as the occurrence of a software exception or bug, software test coverage metrics, telemetry that captures how a user interacts with a Customer Application, software performance metrics or system resource usage (including any associated context, metadata, files or attachments) or any other data, content or materials that Customer (including its Users) submits to the Service, including from Third-Party Platforms. “Subscription Term” means the term for Customer’s use of the Service as identified in an Order. “Support” means technical support for the Service. “Third-Party Platform” means any platform, add-on, service or product not provided by Sentry that Customer elects to integrate or enable for use with the Service. “Usage Data” means technical logs, data and other learnings about Customer’s and its Users’ configuration and use of the Service, such as monthly quota information and frameworks in use. “User” means any employee or contractor of Customer or its Affiliates that Customer allows to use the Service on its behalf.
- 
Purchase from Reseller. If Customer obtained the Service through an authorized reseller of Sentry (“Reseller”), the following terms are applicable and will prevail in event of any conflict with any other provisions of this Agreement: 
  - 
This Agreement is between Sentry and Customer and governs all access and use of the Service by Customer. Resellers are not authorized to modify this Agreement or make any promises or commitments on Sentry’s behalf, and Sentry is not bound by any obligations to Customer other than as set forth in this Agreement. Sentry is not party to (or responsible under) any separate agreement between Customer and Reseller and is not responsible for the Reseller’s acts, omissions, products or services.
  - 
Customer’s order details (e.g., Scope of Use and fees) will be as stated in the Order placed by Reseller with Sentry on Customer’s behalf. The Reseller is responsible for the accuracy of such Order.
  - 
The amount paid by Customer to the Reseller will be deemed the amount paid or payable by Customer to Sentry under this Agreement for purposes of Section 13 (Limitations of Liability).
  - 
Instead of paying Sentry, Customer will pay the applicable amounts to the Reseller, as agreed between Customer and the Reseller. If the Reseller fails to pay Sentry the applicable fees for Customer’s use of the Service, Sentry reserves the right to terminate the applicable Subscription Term for such Service and all related rights granted hereunder.
  - 
In the event Customer is entitled to a refund under this Agreement, Customer must request such refund through the Reseller. Any request sent directly to Sentry may be redirected to the Reseller. Sentry will refund any applicable fees to the Reseller and the Reseller will be solely responsible for refunding such fees to Customer, unless otherwise specified by Sentry. Sentry will have no further liability to Customer in the event the Reseller fails to refund such fees to Customer.
-",2026-08-13,terms,terms page for Sentry; 42163 characters of main content; served from cache; text via trafilatura,200,True,True,True,1,75184f5397eb219962bb736858af582404f2f40ad5e33c94b8919aceddd2106c,trafilatura,"integrations_api, pricing_availability, privacy_data_handling"
Postman,https://www.postman.com/product/what-is-postman/,product,"Postman API Platform - Build, Test & Manage","Postman API Platform
Postman is a unified platform for designing, testing, distributing, documenting, and monitoring APIs. It provides the governance enterprises require in a platform developers already know and love, enabling teams to collaborate seamlessly throughout API development.
API security & governance
AI
What is Postman?
Postman is the world's leading API platform, transforming API development from a fragmented, multi-tool challenge into a unified, collaborative process that spans design, testing, documentation, and monitoring. Built from a foundation of developer love, evolved to meet enterprise demands, and architected for AI-first futures, Postman enables organizations to build AI-ready APIs across both human and agentic teams while maintaining the security controls, compliance frameworks, and governance standards that enterprises require.
Ensure API quality at scale without adding more tools to your stack
Reduce rework with unified API workflows
Eliminate tool fragmentation and costly handoffs. Postman keeps specs, code, and documentation aligned with contract-first governance, bi-directional Git sync, and automated pipeline testing.
Eliminate the speed vs. quality vs. security tradeoff
Stop sacrificing security for speed or slowing delivery for compliance. Pipeline-native testing catches failures at commit, automated compliance scanning enforces standards without blocking delivery, and encrypted secret management protects sensitive data so teams ship faster without compromising security.
Build APIs ready for both humans and AI agents
Stop retrofitting APIs for AI compatibility. Postman's governance and standardization make every API discoverable, reliable, and machine-consumable from day one. Centralized catalogs maximize reuse across teams and MCP-powered agent compatibility extends your APIs to intelligent workflows.
Postman powers the world’s APIs
40M+
developers worldwide use Postman
500K+
organizations
98%
of Fortune 500 companies use Postman
Sling TV improves deployment cycles by 70% with Postman
Chat with a Postman expert
Our team has deep experience supporting enterprise companies with their API programs. Get in touch with us to explore ways Postman can help you achieve your API goals.",2026-08-13,product,product page for Postman; 2247 characters of main content; served from cache; text via trafilatura,200,True,True,True,15,ca1a4ee1797dce41d0d437c0aeb978757a288e21ed701625f4f3e5273d96ffff,trafilatura,
Postman,https://www.postman.com/pricing/,pricing,Plans & Pricing | Postman API Platform,"Pricing built for how you work
Clear plans for individuals, teams, and enterprises
Free
For individuals building and testing APIs
$0
- API client & core tools
- Specs & mock servers
- Native Git
- Collection Runner & Performance Testing runs
- Manual Flows
Solo
For individuals who want to move faster with AI and automation
$9
per month (billed annually)
- Everything in Free, and:
- Data-driven testing with exports
- Unlimited private NPM packages & library
- Custom-branded documentation
- Unlimited custom domains
- Expanded API monitoring
Team
For teams building and shipping APIs together
$19
per user/month (billed annually)
- Everything in Solo, and:
- Team collaboration
- Unlimited workspace & collection viewers
- Basic role-based access control (RBAC)
- SDK generation & distribution
- Simple Security (add-on)
Enterprise
For organizations building, managing, and distributing APIs at scale
$49
per user/month (billed annually)
- Everything in Team, and:
- API Catalog
- Unlimited private and Partner workspaces
- Private API Network
- SDK auto-distribution
- Advanced RBAC & organization controls
- Governance, audit logs & reporting
- Monitor reports with enterprise approval workflows
- Private test & Flows runners
- Insights
- Advanced Security Administration (add-on)
Powering the world's leading API teams
Comparison Table
| Postman AI |  |  |  |  |  |  |  |  |  |  |  | 
|  | 50 / month |  |  |  |  |  |  |  |  |  |  | 
|---|---|---|---|---|---|---|---|---|---|---|---|
| Development |  |  |  |  |  |  |  |  |  |  |  | 
| Testing |  |  |  |  |  |  |  |  |  |  |  | 
| Playwright integration |  |  |  |  |  |  |  |  |  |  |  | 
|  | 25 credits / month |  |  |  |  |  |  |  |  |  |  | 
| Production |  |  |  |  |  |  |  |  |  |  |  | 
|  | 1,000 requests |  |  |  |  |  |  |  |  |  |  | 
| Distribution |  |  |  |  |  |  |  |  |  |  |  | 
|  | Postman branded |  |  |  |  |  |  |  |  |  |  | 
| API Management |  |  |  |  |  |  |  |  |  |  |  | 
|  | 1 user |  |  |  |  |  |  |  |  |  |  | 
|  | Up to 5 |  |  |  |  |  |  |  |  |  |  | 
|  | 10,000 |  |  |  |  |  |  |  |  |  |  | 
|  | 1 day |  |  |  |  |  |  |  |  |  |  | 
| Account Discovery |  |  |  |  |  |  |  |  |  |  |  | 
| Account Control |  |  |  |  |  |  |  |  |  |  |  | 
| Manage roles |  |  |  |  |  |  |  |  |  |  |  | 
| Team-level roles |  |  |  |  |  |  |  |  |  |  |  | 
| Workspace-level roles |  |  |  |  |  |  |  |  |  |  |  | 
| Element-level roles |  |  |  |  |  |  |  |  |  |  |  | 
| Support and Legal |  |  |  |  |  |  |  |  |  |  |  | 
|  | Community & Email |  |  |  |  |  |  |  |  |  |  | 
| Premium Support |  |  |  |  |  |  |  |  |  |  |  | 
| Get Started |  |  |  |  |  |  |  |  |  |  |  | 
| Postman AI |  |  |  |  |  |  |  |  |  |  |  | 
|  | 400 / month |  |  |  |  |  |  |  |  |  |  | 
|---|---|---|---|---|---|---|---|---|---|---|---|
|  | $0.05 / credit |  |  |  |  |  |  |  |  |  |  | 
| Development |  |  |  |  |  |  |  |  |  |  |  | 
| Testing |  |  |  |  |  |  |  |  |  |  |  | 
| Playwright integration |  |  |  |  |  |  |  |  |  |  |  | 
|  | 50 credits / month |  |  |  |  |  |  |  |  |  |  | 
| Production |  |  |  |  |  |  |  |  |  |  |  | 
|  | 10,000 requests |  |  |  |  |  |  |  |  |  |  | 
| Distribution |  |  |  |  |  |  |  |  |  |  |  | 
|  | Custom branded |  |  |  |  |  |  |  |  |  |  | 
| API Management |  |  |  |  |  |  |  |  |  |  |  | 
|  | 1 user |  |  |  |  |  |  |  |  |  |  | 
|  | Up to 10 |  |  |  |  |  |  |  |  |  |  | 
|  | 100,000 |  |  |  |  |  |  |  |  |  |  | 
|  | 30 days |  |  |  |  |  |  |  |  |  |  | 
| Account Discovery |  |  |  |  |  |  |  |  |  |  |  | 
| Account Control |  |  |  |  |  |  |  |  |  |  |  | 
| Manage roles |  |  |  |  |  |  |  |  |  |  |  | 
| Team-level roles |  |  |  |  |  |  |  |  |  |  |  | 
| Workspace-level roles |  |  |  |  |  |  |  |  |  |  |  | 
| Element-level roles |  |  |  |  |  |  |  |  |  |  |  | 
| Support and Legal |  |  |  |  |  |  |  |  |  |  |  | 
|  | Community & Email |  |  |  |  |  |  |  |  |  |  | 
| Premium Support |  |  |  |  |  |  |  |  |  |  |  | 
| Get Started |  |  |  |  |  |  |  |  |  |  |  | 
| Postman AI |  |  |  |  |  |  |  |  |  |  |  | 
|  | 400 / user / month |  |  |  |  |  |  |  |  |  |  | 
|---|---|---|---|---|---|---|---|---|---|---|---|
|  | $0.04 / credit |  |  |  |  |  |  |  |  |  |  | 
| Development |  |  |  |  |  |  |  |  |  |  |  | 
| Testing |  |  |  |  |  |  |  |  |  |  |  | 
| Playwright integration |  |  |  |  |  |  |  |  |  |  |  | 
|  | 100 credits / team / month |  |  |  |  |  |  |  |  |  |  | 
| Production |  |  |  |  |  |  |  |  |  |  |  | 
|  | 10,000 requests |  |  |  |  |  |  |  |  |  |  | 
| Distribution |  |  |  |  |  |  |  |  |  |  |  | 
|  | Custom branded |  |  |  |  |  |  |  |  |  |  | 
|  | Unlimited |  |  |  |  |  |  |  |  |  |  | 
| API Management |  |  |  |  |  |  |  |  |  |  |  | 
|  | Unlimited |  |  |  |  |  |  |  |  |  |  | 
|  | Up to 50 |  |  |  |  |  |  |  |  |  |  | 
|  | 1 million |  |  |  |  |  |  |  |  |  |  | 
|  | 90 days |  |  |  |  |  |  |  |  |  |  | 
|  | Basic |  |  |  |  |  |  |  |  |  |  | 
|  | Simple Security add-on |  |  |  |  |  |  |  |  |  |  | 
| Account Discovery |  |  |  |  |  |  |  |  |  |  |  | 
| Account Control |  |  |  |  |  |  |  |  |  |  |  | 
| Manage roles |  |  |  |  |  |  |  |  |  |  |  | 
| Team-level roles |  |  |  |  |  |  |  |  |  |  |  | 
| Workspace-level roles |  |  |  |  |  |  |  |  |  |  |  | 
| Element-level roles |  |  |  |  |  |  |  |  |  |  |  | 
| Support and Legal |  |  |  |  |  |  |  |  |  |  |  | 
|  | Community & Email |  |  |  |  |  |  |  |  |  |  | 
| Premium Support |  |  |  |  |  |  |  |  |  |  |  | 
| Get Started |  |  |  |  |  |  |  |  |  |  |  | 
| Postman AI |  |  |  |  |  |  |  |  |  |  |  | 
|  | 800 / user / month (pooled) |  |  |  |  |  |  |  |  |  |  | 
|---|---|---|---|---|---|---|---|---|---|---|---|
|  | $0.035 / credit (volume pricing available) |  |  |  |  |  |  |  |  |  |  | 
| Development |  |  |  |  |  |  |  |  |  |  |  | 
| Testing |  |  |  |  |  |  |  |  |  |  |  | 
| Playwright integration |  |  |  |  |  |  |  |  |  |  |  | 
|  | 500 credits / team / month |  |  |  |  |  |  |  |  |  |  | 
| Production |  |  |  |  |  |  |  |  |  |  |  | 
|  | 10,000 requests |  |  |  |  |  |  |  |  |  |  | 
|  | Enterprise support & approval workflows |  |  |  |  |  |  |  |  |  |  | 
| Distribution |  |  |  |  |  |  |  |  |  |  |  | 
|  | Custom branded |  |  |  |  |  |  |  |  |  |  | 
|  | + Auto PR feature |  |  |  |  |  |  |  |  |  |  | 
|  | Unlimited |  |  |  |  |  |  |  |  |  |  | 
| API Management |  |  |  |  |  |  |  |  |  |  |  | 
|  | Unlimited |  |  |  |  |  |  |  |  |  |  | 
|  | Up to 100 |  |  |  |  |  |  |  |  |  |  | 
|  | 10 million |  |  |  |  |  |  |  |  |  |  | 
|  | 90 days |  |  |  |  |  |  |  |  |  |  | 
|  | Advanced |  |  |  |  |  |  |  |  |  |  | 
|  | Advanced Security add-on |  |  |  |  |  |  |  |  |  |  | 
|  | Advanced Security add-on |  |  |  |  |  |  |  |  |  |  | 
|  | Advanced Security add-on |  |  |  |  |  |  |  |  |  |  | 
| Account Discovery | Advanced Security add-on |  |  |  |  |  |  |  |  |  |  | 
| Account Control | Advanced Security add-on |  |  |  |  |  |  |  |  |  |  | 
| Manage roles |  |  |  |  |  |  |  |  |  |  |  | 
| Team-level roles |  |  |  |  |  |  |  |  |  |  |  | 
| Workspace-level roles |  |  |  |  |  |  |  |  |  |  |  | 
| Element-level roles |  |  |  |  |  |  |  |  |  |  |  | 
| Support and Legal |  |  |  |  |  |  |  |  |  |  |  | 
|  | 24x5 support (24h SLA) |  |  |  |  |  |  |  |  |  |  | 
| Premium Support | Premium Support add-on |  |  |  |  |  |  |  |  |  |  | 
| Get StartedContact Sales |  |  |  |  |  |  |  |  |  |  |  | 
Extend Postman with add-ons
Add advanced security and support capabilities as your team scales.
Simple Security
Add single sign-on (SSO) to your Team plan to centralize authentication for your Postman team. Authenticate users through your identity provider and automatically provision access when they sign in.
What's included:
- SSO with Google Workspace, Microsoft Entra ID (Azure AD), Okta, OneLogin, Ping, Duo, AD FS, or custom SAML
- Enforced SSO login or optional multiple sign-in methods
- Just-in-Time (JIT) provisioning (always enabled)
Organization-level add-on. Must be enabled for all licensed users. Included with Enterprise plans. Not available on Free or Solo. SCIM provisioning not included.
Advanced Security Administration
Add organization-wide security and governance controls to protect your corporate IP across private and internal Postman elements.
What's included:
- Advanced Account Management
- Enable domain capture to automatically route corporate email logins into your managed Enterprise organization.
- Detect Postman usage across your company network regardless of the email address used to authenticate (Account Discovery).
- Apply policies to report or block unmanaged users and enforce company-managed Postman experiences (Account Control).
- Advanced Security Controls
- Detect exposed secrets across internal, private, and partner workspaces with Cloud Secret Detection, including an analytics dashboard and alerts.
- Securely reuse sensitive data with Azure Key Vault, HashiCorp Vault, AWS Secrets Manager, and 1Password.
- Configure and apply custom patterns across all secret scanning capabilities, including local secret protection, cloud secret detection, and Agent Mode guardrails.
- Bring Your Own Key (BYOK) encryption to protect sensitive data in compliance with industry standards.
Organization-level add-on. Must be purchased for all licensed users. Enterprise plan only.
Usage-Based Services
Extend your API development and testing with pay-as-you-go capabilities on paid plans only. Usage-based pricing lets you start small and scale intentionally.
AI Credits
Each paid plan includes a monthly allotment of AI credits to power AI-driven actions across Postman including generating requests, writing tests, updating documentation, and executing workflow steps.
If you exceed your included credits, you can continue using Postman AI with pay-as-you-go pricing when enabled by your Billing Admin. Enterprise customers can contact Sales to discuss volume pricing options.
AI credits can be used to:
- Generate and update collections, tests, and Flows using Agent Mode
- Analyze responses and troubleshoot API behavior
- Automate documentation and workflow steps across your API lifecycle
Monitoring
Automatically run API tests at scheduled intervals to validate availability, correctness, and performance.
- Monitor individual endpoints or entire APIs
- Track HTTP response codes and failures
- Measure latency over time
- Get alerted when tests fail
$20 per 50,000 requests / team / month
Insights
Analyze API traffic to understand usage patterns, performance trends, and operational issues across your APIs.
- Track request volume and trends over time
- Identify slow or error-prone endpoints
- Understand consumer behavior and API usage patterns
- Support data-driven decisions for API reliability and scale
Flows Credits
Each plan includes a monthly allotment of Flows credits. If you exceed your included credits, usage can continue with pay-as-you-go pricing when enabled by your Billing Admin. Enterprise customers can contact sales to discuss volume pricing.
- Track request volume and trends over time
- Flows credits power API orchestration and automation steps within Postman Flows.
- Use Flows to design and run API-driven workflows across systems using a visual builder. Credits are consumed as flows execute and perform usage-based operations.
$1 per 1000 Flows credits
Frequently asked questions
How is Postman priced?
Postman is priced per user, per month, with discounts for annual billing. Plans are designed around how you work:
- Free and Solo are single-player plans.
- Team is for collaboration
- Enterprise is for organization-wide scale, governance, and control
Some capabilities are usage-based, and a small number of security features are available as add-ons.
What's the difference between Free and Solo?
Free supports core solo API development and testing for individual developers.
Solo builds on that foundation with higher limits, expanded AI usage, and automation for developers who want to move faster on their own.
In short:
Free is for basic solo API work
Solo is for power users who need speed and automation
When should I upgrade to a Team or Enterprise plan?
You should consider a Team plan when API work becomes shared:
- Multiple people need to edit or review APIs
- You want shared workspaces and viewers
- APIs are being shipped and consumed by other teams or services
- You need centralized visibility across teams and APIs
- You want admin-level security, access, and policy controls
- APIs are part of critical or regulated production workflows
In short, Team unlocks collaboration, while Enterprise adds organization-wide control, security, and governance.
What happens to the Basic and Professional plans?
Basic and Professional plans are no longer available for new customers.
Existing Basic customers will move to the Team plan over time, which is designed for collaborative API work. Certain custom plans will continue to be available for eligible customers for a limited period, including their current pricing and features.
Professional customers will continue to be supported on their current plan and pricing, and are not required to change plans.
You can read more about these changes in this blog.
What does ""automation"" mean in the Solo plan?
Automation in Solo means reducing repetitive manual work for an individual developer.
This includes:
- Higher AI usage
- Data-driven test runs with exports
- Reusable workflows and packages
- Secure secret management for repeatable execution
How does AI usage work across plans?
All plans include access to Postman AI, with usage limits that vary by plan.
- Free includes limited AI usage
- Solo and Team include higher per-user limits
- Enterprise includes pooled usage and additional controls
Additional AI usage is available on a pay-as-you-go basis for paid plans. Learn more about Postman AI here.
What does ""usage-based"" pricing mean?
Some services scale with activity rather than team size.
These include:
- API monitoring
- Insights (Enterprise only)
- AI and Flows usage
Usage-based pricing, available on any paid plan, helps keep entry costs predictable while fairly supporting higher-scale use cases. You can see consumption costs above this FAQ section.
What happens if I exceed my included usage?
We'll notify you as you approach usage limits.
Depending on the service:
- Additional usage may be billed on eligible paid plans where pay-as-you-go is enabled.
- Or the specific usage-based feature may pause until the next billing cycle.
You can find details for each service in the Usage-based services section above, or in our documentation.
Is Postman secure by default?
Yes. Postman includes baseline security features across all plans, including secret scanning and secure handling of sensitive data.
Enterprise plans add centralized visibility, advanced controls, and compliance-focused capabilities.
Can I try Enterprise features before buying?
Yes. Teams can trial Enterprise features to evaluate advanced collaboration, security, and governance before upgrading.
Will Postman V11 continue to be supported?
Yes. Postman V11 will continue to be supported, and customers can remain on their current version through their contract term.
Migration paths will be provided for customers who choose to move to V12.
Can I change plans later?
Yes, you can upgrade or adjust your plan from the available options as your needs change.
Moving between plans is expected as work evolves from individual → team → organization.",2026-08-13,pricing,pricing page for Postman; 15738 characters of main content; served from cache; text via trafilatura,200,True,True,True,24,65e28af4f293072a6092a59267672f9b9b8bf98658c1c859a5fd2b0420e3f2f9,trafilatura,"data_residency, integrations_api, pricing_availability, support_documentation, uptime_reliability"
Postman,https://www.postman.com/trust/security/,security,"Postman Security - Compliance, Privacy, & Reliability","Postman Enterprise Platform Security
Developers love us. CISOs trust us.
Developers choose Postman because it's where API work happens. Security teams trust it because protection is built into every layer. We give CISOs visibility and controls that follow every developer and agent, with compliance evidence that's ready when your auditors ask.
Trusted by security teams at
Postman is now AI-native and so is our security model.
APIs and AI agents are inseparable in the modern enterprise. Postman is the only platform that governs both with security controls that protect your data before it moves, not after.
Postman's security model gives me confidence that credentials stay where they belong environment variables keep secrets out of collection files, role-based access ensures people only see what they're supposed to, and every change is auditable and traceable.”
AI & Agent Mode Security
Your data doesn't train our models. Your team controls who uses AI and how.
Postman Enterprise gives security teams full control over AI usage, from what data the agents can access to who can run agents and which tools that can connect too.
AI & Data Protection
Your data doesn't train our models
Credential Protection
Secret scanning before it reaches any LLM.
PII Protection
PII data redaction via third-party guardrails.
CISOs Control AI Access
Govern who can use AI in your org.
MCP Governance
Control how MCP is used in your org.
Admin Controls
You decide if the Autonomous API Engineer runs.
Humans stay in the loop
Auto-run is off by default
Secret Security
Stop credential sprawl at the source
Credential abuse causes 22% of all data breaches. Postman sits where developers first test API calls; stopping secrets before they spread, and catching anything that slips through.
Keep secrets out of Postman Cloud and Git.
Find and mitigate secrets in Postman Cloud.
Vault references are resolved just-in-time at the moment of request.
Local Vault
Encrypted on-device only with no secrets synced to Postman Cloud
Shared Vault
Per-workspace vault for secure team collaboration.
Vault Integrations
HashiCorp, AWS Secrets Manager, Azure Key Vault, 1Password.
Bring Your Own Key
Supply your own encryption key revocable at any time.
- Layer 1 Local Secret Protection View secrets documentation →Keep secrets out of Postman Cloud and Git.
- Layer 2 Cloud Secret DetectionFind and mitigate secrets in Postman Cloud.
- Layer 3 Secret Resolution at RuntimeVault references are resolved just-in-time at the moment of request.
Information Governance & Access Control
Every developer. Every account. One governance layer.
Account Discovery and Control
Domain Verification & Account Capture
Single Sign-On (SSO)
SCIM Provisioning
Role-Based Access Control
Postman Organizations
Audit Logs
Data Residency
Shared responsibility model
We rely on our users to help safeguard their data and credentials in Postman. We strongly encourage customers, security teams, and developers to use Postman securely.
Compliance & Certifications
Compliance isn't a checkbox it's a proof point. Ours are downloadable.
All compliance documents SOC 2 Type II reports, penetration test summaries, audit reports, and security questionnaire responses are available via the Postman Customer Trust Portal.
SOC 2 Type II reports, penetration test summaries, security questionnaire responses, architecture diagrams, and more available on demand for your security review team.
Access the Customer Trust Portal
Privacy
Privacy by design globally compliant
Postman does not sell your data for commercial purposes or share it as defined under CCPA and CPRA. All third-party vendors are required to execute Postman's standard vendor DPA before any data is shared.
Privacy Policy
Global Data Privacy Frameworks
Bug Bounty Program
We put our security to the test with the global research community
Postman runs a private bug bounty program through HackerOne, inviting security researchers worldwide to identify and responsibly disclose vulnerabilities in the Postman API Platform. All findings are scored with CVSS, assigned an owner, and tracked to resolution against internal SLAs.
Agent Mode was subjected to internal AppSec testing and its first third-party penetration test in early 2026 results available on the Trust Portal. Our bug bounty program has paid out over $350,000 to more than 800 researchers since 2017.
From the Postman security team
Perspectives from the engineers and security leaders building and defending the platform and thinking ahead on what matters most for enterprise API security.
Frequently Asked Questions
What are Postman's data encryption and key management practices?
Postman uses strong encryption (AES-256-GCM) for data at rest and TLS for data in transit. All sensitive data, including environment variables, secrets, and access tokens, is encrypted at the application layer and managed via a key management system (KMS).
Enterprise customers can also opt for Postman's Bring Your Own Key (BYOK) encryption feature, which enables them to manage and control their own encryption keys. These keys are never accessible by Postman, and all encryption events are logged for compliance and auditing.
Postman does not use customer data in internal testing. All validation and QA efforts are conducted on a production-mirrored internal stack using fictitious data only.
We keep your data in secure offline backups for 15 days after you delete your account or end your relationship with us. After that period, Postman permanently deletes your data from the product.
How does Postman protect data centers?
Postman has no in-house data centers and uses AWS to manage its data centers' physical and environmental security. Our company's product data and backups are hosted on AWS servers in the EU and the U.S., which offer strong security and privacy-focused features.
How does Postman secure its applications?
Postman secures its applications at every layer and phase, from development to deployment and operation. Our applications run on the latest stable version of Node.js, an open-source programming language. We use containerization to isolate software, set architectural security guidelines, and perform code reviews. Industry standards and security frameworks are applied throughout the software development lifecycle, with testing for OWASP vulnerabilities. Annually, third-party firms validate our ecosystem's security, and our bug bounty program allows anyone to report potential vulnerabilities in the Postman API Platform.
Our company's automated and manual code review processes search for any code that could potentially violate corporate security policies. We also have patching mechanisms built into the operating systems to update devices automatically.
What are Postman's vulnerability management processes?
We monitor the security of our products and applications through various ongoing activities, including regularly scheduled Vulnerability Assessment and Penetration Testing (VAPT) for all product releases.
We also conduct vulnerability scans on the network, application, and operating system layers at regular intervals throughout the year, enabling us to patch vulnerabilities across Postman's computing devices and applications.
All issues found are assigned a score using the Common Vulnerability Scoring System (CVSS), an owner, and a deadline based on an internal Service Level Agreement (SLA) for fixing vulnerabilities. We may also remove and turn off services.
Additionally, we use an automated tool for source code analysis, which runs before every production release. This tool covers vulnerabilities in open-source software and libraries. You can view applicable third-party licenses and a list of open-source software.
Does Postman share customer data with any of its third-party partners or sub-processors?
We only share information with third parties to help us operate, support, and market our services. We do not sell your data for commercial purposes or ""share"" data as defined under the CCPA and CPRA. All third-party vendors, including our sub-processors, undergo a privacy risk assessment and are required to execute our standard vendor DPA. Prospective customers can request access through our Customer Trust Portal. You can also view the complete list of Postman sub-processors.
How does Postman manage attack prevention and mitigation?
We log activity across our platform, from individual API requests to infrastructure configuration changes. Logs are aggregated for monitoring, analysis, and anomaly detection and archived in vaulted storage.
Our company further implements measures to detect and prevent log tampering or interruptions. To detect security breaches, we monitor access patterns and network data flow patterns using automated systems that alert us to any anomalies. In addition, we run automated scans on each feature release to ensure we reduce any security issues from third-party libraries.
Also, our leadership team is notified automatically in the event of a customer-reported breach. In accordance with Postman's corporate policies, we respond to the report within a few hours.
What is Postman's incident response policy?
Our company has incident response policies and procedures to help mitigate cyber risks around service availability, integrity, security, privacy, and confidentiality. As a result, we train our Postman teams to:
- Promptly respond to alerts of potential incidents
- Analyze and assess the severity of potential incidents
- Execute mitigation and containment measures
- Communicate with relevant internal and external stakeholders, including notifying affected customers and meeting contractual obligations around breach or incident notifications.
- Gather and preserve forensic evidence for investigative efforts
- Conduct and document a postmortem while developing a permanent triage plan
The incident response policies and processes are audited as part of our System and Organization Controls (SOC 2) and other security assessments.
How can I contact Postman Security to report potential abuse or vulnerabilities?
Please contact our customer support team or security@postman.com to report potentially abusive behavior or malicious activity involving Postman accounts or resources.
To report a vulnerability, check out our reporting page on HackerOne. Security researchers should also review our security guidelines and policy for reporting security vulnerabilities through our bug bounty program.
If you want additional information about our security policies, please contact us at security@postman.com. You can use our PGP public key to encrypt your communications with us.
Does Postman have a bug bounty program?
Yes. Postman runs a private bug bounty program through HackerOne. For full details on scope, eligibility, and how to submit a report, visit our vulnerability reporting page.
The platform your developers love. The security controls your CISO trusts.
Talk to our enterprise security team and see how Postman addresses your specific security, compliance, and governance requirements. Questions? security@postman.com
Visit Trust Portal →",2026-08-13,"security, human-verified",security page for Postman; 11119 characters of main content; served from cache; text via trafilatura,200,True,True,True,18,202416bdc8abfb0b48875c247d52d5ffb8c813e3f1e457072fac72e997653959,trafilatura,"data_residency, encryption, integrations_api, privacy_data_handling, security_trust, support_documentation"
Postman,https://www.postman.com/legal/privacy-policy/,privacy,,"If you're seeing this message, that means
JavaScript has been disabled on your browser
, please
enable JS
to make this app work.",2026-08-13,privacy,"privacy page for Postman; 128 characters of main content; served from cache; text via trafilatura; NOT USABLE AS EVIDENCE - only 0 readable characters and 0 heading blocks, almost certainly JavaScript-rendered",200,True,True,False,0,2bc4efb8307797e07b3844bb9d2e245bd8afc3c5b7e18cbb8728437cd5ed1d5c,trafilatura,
Postman,https://learning.postman.com/docs/introduction/overview/,docs,Get started in Postman | Postman Docs,"Get started in Postman
Welcome to the Postman Docs! This is the place to find official information on how to use Postman in your API projects.
To learn how to accomplish a specific task or workflow in Postman, check out the following topics:
Get up and running with Postman. Learn how to use Postman to send requests, and write tests.
To get started, download and install the Postman desktop app.
Once you’re in Postman, check out how to navigate the interface.
Create a Postman account. Then, learn how to set up and customize Postman and your profile.
Send API requests, group them in collections, and secure your data with Postman Vault.
Write scripts to add dynamic behavior to requests and collections. Perform API tests, add dynamic parameters, pass data between requests, and more.
Use Spec Hub to design your API’s structure, or use types in collections to design your API with the Postman Collection format.
Collaborate with your team on API projects. Create internal workspaces, where team members can share, version, and discuss their work and collaborate on API projects.
Deploy Postman at scale to your team. Customize and secure your team’s experience, and manage your team and plan.
Having trouble? Learn how to troubleshoot app issues.
Share your thoughts on the Postman Docs and help the Postman team continue improving them for the Postman community. To submit feedback, scroll to the bottom of any document and choose thumbs up or thumbs down, then provide more details (optional) and click Feedback.",2026-08-13,docs,"docs page for Postman; 1519 characters of main content; served from cache; text via trafilatura; NOT USABLE AS EVIDENCE - only 2370 readable characters and 2 heading blocks, almost certainly JavaScript-rendered",200,True,True,False,2,7e7f9df36bf1ab1b623feb598c7c560ae41f694fcfb345077eca624d990d26d2,trafilatura,
Postman,https://status.postman.com/,status,Postman Status,"US
       
   
  
    Operational
  
  
    
  
  
   
      Postman Platform on Desktop
   
    
  
    Operational
  
  
    
      
   
      Postman Platform on Browser
   
    
  
    Operational
  
  
    
      
   
      Postman Login
   
    
  
    Operational
  
  
    
      
   
      Postman Monitors
   
    
  
    Operational
  
  
    
      
   
      Postman Mocks
   
    
  
    Operational
  
  
    
      
   
      Postman API
   
    
  
    Operational
  
  
    
      
   
      Postman API Network (API Explore)
   
    
  
    Operational
  
  
    
      
   
      Run Button
   
    
  
    Operational
  
  
    
      
   
      Postman Search
   
    
  
    Operational
  
  
    
      
   
      Public Collection Documentation
   
    
  
    Operational
  
  
    
      
   
      Newman
   
    
  
    Operational
  
  
    
      
   
      Postman Learning Center and Documentation
   
    
  
    Operational
  
  
    
      
   
      Postman Support and  Community Forum
   
    
  
    Operational
  
  
    
      
   
      Postman Integrations
   
    
  
    Operational
  
  
    
      
   
      Postman Interceptor
   
  
    Operational
  
  
    
      
   
      Marketing Website
   
    
  
    Operational
  
  
    
      
   
      Postbot
   
    
  
    Operational
  
  
    
      
   
      Postman VS Code extension
   
    
  
    Operational
  
  
    
      
   
      API Builder
   
    
  
    Operational
  
  
    
      
   
      API Specifications
   
    
  
    Operational
  
  
    
      
   
      Collection Runner
   
  
    Operational
  
  
    
      
   
      Postman CLI
   
  
    Operational
  
  
    
      
   
      Agent Mode
   
  
    Operational
  
  
    
  
   
       
       
         Europe
       
   
  
    Operational
  
  
    
  
  
    
    Operational
  
  
    
    Degraded Performance
  
  
    
    Partial Outage
  
  
  
    
    Major Outage
  
  
    
    Maintenance
  
          
            
            Major outage
          
          
          
        
        
          
            
            Partial outage
          
          
          
        
        
          No downtime recorded on this day.
        
        
          No data exists for this day.
        
        
          
          
          had a major outage.
        
        
          
          
          had a partial outage.
        
      
                    We will be performing a planned database upgrade in the US data centre to ensure the latest version and security patches are applied. During this time, users with data in US region may experience temporary service disruptions while using Postman across all platforms.
Maintenance is expected to last approximately 2 hours and we will provide regular updates on the progress. Please note, this downtime only affects users with data in US region. Services for users in our EU data centre will remain unaffected.
If you have any questions, please don't hesitate to reach out to our support team at support@postman.com.
We appreciate your patience and understanding during this maintenance window.
Posted on Aug 12, 2026 - 02:39 PDT
              Posted on Aug 12, 2026 - 02:39 PDT",2026-08-13,status,status page for Postman; 3261 characters of main content; served from cache; text via trafilatura,200,True,True,True,20,c1d5d7b4b49fc9c9f1f2b4683aaca1c62fca084f7cbc379f98b762973412c2a5,trafilatura,uptime_reliability
Postman,https://www.postman.com/legal/terms,terms,Postman Terms of Service | Postman,"Platform
What's New
Security
Integrations
Explore
Postman API Network
MCP Server Catalog
Design & Build
Spec Hub
Manage specifications
Workspaces
Collaborate with teams
Mock Servers
Simulate API behavior
SDK Generator
Create SDKs instantly
Flows
Create visual workflows
Test & Validate
API Client
Send API requests
Collection Runner
Automate API workflows
Monitors
Validate performance
Webhooks
First-class webhook support
Manage & Operate
API Catalog
Know every API and service
Insights
Track every endpoint
AI Engineer
AI Engineer is ready to help
Agent Mode
Automate API workflows with native AI
Postman CLI
Work with Postman from the command line
Postman MCP Server
Give API context to your AI agents
API Governance
Enforce API standards at scale
Partner API Management
Onboard partners in days, not months
API Lifecycle Management
Run every stage as one connected system
SDLC Automation
Embed quality into every delivery stage
Learn
Learning Hub
Docs
Enterprise Onboarding
Postman Academy
Customer Stories
Postman Best Practices
Connect
Community
Events
Discord
Postman MCP Server
Partner Program
Get Support
Support Center
Release Notes
Postman Status
Security
Postman
Blog
Press and Media
About Postman
Tools
Spec editor and visualizer
Check API health
Check site uptime
Check site speed
cURL to code
Language
English
日本語
Platform
What's New
Security
Integrations
Explore
Postman API Network
MCP Server Catalog
Design & Build
Spec Hub
Manage specifications
Workspaces
Collaborate with teams
Mock Servers
Simulate API behavior
SDK Generator
Create SDKs instantly
Flows
Create visual workflows
Test & Validate
API Client
Send API requests
Collection Runner
Automate API workflows
Monitors
Validate performance
Webhooks
First-class webhook support
Manage & Operate
API Catalog
Know every API and service
Insights
Track every endpoint
AI Engineer
AI Engineer is ready to help
Agent Mode
Automate API workflows with native AI
Postman CLI
Work with Postman from the command line
Postman MCP Server
Give API context to your AI agents
API Governance
Enforce API standards at scale
Partner API Management
Onboard partners in days, not months
API Lifecycle Management
Run every stage as one connected system
SDLC Automation
Embed quality into every delivery stage
Learn
Learning Hub
Docs
Enterprise Onboarding
Postman Academy
Customer Stories
Postman Best Practices
Connect
Community
Events
Discord
Postman MCP Server
Partner Program
Get Support
Support Center
Release Notes
Postman Status
Security
Postman
Blog
Press and Media
About Postman
Tools
Spec editor and visualizer
Check API health
Check site uptime
Check site speed
cURL to code
Language
English
日本語
Postman Terms of Service",2026-08-13,terms,terms page for Postman; 2682 characters of main content; served from cache; text via trafilatura,200,True,True,True,3,accf4ca58718b91282f95053046d926702d0da0f9dbe8e176e924c0f776cab15,trafilatura,
Atlassian,https://www.atlassian.com/software/jira,product,Jira | Project Management for the AI Era | Atlassian,Jira | Project Management for the AI Era | Atlassian,2026-08-13,product,"product page for Atlassian; 52 characters of main content; served from cache; text via visible-text (trafilatura returned nothing); NOT USABLE AS EVIDENCE - only 52 readable characters and 0 heading blocks, almost certainly JavaScript-rendered",200,True,True,False,0,e3e16ddc2e506b2ff484fb674a8503703df7b77d60cb8cdebdd83583e8516cfe,visible-text (trafilatura returned nothing),
Atlassian,https://www.atlassian.com/software/jira/pricing,pricing,Unlock the Best Jira Pricing Plans for Your Team Today | Atlassian,The #1 software development tool used by agile teams. Try it free or buy now. Available for cloud or server. Built for teams of all sizes.,2026-08-13,pricing,"pricing page for Atlassian; 138 characters of main content; served from cache; text via trafilatura; NOT USABLE AS EVIDENCE - only 66 readable characters and 0 heading blocks, almost certainly JavaScript-rendered",200,True,True,False,0,1d21898cfde1450b40c3b3ef6c9f36e9a4ea94f497a247b15baff74ac2dc926c,trafilatura,
Atlassian,https://www.atlassian.com/trust/compliance,security,Comprehensive Data Protection | Atlassian,"Comprehensive data protection
Protect your organization by partnering with Atlassian to help ensure your data is secure, private, compliant, and available.
Data security
Our platform and processes follow security best practices for a layered approach to protect your data. We have tools such as the detections program, secure software development, and external penetration testing, paired with a growing set of controls to help you safeguard your data.
Security and risk responses
Download pre-filled vendor security assessment questionnaires.
Data protection whitepaper
Learn how you can partner with Atlassian to protect your most vital assets.
Security advisories
Stay in the know on current security advisories.
Identity and access management
Limit privileged access and take a zero trust approach to protect your users and data. Apply the same organization-wide IAM principles across Atlassian products using Atlassian Guard to connect an identity provider, enforce SSO and MFA, manage external user security, and more.
Zero trust principles
Take a zero trust approach to reduce the risk of data compromise.
Effective user management
Manage users in Atlassian Cloud with confidence.
Organization-wide IAM
Extend your IAM policies in Atlassian Cloud.
Data privacy
We’re committed to maintaining trust through transparent policies. With multiple layers of protection, you stay in the driver’s seat to manage how and where your data is accessed.
Privacy policy
Learn about how we collect, use, and disclose personal data.
Data processing addendum
Review how we process personal data across our products.
Security Measures
We maintain appropriate technical and organizational measures to protect personal data.
Teamwork solutions built on trust
If you feel like privacy laws are evolving quickly, you’re not alone. Subscribe to get updates whenever we make changes to our privacy policy and get the latest on how we’re addressing changes in the market.
Data recovery
Atlassian maintains a standby replica in different availability zones for redundancy and failover capability. You are empowered with data recovery capabilities, such as backup and restore manager, site/product delayed deletion, and site resurrection.
High-availability and failover
Understand how Atlassian manages customer data.
Reliability at scale
Review Atlassian’s Service Level Agreement.
Architecture
Hosted on AWS to provide additional resiliency and recovery capabilities.
enterprise-level compliance
Our compliance certifications
Stay on top of evolving regulatory expectations worldwide with our growing list of compliance certifications. Our cloud apps regularly undergo independent verification of their security, privacy, and compliance controls to ensure they meet global standards.
Customers trust us to protect their data
Have questions? Contact us.
Reach out to our sales team for questions about our products and capabilities.",2026-08-13,"security, human-verified",security page for Atlassian; 2913 characters of main content; served from cache; text via trafilatura,200,True,True,True,33,214ae38eeccd6cb81f0f876c8538cbbb7dd1374618c0d2947580a00a72fc9aa4,trafilatura,uptime_reliability
Atlassian,https://www.atlassian.com/legal/privacy-policy,privacy,Privacy Policy | Atlassian,"Privacy Policy
Effective starting: August 17, 2026
Your privacy matters to us. This privacy policy explains how Atlassian Pty Ltd, Atlassian US, Inc. and our corporate affiliates (“Atlassian”, “we”, “us”, “our”) collect, use, share, and protect your information when you use our products, services, websites, or otherwise interact with us (a list of Atlassian’s corporate affiliates can be found in the List of Subsidiaries section of Atlassian’s most recent Form 10-K, available under the SEC Filings tab by selecting the “Annual Filings” filter on the page located here). We offer a wide range of products, including our cloud and software products. We refer to all of these products, together with our other services and websites, as ""Services"" in this privacy policy.
This privacy policy also explains your choices surrounding how we use information about you, which includes how you can object to certain uses of information about you and how you can access and update certain information about you. If you do not agree with this privacy policy, do not access or use our Services or interact with any other aspect of our business.
For individuals in the European Economic Area, United Kingdom, or the United States: please refer to the appropriate “Regional disclosures” for additional details that may be relevant to you.
This privacy policy is intended to help you understand:
We offer additional policies tailored for specific audiences and use cases. These include:
- Cookies & Tracking Notice
- Atlassian Careers Privacy Notice – for job applicants
- Former Workplace Privacy Notice – for past employees
- Demographic Survey Privacy Notice – for voluntary survey data
This privacy policy describes Atlassian’s data practices as a controller of personal information. Please note that this privacy policy does not apply to the extent that we process personal information in the role of a processor or service provider on behalf of our customers, as further specified in the Data Processing Addendum entered into with those customers. When Atlassian processes personal information on behalf of our customers (such as your employer, if applicable), the customer is the controller of the personal information processed and manages those accounts and any Service sites. In such cases, Atlassian acts as a processor or service provider on behalf of our customer and handles your information according to the instructions of that organization. We are not responsible for the privacy or security practices of our customers, which may differ from those described in this privacy policy. For more information about how an Atlassian customer uses your personal information, or to exercise the rights you may have with respect to that information, please contact that organization directly.
Privacy policy overview
- Atlassian collects information directly from you when you provide it to us, automatically when you use our Services, and from other sources including other users of the Services, other services you link to your account, other Atlassian companies, partners, and third-party providers.
- How we use information depends on which Services you use, how you use them, and any preferences you have communicated to us. We use information for a range of purposes described below, including to provide the Services and personalize your experience, to develop and improve our Services, to communicate with you, to conduct marketing and promotional activities, to provide customer support, to maintain Service safety and security, to protect our interests and rights, with your consent, and to aggregate and/or de-identify data.
- We disclose information as described below, including to service providers, Atlassian partners, providers of third-party services, for compliance with enforcement requests and applicable laws, to enforce our terms and policies and our rights, to Atlassian affiliated companies or in connection with business transfers, as well as with your consent. Additionally, when you use the Services, we disclose certain information about you to other Service users as described in more detail below.
- Where applicable under local law, you may have certain rights or choices with respect to your personal information, including to request information about our processing of information, to request a copy of your information, to object to our use of information, to request the deletion or restriction of information, to request a disclosure of information in a portable format, or to opt out of certain disclosures of personal information and targeted advertising. See the “How to access and control your information” section for more detail on specific choices and how to exercise the rights you may have.
- In the “Regional disclosures” section, we provide additional information for individuals in the European Economic Area and United Kingdom, including information about the legal bases for processing information, international transfers, the specific rights applicable in these jurisdictions, and how to contact our EU and UK representatives. We also provide additional information for individuals in the United States, including details about information collected and disclosed in the past 12 months and specific rights available under applicable U.S. state laws.
- We provide details on how to contact us with any questions or concerns, or to exercise your rights, in the “How to contact us” section.
Information we collect
We collect information about you when you provide it to us, when you use our Services, and from other sources, as further described below.
Information you provide
We collect information about you when you input it into the Services or otherwise provide it directly to us. This includes the following categories of information:
Account Information and Profile Information: We collect information when you register for an account, create or modify your profile, set preferences, sign up for or make purchases through the Services, and inquire about pricing, billing, and licensing. For example, you provide contact information (e.g., name or email address) and, in some cases, billing information (e.g., billing address, email address or name), when you register for the Services. You also have options to add a display name, profile photo, job title, and other details to your profile. We also keep track of your preferences when you select settings within the Services.
You may also provide information to us when you integrate or link a third-party service with our Services. For example, if you create an account or log into the Services using your Google credentials, we receive your name and email address as permitted by your Google profile settings in order to authenticate you. The information we receive when you link or integrate our Services with a third-party service depends on the settings, permissions and privacy policy controlled by that third-party service. You should always check the privacy settings and notices in these third-party services to understand what information may be disclosed to us or shared with our Services.
Content you provide through our products: The Services include the Atlassian products you use, where we collect and store content that you post, send, receive and share. We process this content in the role of a processor or service provider on behalf of our customers.
Content you provide through our websites: The Services also include websites owned or operated by us. We collect content that you submit to these websites, which include social media or social networking websites operated by us, our support and documentation websites, our Community Forums, and our Marketplace. For example, you provide content to us when you request information on pricing, billing, and licensing, and you provide content to us when you provide feedback, directly to us through our Services or otherwise, or when you participate in any interactive features, surveys, contests, promotions, sweepstakes, activities or events.
Information you provide through our support channels: The Services also include customer support, where you may submit inquiries or other information regarding a problem you are experiencing with a Service. Whether you designate yourself as a technical contact, open a support ticket, speak to one of our representatives directly or otherwise engage with our support team or support features, you will be asked to provide contact information, a summary or description of the problem you are experiencing, and any other documentation, screenshots or information that would be helpful in resolving the issue and/or a Support Entitlement Number (SEN).
Payment Information: We collect payment and billing information when you register for certain paid Services. For example, we ask you to designate a billing representative, including name and contact information, upon registration. You might also provide payment information, such as payment card details, which we collect via secure payment processing services.
Information we collect automatically
We automatically collect information about you when you use our Services, including browsing our websites and taking certain actions within the Services. Information may also be collected about how you interact with and use features in our software products. This includes the following categories of information:
Your use of the Services: We collect information about your use, operation, and interaction with any of our Services, including when you connect third party services to or use those services with ours. This information includes, for example, the features you use, the actions you perform, and the type of content you interact with, such as the type, size and filenames of attachments uploaded to the Services; how search terms are structured and relevance scores of search results to search terms; the number of words in a Jira ticket or @ mentions in a comment; the type of Loom videos created and the number of views; languages you work in; and the links you interact with. We also collect information about how you interact with others on the Services, including the teams and people you work with and how you work with them, like who you collaborate with and communicate with most frequently. Administrators may enable our collection of this information from software products.
Device and Connection Information: We collect information about your computer, phone, tablet, or other devices you use to access the Services. This device information includes your connection type and settings when you install, access, update, or use our Services. We also collect information through your device about your operating system, browser type, IP address, URLs of referring/exit pages, device identifiers, and diagnostic and crash data. We use your IP address and/or country preference to approximate your location to provide you with a better Service experience. How much of this information we collect depends on the type and settings of the device you use to access the Services.
Cookies and Other Tracking Technologies: Atlassian and our third-party partners, such as our advertising and analytics partners, use cookies and other tracking technologies (e.g., web beacons, device identifiers and pixels) to provide functionality, to recognize you across different Services and devices, or to demonstrate that certain content was viewed or clicked. For more information, please see our Cookies & Tracking Notice, which includes information on how to control or opt out of these cookies and tracking technologies.
Identity Management and Authentication Information: In addition, we may collect certain information to help verify or authenticate your identity when you log into the Services. This information may be provided directly by you or collected through trusted third‑party services. For example, we may collect device and browser information, behavioral and interaction data (such as mouse movements or interaction timing to confirm you’re human), and similar data used to support secure access to the Services.
Information from other sources
We also receive information about you from other Service users, our related companies, our business and channel partners, and third-party providers, including from social media platforms and public databases. We may combine this information with information we collect through other means described above. This helps us, for example, to update and improve our records, provide and improve our Services, identify new customers, create more personalized advertising, and suggest services that may be of interest to you. This includes information collected from the following sources:
Other users of the Services: We receive your email address from other Service users when they provide it in order to invite you to the Services. Similarly, an administrator may provide your contact information when they designate you as the billing or technical contact on your company's account or when they designate you as an administrator.
Atlassian Companies: We receive information about you from other Atlassian corporate affiliates, in accordance with their terms and policies.
Atlassian Partners: We work with a global network of partners who provide consulting, implementation, training and other services around our products. Some of these partners also help us to market and promote our Services, generate leads for us, and resell our Services. We receive information about you and your activities on and off the Services from these partners, such as billing information, billing and technical contact information, company name, what Atlassian Services you have purchased or may be interested in, evaluation information you have provided, what events you have attended, what country you are in, and information about your interest in and engagement with our Services and online advertisements.
Third-Party Providers: We may receive information about you from third-party providers of business and security information and from publicly available sources (e.g., social media platforms), including physical mail addresses, job titles, email addresses, phone numbers, intent data (or user behavior data), IP addresses and social media profiles.
How we use information
How we use the information we collect depends on which Services you use, how you use them, and any preferences you have communicated to us. We use information for the following purposes:
To provide the Services and personalize your experience: We use information about you to provide the Services to you, including to process transactions, authenticate you when you log in, provide customer support, and operate, maintain, and improve the Services. We may use your email domain to infer your affiliation with a particular organization or industry to personalize the content and experience you receive on our websites. Based on your interactions with different Atlassian products, third-party services you link or install, and advertisements, we will personalize your experience and tailor our communications, recommendations and offers to you.
To develop and improve our Services: We are always looking for ways to make our Services smarter, faster, secure, integrated, and useful. We use information and collective learnings (including feedback) about how people use our Services, as well as content that has been de-identified and aggregated in accordance with applicable data contribution product functionalities, to troubleshoot, to identify trends, usage, activity patterns and areas for integration, to improve our Services and to develop new products, features and technologies that benefit our users and the public. For example, to improve the @mention feature, we automatically analyze recent interactions among users and how often they @mention one another to surface the most relevant connections for users, or we might analyze Marketplace search terms to improve the accuracy and relevance of suggested apps returned when you use the search feature. In some cases, we apply these learnings across our Services to improve and develop similar features, to better integrate the Services you use, or to provide you with insights based on how others use our Services. We also test and analyze certain new features with some users before rolling the feature out to all users.
To communicate with you about the Services: We use your contact information to send transactional communications via email and within the Services, including confirming your purchases, reminding you of subscription expirations, responding to your comments, questions and requests, and providing customer support. We also provide tailored communications based on your activity and interactions with us, and we may contact you regarding product feedback. If an opt out is available, you will find that option within the communication itself or in your account settings.
To conduct marketing and promotional activities: We use information about you and how you use the Services for analysis, research and communications relating to marketing (including targeted advertising of products that may interest you), promotional activities, and business development. We may use your contact information and information about how you use the Services to send promotional communications that may be of specific interest to you, including by email and by displaying Atlassian ads on other companies' websites and applications. These communications may be informed by, for example, your interactions (like counting ad impressions), and are aimed at driving engagement and maximizing what you get out of the Services, including information about new features, survey requests, newsletters, and events we think may be of interest to you. We may use artificial intelligence in responding to your pricing, billing or licensing-related requests. We also communicate with you about new Services, product offers, promotions, and contests. You can control whether you receive these communications as described below at “How to access and control your information” under ""Opt-out of communications.""
To provide customer support: We use your information to resolve technical issues you encounter, to respond to your requests for assistance, to analyze crash information, and to repair and improve the Services, including for development, training, or fine-tuning of machine learning and artificial intelligence models. We may also use generative artificial intelligence in responding to your support related requests. Where you give us express permission to do so, we may disclose information to a third-party expert for the purpose of responding to support-related requests.
To maintain Service safety and security: We use information about you and your use of the Services to verify accounts and activity, to detect, prevent, and respond to potential or actual security incidents, and to monitor and protect against other malicious, deceptive, fraudulent, illegal or inappropriate activity, including violations of Service policies. Detection and response may leverage generative artificial intelligence or machine learning tools.
To protect our legitimate business interests and legal rights: Where required by law or where we believe it is necessary to protect our legal rights and interests, or the legal rights or interests of others, we use information about you in connection with legal claims, compliance, regulatory, and audit functions, and disclosures in connection with the acquisition, merger or sale of a business.
With your consent: We use information about you where you have given us consent to do so for a specific purpose not listed above. For example, we may publish testimonials or featured customer stories to promote the Services, with your permission.
To aggregate and/or de-identify data: We may aggregate and/or de-identify information collected through the Services so it can no longer be re-identified by us or another party.
- We may use content that is de-identified and aggregated in accordance with applicable data contribution product functionalities to develop and improve our Services.
- We may aggregate or de-identify other information described in “Information we collect,” such as data about use of our Services, information provided to support channels, and feedbacks for a number of purposes, including to develop and improve our Services and to conduct marketing and promotional activities.
 To the extent we use such data, we maintain and use such data in de-identified form and will not attempt to re-identify the data.
How we disclose information
We make collaboration tools, and we want them to work well for you. This means disclosing information through the Services and to certain third parties. We disclose information we collect in the ways discussed below.
Disclosing to third parties
We disclose information to third parties that help us operate, provide, improve, integrate, customize, support, and market our Services. All the above categories exclude text messaging originator opt-in data and consent. This information will not be shared with any third parties, excluding aggregators and providers of the text messaging services.
Service Providers: We work with third-party service providers to provide website and application development, hosting, maintenance, backup, storage, virtual infrastructure, payment processing, analysis, marketing, and other services for us, which may require them to access or use information about you. If a service provider needs to access information about you to perform services on our behalf, they do so under close instruction from us, including appropriate security and confidentiality procedures designed to protect your information.
Atlassian Partners: We work with a global network of partners who provide consulting, implementation, training and other services around our products. We may disclose your information to these third parties in connection with their services, such as to assist with billing and collections, to provide localized support, and to provide customizations. We may also disclose information to these third parties where you have agreed to that disclosure.
Third-Party Services: You, your administrator or other Service users may choose to add new functionality or change the behavior of the Services by installing or connecting third-party services. Doing so may give third-party services access to your account and information about you, like your name and email address. When you intentionally interact with such third-party services, we may disclose certain information to those third parties or receive information from those third parties, consistent with your privacy settings on the third-party service. If you purchase or install a third-party service using Atlassian Marketplace, we will also disclose Order information to the third party in accordance with the Atlassian Marketplace Terms of Use. Third-party service policies and procedures are not controlled by us, and this privacy policy does not cover how third-party services use your information. We encourage you to review the privacy policies of third parties before connecting to or using their applications or services to learn more about their privacy and information handling practices. If you object to information about you being disclosed to these third parties, please do not install or connect the third-party service.
Links to Third-Party Sites: The Services may include links that direct you to other websites or services whose privacy practices may differ from ours. If you submit information to any of those third-party sites, your information is governed by their privacy policies. We encourage you to carefully read the privacy policy of any website you visit.
Third-Party Widgets: Some of our services contain widgets and social media features, such as the Twitter ""tweet"" button or Facebook ""like"" button. These widgets and features may collect your IP address, which page you are visiting on the Services, and may set a cookie to enable the feature to function properly. Widgets and social media features are either hosted by a third-party or hosted directly on our Services. You should always check the privacy settings and notices in these third-party services to understand how those third-parties may use your information.
With your consent: We may also disclose information about you to third parties when you give us consent to do so. For example, we often display personal testimonials of satisfied customers on our public websites. With your consent, we may post your name alongside the testimonial.
Compliance with Enforcement Requests and Applicable Laws; Enforcement of Our Terms and Policies; Enforcement of Our Rights: We may disclose information about you to government authorities, law enforcement, or industry peers if we believe that sharing is reasonably necessary to (a) comply with any applicable law, regulation, legal process or enforceable governmental request, or legal obligation, (b) enforce the terms of our agreements and our policies, (c) protect the security or integrity of our products and services, (d) protect Atlassian, our customers or the public from harm or illegal activities, or (e) respond to an emergency which we believe in good faith requires us to disclose information to assist in preventing the death or serious bodily injury of any person. For more information on how we respond to government requests, see our Guidelines for Law Enforcement and our Transparency Report.
Disclosing to affiliated companies
We disclose information we collect to affiliated companies and, in some cases, to prospective affiliates. Affiliated companies are companies owned or operated by us. The protections of this privacy policy apply to the information we disclose in these circumstances.
Atlassian companies: We disclose information to other Atlassian corporate affiliates in order to operate, maintain, and improve the Services, and to offer you other Atlassian affiliated services. This includes companies that own or operate the Services.
Business Transfers: We may disclose or transfer information we collect under this privacy policy in connection with any merger, sale of company assets, financing, reorganization, dissolution, or acquisition of all or a portion of our business to another company. You will be notified via email and/or a prominent notice on the Services if a transaction takes place, as well as any choices you may have regarding your information.
Disclosing to other Service users
When you use the Services, we disclose certain information about you to other Service users.
Managed accounts and administrators: If you register or access the Services using an email address with a domain that is owned by your employer or organization, or associate that email address with your existing account, and such organization wishes to establish an account or site, certain information about you, including your name, profile picture, contact info, content and past use of your account may become accessible to that organization’s administrator and other Service users sharing the same domain. If you are an administrator for a particular site or group of users within the Services, we may disclose your contact information to current or past Service users, for the purpose of facilitating Service-related requests.
Community Forums: Our websites offer publicly accessible blogs, forums, issue trackers, and wikis (e.g., Atlassian Community, Atlassian Developer Community, Trello Community, and Trello Inspiration). You should be aware that any information you provide on these websites - including profile information associated with the account you use to post the information - may be read, collected, and used by any member of the public who accesses these websites. Your posts and certain profile information may remain even after you terminate your account. We urge you to consider the sensitivity of any information you input into these Services. To request removal of your information from publicly accessible websites operated by us, please contact us as provided below. In some cases, we may not be able to remove your information, in which case we will let you know if we are unable to and why.
How we store and secure information
We use industry standard technical and organizational measures to secure the information we store. For more information on where and how we store your information, please see the Atlassian Trust Center.
While we implement safeguards designed to protect your information, no security system is impenetrable and due to the inherent nature of the Internet, we cannot guarantee that information, during transmission through the Internet or while stored on our systems or otherwise in our care, is absolutely safe from intrusion by others.
How long we keep information
How long we keep information we collect about you depends on the type of information, the purposes for which it was collected, applicable legal or regulatory requirements, and user expectations and preferences. After such time, we will either delete or de-identify your information or, if this is not possible (for example, because the information has been stored in backup archives), then we will securely store your information and isolate it from any further use until deletion is possible.
Account information: We retain your account information for as long as your account is active and a reasonable period thereafter in case you decide to re-activate the Services. We also retain some of your information as necessary to comply with our legal obligations, to resolve disputes, to enforce our agreements, to support business operations, and to continue to develop and improve our Services. Where we retain information to develop and improve our Services, we take steps to de-identify the information.
Content you provide through our products: We retain de-identified and aggregated content in accordance with documentation for applicable data contribution Product functionalities.
Information you share on the Services: If your account is deactivated or disabled, some of your information and the content you have provided will remain in order to allow your team members or other users to make full use of the Services. For example, we continue to display messages you sent to the users that received them and continue to display content you provided.
Managed accounts: If the Services are made available to you through an organization (e.g., your employer), we retain your information as long as required by the administrator of your account. For more information, see ""Managed accounts and administrators"" at the “How we disclose information” section.
Marketing information: If you have elected to receive marketing emails from us, we retain information about your marketing preferences for a reasonable period of time from the date you last expressed interest in our Services, such as when you last opened an email from us or ceased using your Atlassian account. We retain information derived from cookies and other tracking technologies for a reasonable period of time from the date such information was created.
How to access and control your information
Your Rights:
Where applicable under local law, you may have certain rights with respect to your personal information. For more information about region-specific rights for residents of the European Economic Area, United Kingdom, and the United States, please refer to the “Regional disclosures” section.
Depending on which jurisdiction you live in, you may have the right to request information about our processing of your information, to request a copy of your information, to object to our use of your information (including for marketing purposes), to request the deletion or restriction of your information, to request your information in a structured, electronic format, to request to correct or update your information, to request that we transfer your information to a third party, and to request to opt out of certain disclosures of personal information and targeted advertising.
In the “Your choices” section, we describe the tools and processes for making different requests associated with these rights. You can exercise some of the choices by logging into the Services and using settings available within the Services or your account. For all other requests, you may contact us as provided in the “How to contact us” section.
Your requests and choices may be limited in certain cases: for example, if fulfilling your request would reveal information about another person, or if you ask to delete information which we are required or permitted by law to retain. Where you have asked us to disclose data to third parties, for example, by installing third-party apps, you will need to contact those third-party service providers directly to have your information deleted or otherwise restricted. If you have unresolved concerns, you may have the right to complain to a data protection authority in the country where you live, where you work, or where you feel your rights were infringed.
Your Choices:
You have certain choices available to you when it comes to your information. Below is a summary of those choices, how to exercise them and any limitations:
Access and update your information: Our Services give you the ability to access and update certain information about you from within the Service. For example, you can access your profile information from your account and update your profile information within your profile settings (see here for instructions on how to do this). You can also make a request to access information that Atlassian holds in relation to your account here. If you don’t have an Atlassian account, you can make a request to access your information here.
Delete your information, including your account: Our Services give you the ability to delete certain information about you from within the Services. For example, you can remove certain profile information within your profile settings (see here for instructions on how to do this). If you would like to delete your Atlassian account, see here for more information. If you don’t have an Atlassian account, you can make a request to delete your information here. Please note, however, that we may need to retain certain information for record keeping purposes, to complete transactions, or to comply with our legal obligations.
Request that we stop using your information: In some cases, you may ask us to stop accessing, storing, using and otherwise processing your information where you believe we don't have the appropriate rights to do so. For example, if you believe a Services account was created for you without your permission, or you are no longer an active user, you can request that we delete your account as provided in this privacy policy. Where you gave us consent to use your information for a limited purpose, you can contact us to withdraw that consent, but this will not affect any processing that has already taken place at the time. If you object to information about you being disclosed to a third-party service, please disable the service.
Opt out of communications: You may opt out of receiving promotional communications from us by using the unsubscribe link within each email, updating your email preferences within your Service account settings menu, or by contacting us as provided below to have your contact information removed from our promotional email list or registration database. Even after you opt out from receiving promotional messages from us, you will continue to receive transactional messages from us regarding our Services. Please note, you will continue to receive generic ads.
Opt out of targeted advertising: Where applicable under local law, you may have the right to opt out of targeted advertising by clicking “Manage Preferences” and following the instructions. Where required, we also honor requests to opt out submitted via privacy preference signals recognized under applicable law, such as the Global Privacy Control (“GPC”). For more information on the GPC and how to use a browser or browser extension incorporating the GPC signal, see Global Privacy Control — Take Control Of Your Privacy. Relevant browser-based cookie controls are described in our Cookies & Tracking Notice.
You may also be able to opt out of receiving personalized advertisements from other companies who subscribe to the Digital Advertising Alliance's Self-Regulatory Principles for Online Behavioral Advertising. For more information about this practice and to understand your options, please visit: http://www.aboutads.info and http://www.youronlinechoices.eu.
Data portability: Data portability is the ability to obtain some of your information in a format you can move from one service provider to another (for instance, when you transfer your mobile phone number to another carrier). Depending on the context, this applies to some of your information, but not to all of your information. Should you request it, we will provide you with an electronic file of your basic account information and the information you create on the spaces under your sole control, like your personal Bitbucket repository.
Our policy towards children
Our Services are not intended for use by anyone under the age of 16. If we become aware that a child under 16 has provided us with personal information, we will take steps to delete such information.
Regional disclosures
Depending on where you live, you may have specific privacy rights that apply to you. The following privacy representations and disclosures are intended to supplement the main privacy policy and provide additional information about those rights and other information relevant to data subjects located in the following jurisdictions.
- For data subjects located in the European Economic Area or the United Kingdom, please refer to the European Economic Area and United Kingdom privacy disclosures below.
- For residents of the United States, please refer to the U.S. State privacy disclosures below.
European Economic Area and United Kingdom privacy disclosures
If you are an individual in the European Economic Area (EEA) or United Kingdom (UK), we collect and process information about you only where we have legal bases for doing so under applicable data protection laws. The legal bases depend on the Services you use and how you use them. This means we collect and use your information only where:
- We need it to provide you the Services and personalise your experience, provide customer support and to maintain Service safety and security;
- It satisfies a legitimate interest (which is not overridden by your data protection interests), such as to develop and improve our Services, to conduct marketing and promotional activities and to protect our legal rights and interests;
- You give us consent to do so for a specific purpose; or
- We need to process your data to comply with a legal obligation.
If you have consented to our use of information about you for a specific purpose, you have the right to change your mind at any time, but this will not affect any processing that has already taken place. Where we are using your information because we have a legitimate interest to do so, you have the right to object to that use, though, in some cases, this may mean no longer using the Services.
The following chart identifies the applicable legal basis for each processing purpose:
|  |  | 
|---|---|
| Purpose (see the How we use information section for more detail) | Legal basis | 
|   | Legitimate interests (Article 6(1)(f) GDPR) | 
|   | Contractual necessity (Article 6(1)(b) GDPR) | 
|   | Consent (where legally required) (Article 6(1)(a) GDPR) | 
|   | Compliance with a legal obligation (Article 6(1)(c) GDPR) | 
Where applicable under local law and subject to applicable exceptions, you have the following rights regarding your personal information:
- To request access to and/or a copy of certain information we hold about you (including in a portable and/or machine-readable format);
- To object to how we process your personal information;
- To update or correct your personal information;
- To request that we delete certain personal information we hold about you;
- To restrict how we process certain personal information about you;
- To request that we transfer your information to a third-party provider of services;
- To withdraw your consent at any time (where you have provided consent for the processing of your personal information); and
- To lodge a complaint with the relevant supervisory authority.
If you have a complaint or concern about your personal information, we encourage you to contact us first, and we will do our best to resolve your concern. You can submit inquiries to the appropriate representative here:
EU Representative:
 Atlassian B.V.
 c/o Atlassian US, Inc.
 350 Bush Street, Floor 13
 San Francisco, CA 94104
 E-Mail: eudatarep@atlassian.com
UK Representative:
 Atlassian (UK) Operations Limited
 c/o Herbert Smith Freehills LLP
 Exchange House
 Primrose Street
 London EC2A 2EG
 United Kingdom
 E-Mail: ukrepresentative@atlassian.com
International transfers: We collect information globally and may transfer, process, and store your information outside of your country of residence, to wherever we or our third-party service providers operate for the purpose of providing you the Services. Whenever we transfer your information, we take steps to protect it.
International transfers within the Atlassian Companies: To facilitate our global operations, we transfer information globally and allow access to that information from countries in which the Atlassian owned or operated companies have operations for the purposes described in this privacy policy. These countries may not have equivalent privacy and data protection laws to the laws of your country. When we disclose information about you within and among Atlassian corporate affiliates, we make use of the Data Privacy Framework to receive personal data transfers from the European Union/European Economic Area to the U.S. (see the “Data Privacy Framework notice” section below), and the standard contractual data protection clauses (see here), which have been approved by the European Commission, to safeguard the transfer of information we collect from the European Economic Area, the United Kingdom (the ""UK""), and Switzerland. Refer to this page for a list of countries to which we regularly transfer personal data.
Data Privacy Framework notice: On July 10, 2023, the European Commission’s adequacy decision for the EU-U.S. Data Privacy Framework (EU-U.S. DPF) entered into force.
Atlassian, Inc. and its U.S. subsidiaries (Atlassian Network Service, Inc., Dogwood Labs, Inc., AgileCraft LLC, Loom, Inc., Opsgenie, Inc., and Trello, Inc.) adhere to the Data Privacy Framework Principles regarding the collection, use, and retention of personal data that is transferred from the European Union and Switzerland to the U.S.
Atlassian complies with the EU-U.S. Data Privacy Framework (EU-U.S. DPF), the UK Extension to the EU-U.S. DPF and the Swiss-U.S. Data Privacy Framework (Swiss-U.S. DPF) as set forth by the U.S. Department of Commerce. Atlassian has certified to the U.S. Department of Commerce that it adheres to the EU-U.S. Data Privacy Framework Principles (EU-U.S. DPF Principles) with regard to the processing of personal data received from the European Union in reliance on the EU-U.S. DPF and from the United Kingdom (and Gibraltar) in reliance on the UK Extension to the EU-U.S. DPF. Atlassian has certified to the U.S. Department of Commerce that it adheres to the Swiss-U.S. Data Privacy Framework Principles (Swiss-U.S. DPF Principles) with regard to the processing of personal data received from Switzerland in reliance on the Swiss-U.S. DPF. If there is any conflict between the terms in this policy and the EU-U.S. DPF Principles and/or the Swiss-U.S. DPF Principles, the Principles shall govern. To learn more about the Data Privacy Framework (DPF) program, and to view our certification, please visit https://www.dataprivacyframework.gov/.
In compliance with the EU-U.S. DPF, the UK Extension to the EU-U.S. DPF, and the Swiss-U.S. DPF, Atlassian commits to refer unresolved complaints concerning our handling of personal data received in reliance on the EU-U.S. DPF, the UK Extension to the EU-U.S. DPF, and the Swiss-U.S. DPF to TRUSTe, an alternative dispute resolution provider based in the United States. If you do not receive timely acknowledgment of your DPF Principles-related complaint from us, or if we have not addressed your DPF Principles-related complaint to your satisfaction, please visit Submit a Report - Watchdog for more information or to file a complaint. These dispute resolution services are provided at no cost to you.
The Federal Trade Commission has jurisdiction over Atlassian’s compliance with the EU-U.S. DPF, the UK Extension to the EU-U.S. DPF, and the Swiss-U.S. DPF.
For complaints regarding EU-U.S. DPF, the UK Extension to the EU-U.S. DPF, and Swiss-U.S. DPF compliance not resolved by any of the other DPF mechanisms, you have the possibility, under certain conditions, to invoke binding arbitration. Further information can be found on the official DPF website: Data Privacy Framework.
In certain situations, Atlassian may be required to disclose personal data in response to lawful requests by public authorities, including to meet national security or law enforcement requirements.
In the context of onward transfers, Atlassian is accountable for the processing of personal data it receives, under the EU-U.S. DPF, the UK Extension to the EU-U.S. DPF, and Swiss-U.S. DPF and subsequently transfers to a third party acting as an agent on its behalf. Atlassian remains liable under the EU-U.S. DPF Principles, and the UK Extension to the EU-U.S. DPF, and the Swiss-U.S. DPF Principles if the Atlassian’s agent processes personal information in a manner inconsistent with the EU-U.S. DPF Principles, and the UK Extension to the EU-U.S. DPF, and the Swiss-U.S. DPF Principles, unless the Atlassian proves that it is not responsible for the event giving rise to damage.
U.S. State privacy disclosures
The disclosures in this section apply only to U.S. residents and are intended to supplement this privacy policy with information required by applicable U.S. state laws.
The table below describes the categories of personal information we collected in the past 12 months, the purposes for which we collect and disclose this information, the categories of recipients of disclosures made for business purposes in the past 12 months, and the categories of recipients of disclosures made in the past 12 months that may be considered “sales” of personal information or “sharing” of personal information for cross-context behavioral advertising under U.S. state laws.
|  |  |  |  | 
|---|---|---|---|
| Category of Information | Purpose(s) for Collecting & Disclosing | Recipients of Disclosures for Business Purposes | Recipients of “Sales” or “Sharing” | 
| Identifiers, such as name, email address, unique identifiers associated with user or user account, IP Address |   |   | Third Party Advertising Providers | 
| Content de-identified and aggregated in accordance with applicable data contribution product settings |   |   | -NA- | 
| Commercial information, such as purchase details, transaction records, billing information, billing address, payment card details |   |   | -NA- | 
| Internet or other electronic network activity information, such as information about your usage of the Services, pseudonymous IDs, clickstream data, device and connection information, browser information, crash data, referring/exit URLs, IP Address |   |   | -NA- | 
| Visual and audio information, such as your image, video and audio recording, with your permission |   |   | -NA- | 
| Professional or employment information, such as job title, company name, company domain |   |   | -NA- | 
| Geolocation data, such as your approximate location, IP address, time zone |   |   | Third Party Advertising Providers | 
| Inferences (drawn about you based on other personal information we collect), such as preferences, interests, user behavior data |   |   | Third Party Advertising Providers | 
| Sensitive personal information, such as login credentials and passwords |   |   | -NA- | 
If you have questions about the categories of information we may collect about you or the sources of such information, please see the “Information we collect” section. For more details about our processing activities, please see the “How we use information” section. And for more information about how we may disclose information to third parties, please see the “How we disclose information” section.
Sensitive personal information: We do not use or disclose sensitive personal information for purposes other than permitted under applicable law.
Retention: How long we keep information we collect about you depends on the type of information, the purposes for which it was collected, applicable legal or regulatory requirements, and user expectations and preferences. After such time, we will either delete or de-identify your information or, if this is not possible (for example, because the information has been stored in backup archives), then we will securely store your information and isolate it from any further use until deletion is possible. Please see the “How long we keep information” section for more information about specific retention criteria for different categories of personal information.
Your rights: If you are a U.S. resident, you have the following rights regarding your personal information:
- To request information about our processing of your personal information;
- To request access to and/or a copy of certain information we hold about you (including in a portable and/or machine-readable format);
- To update or correct your personal information;
- To request that we delete certain personal information we hold about you, subject to certain exceptions;
- To opt out of the “sale” of personal information, the “sharing” of personal information or “targeted advertising” (as these terms are defined under applicable laws);
- The right not to be discriminated against for exercising your rights; and
- The right to appeal our decision to deny your request, if applicable.
For more information on how to exercise these your rights, please see the “How to access and control your information” section. We encourage you to manage your information, and to make use of the privacy controls we have included in our Services. In order to protect your information from unauthorized access or deletion, we may require you to provide additional information to verify your identity. If we cannot verify your identity, we may not be able to fulfill your request.
Opt out of “sales”, “sharing”, and “targeted advertising”: You may also opt out of “sales” of personal information to third parties, “sharing” of personal information for purposes of cross-context behavioral advertising, and “targeted advertising” by clicking here and following the instructions. Where required, we also honor requests to opt out submitted via privacy preference signals recognized under applicable law, such as the Global Privacy Control (“GPC”). For more information on the GPC and how to use a browser or browser extension incorporating the GPC signal, see Global Privacy Control — Take Control Of Your Privacy. We do not knowingly sell or share the personal information of consumers under 16 years of age.
Authorized agent: You may also authorize an agent to exercise your rights on your behalf. To do this, you must provide the authorized agent with written permission to exercise your rights on your behalf, and we may request a copy of this written permission from the agent when they make a request on your behalf. We may also ask you to verify your own identity or directly confirm with you that you have granted permission to the authorized agent.
Changes to our privacy policy
We may change this privacy policy from time to time. We will post any privacy policy changes on this page and, if the changes are significant, we will provide a more prominent notice by adding a notice on the Services homepages, login screens, or by sending you an email notification where you have subscribed to receive legal updates. We also keep prior versions of this privacy policy in an archive here. We encourage you to review our privacy policy whenever you use the Services to stay informed about our information practices and the ways you can help protect your privacy.
If you disagree with any changes to this privacy policy, you will need to stop using the Services and deactivate your account(s) and/or submit a request to delete your personal information, as outlined in the “How to access and control your information” section.
How to contact us
Your information is controlled by Atlassian Pty Ltd and Atlassian, Inc. If you have questions or concerns about how your information is handled, or if you wish to exercise your rights, please direct your inquiry to Atlassian Pty Ltd, which we have appointed to be responsible for facilitating such inquiries:
Atlassian Pty Ltd
 c/o Atlassian US, Inc.
 350 Bush Street, Floor 13
 San Francisco, CA 94104
 E-Mail: privacy@atlassian.com
Individuals in the European Economic Area or United Kingdom may also contact the appropriate representatives identified in the “European Economic Area and United Kingdom privacy disclosures” section.
In compliance with the EU-U.S. DPF and the UK Extension to the EU-U.S. DPF and the Swiss-U.S. DPF, Atlassian Pty Ltd commits to resolve DPF Principles-related complaints about our collection and use of your personal information. EU and UK and Swiss individuals with inquiries or complaints regarding our handling of personal information received in reliance on the EU-U.S. DPF and the UK Extension to the EU-U.S. DPF and the Swiss-U.S. DPF should first contact us at privacy@atlassian.com.
Related content
Stay informed
Subscribe to receive notifications from us about updates to our legal terms (including our legal policies) and our list of sub-processors.",2026-08-13,privacy,privacy page for Atlassian; 54328 characters of main content; served from cache; text via trafilatura,200,True,True,True,25,8b13a1baf0bf692a93958ec0c488c3778a2e9e02cd7a0139a69e47679160829d,trafilatura,"integrations_api, pricing_availability, privacy_data_handling, security_trust, support_documentation"
Atlassian,https://support.atlassian.com/,docs,Atlassian Support,"Browse by apps
- Cloud
- Data Center
Browse resources
- CommunityFind answers, support, and inspiration from other Atlassian users. Visit Atlassian Community
- System StatusCheck the health of our cloud apps and services. View system status
- Suggestions and bug reportsFind existing feature suggestions and bug reports. View suggestions and bugs
- Marketplace appsFind features to customize your apps. View Marketplace
- Billing and licensingSee FAQs about billing and licensing. View FAQs
- Training and CertificationDevelop new skills, improve your team’s work, and advance your professional career. View training
- DevelopersFind API documentation and guides for developing apps and integrations. View developer docs
- EnterpriseLearn about Atlassian Enterprise and its Data Center products. View enterprise documentation
- Government Cloud SupportGet technical and migration support for an Atlassian Government project. Log in to contact support
- Adoption HubCurated resources and best practices to help your team adopt Atlassian Cloud apps. View Adoption Hub",2026-08-13,docs,docs page for Atlassian; 1065 characters of main content; served from cache; text via trafilatura,200,True,True,True,17,30de977b0ef9b303ea655da406b401645b0ee1560ee21b3b26e9b3185de7bb69,trafilatura,
Atlassian,https://status.atlassian.com/,status,Atlassian Status,"Atlassian Status Support Portal Welcome to Atlassian's status page hub Below you'll find status information for each of Atlassian's products and services. Organization administrators can now receive personalized incident information in Atlassian Administration. Subscribe to System Health to receive notifications if a reliability incident affects your organization. Try Now Jira Jira Service Management Jira Work Management Jira Product Discovery Confluence Jira Align Trello Bitbucket Opsgenie Statuspage Guard Compass Atlas Atlassian Analytics Rovo Rovo Dev Atlassian Migrations Focus Loom Talent Customer Service Management Atlassian Support Atlassian Partners Atlassian Developers Admin Experience Subscribe to Updates Subscribe x Get email notifications whenever Atlassian creates , updates or resolves an incident. Get text message notifications whenever Atlassian creates or resolves an incident. Get the Atom Feed or RSS Feed . All Systems Operational Past Incidents Aug 12 , 2026 No incidents reported today. Aug 11 , 2026 No incidents reported. Aug 10 , 2026 No incidents reported. Aug 9 , 2026 No incidents reported. Aug 8 , 2026 No incidents reported. Aug 7 , 2026 No incidents reported. Aug 6 , 2026 No incidents reported. Aug 5 , 2026 No incidents reported. Aug 4 , 2026 No incidents reported. Aug 3 , 2026 No incidents reported. Aug 2 , 2026 No incidents reported. Aug 1 , 2026 No incidents reported. Jul 31 , 2026 No incidents reported. Jul 30 , 2026 No incidents reported. Jul 29 , 2026 No incidents reported. ← Incident History Powered by Atlassian Statuspage",2026-08-13,status,status page for Atlassian; 1578 characters of main content; served from cache; text via visible-text (trafilatura returned only 295 chars from a 1578-char page),200,True,True,True,18,4016a54e707fa4cc5ade886e49056b5b82bff2a4f74b558865317ab79006ee43,visible-text (trafilatura returned only 295 chars from a 1578-char page),
Atlassian,https://www.atlassian.com/legal/cloud-terms-of-service,terms,Atlassian Customer Agreement | Atlassian,"Atlassian provides a wide range of products, services, and deployment options. As part of our dedication to building with heart and balance, we have developed the Atlassian Customer Agreement to encompass all these offerings in a comprehensive and customized manner. Our products adhere to an enterprise-level set of controls and policies that align with various international standards and market expectations. The agreement is crafted to be customer-friendly, undergoing regular updates informed by market practices and customer input. For further insight into our approach, please visit this page.
Atlassian Customer Agreement
Effective starting: August 17, 2026
This Agreement is between Customer and Atlassian. “Customer” means the entity on behalf of which this Agreement is accepted or, if that does not apply, the individual accepting this Agreement. “Atlassian” means the Atlassian entity that owns or operates the Products that Customer uses or accesses listed at https://www.atlassian.com/legal/product-terms.
If you (the person accepting this Agreement) are accepting this Agreement on behalf of your employer or another entity, you agree that: (i) you have full legal authority to bind your employer or such entity to this Agreement, and (ii) you agree to this Agreement on behalf of your employer or such entity.
If you are accepting this Agreement using an email address from your employer or another entity, then: (i) you will be deemed to represent that party, (ii) your acceptance of this Agreement will bind your employer or that entity to these terms, and (iii) the word “you” or “Customer” in this Agreement will refer to your employer or that entity.
By clicking on the “Agree” (or similar button or checkbox) that is presented to you at the time of placing an Order, downloading Products, or by using or accessing the Products, you confirm you are bound by this Agreement. If you do not wish to be bound by this Agreement, do not click “Agree” (or similar button or checkbox), download the Products, or use or access the Products.
1. Overview
This Agreement applies to Customer’s Orders for Products and related Support and Advisory Services. The terms of this Agreement apply to both Cloud Products and Software Products, although certain terms apply only to Cloud Products or Software Products, as specified below. In addition, some Products are subject to additional Product-Specific Terms, and Support and Advisory Services are subject to the applicable Policies.
2. Use of Products
2.1. Permitted Use. Subject to this Agreement and during the applicable Subscription Term, Atlassian grants Customer a non-exclusive, worldwide right to use the Products and related Support and Advisory Services for its and its Affiliates’ internal business purposes, in accordance with the Documentation and subject to Customer’s Scope of Use, as specified in the Order and the Product-Specific Terms.
2.2. Restrictions. Except to the extent otherwise expressly permitted by this Agreement, Customer must not (and must not permit anyone else to): (a) rent, lease, sell, distribute or sublicense the Products or (except for Affiliates) include them in a service bureau or outsourcing offering, (b) provide access to the Products to a third party, other than to Users, (c) charge its customers a specific fee for use of the Products, but Customer may charge an overall fee for its own offerings (of which the Products are ancillary), (d) use the Products to develop a similar or competing product or service, (e) reverse engineer, decompile, disassemble or seek to access the source code or non-public APIs to the Products, (f) modify or create derivative works of the Products, (g) interfere with or circumvent Product usage limits or Scope of Use restrictions, (h) remove, obscure or modify in any way any proprietary or other notices or attributions in the Products, or (i) violate the Acceptable Use Policy.
2.3. DPA. The DPA applies to Customer’s use of Products and related Support and Advisory Services and forms part of this Agreement.
2.4. Benchmarking. Customer may conduct benchmarks or comparative assessments of the Products (each, an “Assessment”). If Customer, directly or through a third party, conducts or publicly discloses the results of an Assessment, (i) the disclosure must include all information necessary to replicate the Assessment and (ii) Customer grants Atlassian a right to conduct Assessments of Customer’s products and services and, except for beta products or services, publicly disclose the results with all information necessary to replicate the Assessments. Customer must not publicly disclose the results of any Assessment of Free or Beta Products, or cause such results to be disclosed.
3. Users
3.1. Responsibility. Customer may authorize Users to access and use the Products, in accordance with the Documentation and Customer’s Scope of Use. Customer is responsible for its Users’ compliance with this Agreement and all activities of its Users, including Orders they may place, apps and Third Party-Products enabled, and how Users access and use Customer Data.
3.2. Login Credentials. Customer must ensure that each User keeps its login credentials confidential and must promptly notify Atlassian if it becomes aware of any unauthorized access to any User login credentials or other unauthorized access to or use of the Products.
3.3. Domain Ownership. Where a Cloud Product requires Customer to specify a domain (such as www.example.com) for the Cloud Product’s or a feature’s operation, Atlassian may verify that Customer or an Affiliate owns or controls that domain. Atlassian has no obligation to provide that Cloud Product or feature if Atlassian cannot verify that Customer or an Affiliate owns or controls the domain. Product administrators appointed by Customer may also take over management of accounts previously registered using an email address belonging to Customer’s domain, which become “managed accounts” (or similar term), as described in the Documentation
3.4. Age Requirements. The Products are not intended for use by anyone under the age of 16. Customer is responsible for ensuring that all Users are at least 16 years old.
4. Cloud Products
This Section 4 only applies to Cloud Products.
4.1. Customer Data. Atlassian may process Customer Data as specified in Section 6 (Purposes of the Processing) of Schedule 1 of the DPA.
4.2. Security Program. Atlassian has implemented and will maintain an information security program that uses appropriate physical, technical and organizational measures designed to protect Customer Data and Customer Materials from unauthorized access, destruction, use, modification or disclosure, as described in its Security Measures. Atlassian will also maintain a compliance program that includes independent third-party audits and certifications, as described in its Security Measures. Further information about Atlassian’s security program is available on the Atlassian Trust Center at https://www.atlassian.com/trust, as updated from time to time.
4.3. Service Levels. Where applicable, the service level commitment for a Cloud Product is specified in the Service Level Agreement.
4.4. Data Retrieval. The Documentation describes how Customer may retrieve its Customer Data from the Cloud Products.
4.5. Removals and Suspension. Atlassian has no obligation to monitor Customer Data. Nonetheless, if Atlassian becomes aware that: (a) Customer Data may violate Law, Section 2.2 (Restrictions), or the rights of others (including relating to a takedown request received following the guidelines for Reporting Copyright and Trademark Violations at https://www.atlassian.com/legal/copyright-and-trademark-violations), or (b) Customer’s use of the Cloud Products threatens the security or operation of the Cloud Products, then Atlassian may: (i) limit access to, or remove, the relevant Customer Data, or (ii) suspend Customer’s or any User’s access to the relevant Cloud Products. Atlassian may also take any such measures where required by Law, or at the request of a governmental authority. When practicable, Atlassian will give Customer the opportunity to remedy the issue before taking any such measures.
4.6. AI Offerings. Cloud Products may be, or include access to, AI Offerings. Atlassian provides AI Offerings under the AI Terms.
5. Software Products
This Section 5 only applies to Software Products.
5.1. Modifications. Atlassian may provide some portions of the Software Products in source code form for Customer to use internally to create bug fixes, configurations or other modifications of the Software Products, as permitted in the Documentation (“Modifications”). Customer must keep such source code secure (on computer devices and online repositories controlled by Customer), confidential, and only make it available to Customer’s employees who have a legitimate need to access and use the source code to create and maintain Modifications. Customer may only use Modifications with the Software Products, and only in accordance with this Agreement, including the Third-Party Code Policy, the Documentation, and Customer’s Scope of Use. Customer must not distribute source code or Modifications to third parties. Customer must securely destroy the source code at the earliest of: (a) Customer no longer needing to use source code to create or maintain Modifications, (b) termination or non-renewal of a relevant Subscription Term, or (c) Atlassian’s request for any reason. Notwithstanding anything else in this Agreement, Atlassian has no support, warranty, indemnity or other responsibility for Modifications.
5.2. License Verification. Upon Atlassian’s written request, Customer will promptly confirm in writing whether its use of the Software Products is in compliance with the applicable Scope of Use. Atlassian or its authorized agents may audit Customer’s use of the Software Products no more than once every twelve (12) months to confirm compliance with Customer’s Scope of Use, provided Atlassian gives Customer reasonable advance notice and uses reasonable efforts to minimize disruption to Customer. If Customer exceeds its Scope of Use, Atlassian may invoice for that excess use, and Customer will pay Atlassian promptly after invoice receipt.
5.3. Number of Instances. Unless otherwise specified in the Order or the Product-Specific Terms, Customer may install up to one (1) production instance of each Software Product included in an Order on systems owned or operated by Customer or its Users.
6. Customer Obligations
6.1. Disclosures and Rights. Customer must ensure it has made all disclosures and obtained all rights and consents necessary for Atlassian to use Customer Data as specified in Section 4.1 (Customer Data) and Customer Materials as specified in Section 8 (Support and Advisory Services).
6.2. Product Assessment. Customer is responsible for determining whether the Products meet Customer’s requirements and any regulatory obligations related to its intended use.
6.3. Sensitive Health Information and HIPAA. Unless the parties have entered into a ‘Business Associate Agreement,’ Customer must not (and must not permit anyone else to) upload to the Cloud Products (or use the Cloud Products to process) any patient, medical or other protected health information regulated by the Health Insurance Portability and Accountability Act.
7. Third-Party Code and Third-Party Products
7.1. Third-Party Code. This Agreement and the Third-Party Code Policy apply to open source software and commercial third-party software Atlassian includes in the Products.
7.2. Third-Party Products. Customer may choose to use the Products with third-party platforms, apps, add-ons, services or products, including offerings made available through the Atlassian Marketplace (“Third-Party Products”). Use of such Third-Party Products with the Products may require access to Customer Data and other data by the third-party provider, which, for Cloud Products Atlassian will permit on Customer’s behalf if Customer has enabled that Third-Party Product. Likewise, such use of Third-Party Products may entail access to Third-Party Product data by Atlassian. Customer’s use of Third-Party Products is subject to the relevant provider’s terms of use, not this Agreement, but data sent from the Third-Party Product to Customer’s Atlassian account is subject to this Agreement. Atlassian does not control and has no liability for Third-Party Products. Atlassian makes no warranty that the Products will, or will continue to, connect or interoperate with any Third-Party Product.
8. Support and Advisory Services
Atlassian will provide Support and Advisory Services as described in the Order and applicable Policies. Atlassian’s provision of Support or Advisory Services is subject to Customer providing timely access to Customer Materials and personnel reasonably requested by Atlassian.
9. Ordering Process and Delivery
No Order is binding until Atlassian provides its acceptance, including by sending a confirmation email, providing access to the Products, or making license or access keys available to Customer. No terms of any purchase order or other business form used by Customer will supersede, supplement, or otherwise apply to this Agreement or Atlassian. Atlassian will deliver login instructions or license keys for Products electronically, to Customer’s account (or through other reasonable means) promptly upon receiving payment of the fees. Customer is responsible for the installation of Software Products, and Atlassian has no further delivery obligations with respect to the Software Products after delivery of license keys.
10. Billing and Payment
10.1. Fees.
(a) Direct Purchases. If Customer purchases directly from Atlassian, fees and any payment terms are specified in Customer’s Order with Atlassian.
(b) Resellers. If Customer purchases through a Reseller, Customer must pay all applicable amounts directly to the Reseller, and Customer’s order details (e.g., Products and Scope of Use) will be specified in the Order placed by the Reseller with Atlassian on Customer’s behalf.
(c) Renewals. Unless otherwise specified in an Order and subject to the Product, Support or Advisory Services continuing to be generally available, a Subscription Term will automatically renew at Atlassian’s then current rates for: (i) if Customer’s prior Subscription Term was for a period less than twelve (12) months, another Subscription Term of a period equal to Customer’s prior Subscription Term, or (ii) if Customer’s prior Subscription Term was for twelve (12) months or more, twelve (12) months. Either party may elect not to renew a Subscription Term by giving notice to the other party before the end of the current Subscription Term. Customer must provide any notice of non-renewal through account settings in the Products, by contacting Atlassian’s support team or by otherwise providing Atlassian notice.
(d) Increased Scope of Use. If Customer exceeds the Scope of Use purchased, unless otherwise agreed with Atlassian in writing, Customer must upgrade its subscription or pay for the increased Scope of Use. Unless otherwise specified in an applicable Order, Atlassian will charge Customer for any increased Scope of Use at Atlassian’s then-current rates, which may be prorated for the remainder of the then-current Subscription Term.
(e) Refunds. All fees and expenses are non-refundable, except as otherwise provided in this Agreement. For any purchases Customer makes through a Reseller, any refunds from Atlassian payable to Customer relating to that purchase will be remitted by that Reseller, unless Atlassian specifically notifies Customer otherwise at the time of refund.
(f) Credit Cards. If Customer uses a credit card or similar online payment method for its initial Order, then Atlassian may bill that payment method for renewals, additional Orders, overages to scopes of use, expenses, and unpaid fees, as applicable.
10.2. Taxes.
(a) Taxes Generally. Fees and expenses are exclusive of any sales, use, GST, value-added, withholding or similar taxes or levies that apply to Customer’s Orders. Other than taxes on Atlassian’s net income, Customer is responsible for any such taxes or levies and must pay those taxes or levies, which Atlassian will itemize separately, in accordance with an applicable invoice.
(b) Withholding Taxes. To the extent Customer is required to withhold tax from payment to Atlassian in certain jurisdictions, Customer must provide valid documentation it receives from the taxing authority in such jurisdictions confirming remittance of withholding. This documentation must be provided at the time of payment of the applicable invoice to Atlassian.
(c) Exemptions. If Customer claims exemption from any sales tax, VAT, GST or similar taxes under this Agreement, Customer must provide Atlassian a valid tax exemption certificate or tax ID at the time of Order, and after receipt of valid evidence of exemption, Atlassian will not include applicable taxes on the relevant Customer invoice.
10.3. Return Policy. Within thirty (30) days of its initial Order for a Product, Customer may terminate the Subscription Term for that Product, for any or no reason, by providing notice to Atlassian. Following such termination, upon request (which may be made through Customer’s Atlassian account), Atlassian will refund Customer the amount paid for that Product and any associated Support under the applicable Order. Unless otherwise specified in the Policies or Product-Specific Terms, this return policy does not apply to Advisory Services.
10.4. Suspension for Non-payment. Atlassian may suspend Customer’s rights to use Products or receive Support or Advisory Services if payment is overdue, and Atlassian has given Customer no fewer than ten (10) days’ written notice.
11. Atlassian Warranties
11.1. Performance Warranties. Atlassian warrants to Customer that: (a) the Products will operate in substantial conformity with the applicable Documentation during the applicable Subscription Term, (b) Atlassian will not materially decrease the functionality or overall security of the Products during the applicable Subscription Term, and (c) Atlassian will use reasonable efforts designed to ensure that the Products, when and as provided by Atlassian, are free of any viruses, malware or similar malicious code (each, a “Performance Warranty”).
11.2. Performance Warranty Remedy. If Atlassian breaches a Performance Warranty and Customer makes a reasonably detailed warranty claim within 30 days of discovering the issue, Atlassian will use reasonable efforts to correct the non-conformity. If Atlassian determines such remedy to be impracticable, either party may terminate the affected Subscription Term. Atlassian will then refund to Customer any pre-paid, unused fees for the terminated portion of the Subscription Term. These procedures are Customer’s exclusive remedy and Atlassian’s entire liability for breach of a Performance Warranty.
11.3. Exclusions. The warranties in this Section 11 (Atlassian Warranties) do not apply to: (a) the extent the issue or non-conformity is caused by Customer’s unauthorized use or modification of the Products, (b) unsupported releases of Software Products or Cloud Clients, or (c) Third-Party Products.
11.4. Disclaimers. Except as expressly provided in this Section 11 (Atlassian Warranties), the Products, Support and Advisory Services and all related Atlassian services and deliverables are provided “AS IS.” Atlassian makes no other warranties, whether express, implied, statutory or otherwise, including warranties of merchantability, fitness for a particular purpose, title or non-infringement. Atlassian does not warrant that Customer’s use of the Products will be uninterrupted or error-free. Atlassian is not liable for delays, failures or problems inherent in use of the internet and electronic communications or other systems outside Atlassian’s control.
12. Term and Termination
12.1. Term. This Agreement commences on the date Customer accepts it and expires when all Subscription Terms have ended.
12.2. Termination for Convenience. Customer may terminate this Agreement or a Subscription Term upon notice for any reason. Subject to Section 10.3 (Return Policy), Customer will not be entitled to any refunds as a result of exercising its rights under this Section 12.2, and any unpaid amounts for the then-current Subscription Terms and any related service periods will become due and payable immediately upon such termination.
12.3. Termination for Cause. Either party may terminate this Agreement or a Subscription Term if the other party: (a) fails to cure a material breach of this Agreement (including a failure to pay fees) within 30 days after notice, (b) ceases operation without a successor, or (c) seeks protection under a bankruptcy, receivership, trust deed, creditors’ arrangement, composition or comparable proceeding, or if such a proceeding is instituted against that party and not dismissed within 60 days. If Customer terminates this Agreement or a Subscription Term in accordance with this Section 12.3, Atlassian will refund to Customer any pre-paid, unused fees for the terminated portion of the Agreement or applicable Subscription Term.
12.4. Effect of Termination. Upon expiration or termination of this Agreement or a Subscription Term: (a) Customer’s rights to use the applicable Products, Support or Advisory Services will cease, (b) Customer must immediately cease accessing the Cloud Products and using the applicable Software Products and Cloud Clients, and (c) Customer must delete (or, on request, return) all license keys, access keys and any Product copies. Following expiration or termination, unless prohibited by Law, Atlassian will delete Customer Data in accordance with the Documentation.
12.5. Survival. These Sections survive expiration or termination of this Agreement: 2.2 (Restrictions), 4.2 (Security Program), 10.1 (Fees), 10.2 (Taxes), 11.4 (Disclaimers), 12.4 (Effect of Termination), 12.5 (Survival), 13 (Ownership), 14 (Limitations of Liability), 15 (Indemnification by Atlassian), 16 (Confidentiality), 17.4 (Disclaimer), 18 (Feedback), 20 (General Terms) and 21 (Definitions).
13. Ownership
Except as expressly specified in this Agreement, neither party grants the other any rights or licenses to its intellectual property under this Agreement. As between the parties, Customer owns all intellectual property and other rights in Customer Data and Customer Materials provided to Atlassian or used with the Products. Atlassian and its licensors retain all intellectual property and other rights in the Products, any Support and Advisory Services deliverables and related source code, Atlassian technology, templates, formats and dashboards, including any modifications or improvements.
14. Limitations of Liability
14.1. Damages Waiver. Except for Excluded Claims or Special Claims, to the maximum extent permitted by Law, neither party will have any liability arising out of or related to this Agreement for any loss of use, lost data, lost profits, interruption of business or any indirect, special, incidental, reliance or consequential damages of any kind, even if informed of their possibility in advance.
14.2. General Liability Cap. Except for Excluded Claims or Special Claims, to the maximum extent permitted by Law, each party’s entire liability arising out of or related to this Agreement will not exceed in aggregate the amounts paid to Atlassian for the Products, Support and Advisory Services giving rise to the liability during the twelve (12) months preceding the first event out of which the liability arose. Customer’s payment obligations under Sections 10.1 (Fees) and 10.2 (Taxes) are not limited by this Section 14.2.
14.3. Excluded Claims. “Excluded Claims” means: (a) Customer’s breach of Section 2.2 (Restrictions) or Section 6 (Customer Obligations), (b) either party’s breach of Section 16 (Confidentiality) but excluding claims relating to Customer Data or Customer Materials, or (c) amounts payable to third parties under Atlassian’s obligations in Section 15 (Indemnification by Atlassian).
14.4. Special Claims. For Special Claims, Atlassian’s aggregate liability under this Agreement will be the lesser of: (a) two times (2x) the amounts paid to Atlassian for the Products, Support and Advisory Services giving rise to the Special Claim during the twelve (12) months preceding the first event out of which the Special Claim arose, and (b) US$5,000,000. “Special Claims” means any unauthorized disclosure of Customer Data or Customer Materials caused by a breach by Atlassian of its obligations in Section 4.2 (Security Program).
14.5. Nature of Claims and Failure of Essential Purpose. The exclusions and limitations in this Section 14 (Limitations of Liability) apply regardless of the form of action, whether in contract, tort (including negligence), strict liability or otherwise and will survive and apply even if any limited remedy in this Agreement fails of its essential purpose.
15. Indemnification by Atlassian
15.1. IP Indemnification. Atlassian must: (a) defend Customer from and against any third-party claim to the extent alleging that the Products, when used by Customer as authorized by this Agreement, infringe any intellectual property right of a third party (an “Infringement Claim”), and (b) indemnify and hold harmless Customer against any damages, fines or costs finally awarded by a court of competent jurisdiction (including reasonable attorneys’ fees) or agreed in settlement by Atlassian resulting from an Infringement Claim.
15.2. Procedures. Atlassian’s obligations in Section 15.1 (IP Indemnification) are subject to Customer providing Atlassian: (a) sufficient notice of the Infringement Claim so as to not prejudice Atlassian’s defense of the Infringement Claim, (b) the exclusive right to control and direct the investigation, defense and settlement of the Infringement Claim, and (c) all reasonably requested cooperation, at Atlassian’s expense for reasonable out-of-pocket expenses. Customer may participate in the defense of an Infringement Claim with its own counsel at its own expense.
15.3. Settlement. Customer may not settle an Infringement Claim without Atlassian’s prior written consent. Atlassian may not settle an Infringement Claim without Customer’s prior written consent if settlement would require Customer to admit fault or take or refrain from taking any action (other than relating to use of the Products).
15.4. Mitigation. In response to an actual or potential Infringement Claim, Atlassian may, at its option: (a) procure rights for Customer’s continued use of the Products, (b) replace or modify the alleged infringing portion of the Products without reducing the overall functionality of the Products, or (c) terminate the affected Subscription Term and refund to Customer any pre-paid, unused fees for the terminated portion of the Subscription Term.
15.5. Exceptions. Atlassian’s obligations in this Section 15 (Indemnification by Atlassian) do not apply to the extent an Infringement Claim arises from: (a) Customer’s modification or unauthorized use of the Products, (b) use of the Products in combination with items not provided by Atlassian (including Third-Party Products), (c) any unsupported release of the Software Products or Cloud Clients, or (d) Third-Party Products, Customer Data or Customer Materials.
15.6. Exclusive Remedy. This Section 15 (Indemnification by Atlassian) sets out Customer’s exclusive remedy and Atlassian’s entire liability regarding infringement of third-party intellectual property rights.
16. Confidentiality.
16.1. Definition. “Confidential Information” means information disclosed by one party to the other under or in connection with this Agreement that: (a) is designated by the disclosing party as proprietary or confidential, or (b) should be reasonably understood to be proprietary or confidential due to its nature and the circumstances of its disclosure. Atlassian’s Confidential Information includes any Product source code and technical or performance information about Free or Beta Products. Customer’s Confidential Information includes Customer Data and Customer Materials.
16.2. Obligations. Unless expressly permitted by the disclosing party in writing, the receiving party must: (a) hold the disclosing party’s Confidential Information in confidence and not disclose it to third parties except as permitted in this Agreement, and (b) only use such Confidential Information to fulfill its obligations and exercise its rights in this Agreement. The receiving party may disclose such Confidential Information to its employees, agents, contractors and other representatives having a legitimate need to know (including, for Atlassian, the subcontractors referenced in Section 20.11 (Subcontractors and Affiliates)), provided the receiving party remains responsible for their compliance with this Section 16 (Confidentiality) and they are bound to confidentiality obligations no less protective than this Section 16 (Confidentiality).
16.3. Exclusions. These confidentiality obligations do not apply to information that the receiving party can demonstrate: (a) is or becomes publicly available through no fault of the receiving party, (b) it knew or possessed prior to receipt under this Agreement without breach of confidentiality obligations, (c) it received from a third party without breach of confidentiality obligations, or (d) it independently developed without using the disclosing party’s Confidential Information. The receiving party may disclose Confidential Information if required by Law, subpoena or court order, provided (if permitted by Law) it notifies the disclosing party in advance and cooperates, at the disclosing party’s cost, in any reasonable effort to obtain confidential treatment.
16.4. Remedies. Unauthorized use or disclosure of Confidential Information may cause substantial harm for which damages alone are an insufficient remedy. Each party may seek appropriate equitable relief, in addition to other available remedies, for breach or anticipated breach of this Section 16 (Confidentiality).
17. Free or Beta Products
17.1. Access. Customer may receive access to certain Products or Product features on a free, fully discounted or trial basis, or as an alpha, beta or early access offering (“Free or Beta Products”). Use of Free or Beta Products is subject to this Agreement and any additional terms specified by Atlassian, such as the applicable scope and term of use.
17.2. Termination or Modification. At any time, Atlassian may terminate or modify Customer’s use of (including applicable terms) Free or Beta Products or modify Free or Beta Products, without any liability to Customer. For modifications to Free or Beta Products or Customer’s use, Customer must accept those modifications to continue accessing or using the Free or Beta Products.
17.3. Pre GA. Free or Beta Products may be inoperable, incomplete or include errors and bugs or features that Atlassian may never release.
17.4. Disclaimer. Notwithstanding anything else in this Agreement, to the maximum extent permitted by Law, Atlassian provides no warranty, indemnity, service level agreement or support for Free or Beta Products and its aggregate liability for Free or Beta Products is limited to US$100.
18. Feedback
If Customer provides Atlassian with feedback or suggestions regarding the Products or other Atlassian offerings, Atlassian may use the feedback or suggestions without restriction or obligation.
19. Publicity
Atlassian may identify Customer as a customer of Atlassian in its promotional materials. Atlassian will promptly stop doing so upon Customer request to https://www.atlassian.com/company/contact/general-inquiries#/.
20. General Terms
20.1. Compliance with Laws. Each party must comply with all Laws applicable to its business in its performance of obligations or exercise of rights under this Agreement.
20.2. Code of Conduct. Atlassian must comply with its Code of Conduct in its performance of obligations or exercise of rights under this Agreement.
20.3. Assignment.
(a) Customer may not assign or transfer any of its rights or obligations under this Agreement or an Order without Atlassian’s prior written consent. However, Customer may assign this Agreement in its entirety (including all Orders) to its successor resulting from a merger, acquisition, or sale of all or substantially all of Customer’s assets or voting securities, provided that Customer provides Atlassian with prompt written notice of the assignment and the assignee agrees in writing to assume all of Customer’s obligations under this Agreement and complies with Atlassian’s procedural and documentation requirements to give effect to the assignment.
(b) Any attempt by Customer to transfer or assign this Agreement or an Order, except as expressly authorized above, will be null and void.
(c) Atlassian may assign its rights and obligations under this Agreement (in whole or in part) without Customer’s consent.
20.4. Governing Law, Jurisdiction and Venue.
(a) If Customer is domiciled: (i) in Europe, the Middle East, or Africa, this Agreement is governed by the laws of the Republic of Ireland, with the jurisdiction and venue for actions related to this Agreement in the courts of the Republic of Ireland, or (ii) elsewhere, this Agreement is governed by the laws of the State of California, with the jurisdiction and venue for actions related to this Agreement in the state and United States federal courts located in San Francisco, California.
(b) This Agreement will be governed by such laws without regard to conflicts of laws provisions, and both parties submit to the personal jurisdiction of the applicable courts. The United Nations Convention on the International Sale of Goods does not apply to this Agreement.
20.5. Notices.
(a) Except as specified elsewhere in this Agreement, notices under this Agreement must be in writing and are deemed given on: (i) personal delivery, (ii) when received by the addressee if sent by a recognized overnight courier with receipt request, (iii) the third business day after mailing, or (iv) the first business day after sending by email, except that email will not be sufficient for notices regarding Infringement Claims, alleging breach of this Agreement by Atlassian, or of Customer’s termination of this Agreement in accordance with Section 12.3 (Termination for Cause).
(b) Notices to Atlassian must be provided according to the details provided at https://www.atlassian.com/legal#how-do-i-provide-legal-notices-to-atlassian, as may be updated from time to time
(c) Notices to Customer must be provided to the billing or technical contact provided to Atlassian, which may be updated by Customer from time to time in Customer’s account portal. However, Atlassian may provide general or operational notices via email, on its website or through the Products. Customer may subscribe to receive email notice of updates to this Agreement, as described at https://www.atlassian.com/legal#notification-of-updates-in-terms-and-policies.
20.6. Entire Agreement. This Agreement is the parties’ entire agreement regarding its subject matter and supersedes any prior or contemporaneous agreements regarding its subject matter. In the event of a conflict among the documents making up this Agreement, the main body of this Agreement (i.e., Sections 1 through 21, inclusive) will control, except that the Policies, Product-Specific Terms and DPA will control for their specific subject matter.
20.7. Other Atlassian Offerings. Atlassian makes available other offerings that can be used with the Products which, in some cases, are subject to separate terms and conditions, available at https://www.atlassian.com/legal. These other offerings include training services, developer tools and the Atlassian Marketplace. For clarity, this Agreement controls over any such terms and conditions with respect to Customer’s use of the Products (including any Atlassian Apps).
20.8. Interpretation, Waivers and Severability. In this Agreement, headings are for convenience only and “including” and similar terms are to be construed without limitation. Waivers must be granted in writing and signed by the waiving party’s authorized representative. If any provision of this Agreement is held invalid, illegal or unenforceable, it will be limited to the minimum extent necessary so the rest of this Agreement remains in effect.
20.9. Changes to this Agreement.
(a) Atlassian may modify this Agreement (which includes the Policies, Product-Specific Terms and DPA) from time to time, by posting the modified portion(s) of this Agreement on Atlassian’s website. Atlassian must use commercially reasonable efforts to post any such modification at least thirty (30) days prior to its effective date.
(b) For free subscriptions, modifications become effective during the then current Subscription Term, in accordance with Atlassian’s notice.
(c) For paid subscriptions:
(i) except as specified below, modifications to this Agreement will take effect at the next Order or renewal unless either party elects to not renew pursuant to Section 10.1(c) (Renewals), and
(ii) Atlassian may specify that modifications will become effective during a then-current Subscription Term if: (A) required to address compliance with Law, or (B) required to reflect updates to Product functionality or introduction of new Product features. If Customer objects, Customer may terminate the remainder of the then-current Subscription Term for the affected Products as its exclusive remedy. To exercise this right, Customer must notify Atlassian of its termination under this Section 20.9(c) within thirty (30) days of the modification notice, and Atlassian will refund any pre-paid fees for the terminated portion of the applicable Subscription Term.
20.10. Force Majeure. Neither party is liable for any delay or failure to perform any obligation under this Agreement (except for a failure to pay fees) due to events beyond its reasonable control and occurring without that party’s fault or negligence.
20.11. Subcontractors and Affiliates. Atlassian may use subcontractors or its Affiliates in the performance of its obligations under this Agreement, but Atlassian remains responsible for its overall performance under this Agreement and for having appropriate written agreements in place with its subcontractors to enable Atlassian to meet its obligations under this Agreement.
20.12. Independent Contractors. The parties are independent contractors, not agents, partners or joint venturers.
20.13. Export Restrictions. The Products may be subject to U.S. export restrictions and import restrictions of other jurisdictions. Customer must comply with all applicable export and import Laws in its access to, use of, and download of the Products or any content or records entered into the Products. Customer must not (and must not allow anyone else to) export, re-export, transfer or disclose the Products or any direct product of the Products: (a) to (or to a national or resident of) any U.S. embargoed jurisdiction, (b) to anyone on any U.S. or applicable non-U.S. restricted- or denied-party list, or (c) to any party that Customer has reason to know will use the Products in violation of U.S. export Law, or for any restricted end user under U.S. export Law.
20.14. Government End-Users. If Customer is a United States federal, state or local government customer, this Agreement is subject to, and is varied by, the Government Amendment available at https://www.atlassian.com/legal/government-amendment.
20.15. No Contingencies. The Products, Support and Advisory Services in each Order are purchased separately and not contingent on purchase or use of other Atlassian products and services, even if listed in the same Order. Customer’s purchases are not contingent on delivery of any future functionality or features.
21. Definitions
“Acceptable Use Policy” means Atlassian’s acceptable use policy available at https://www.atlassian.com/legal/acceptable-use-policy.
“Advisory Services” means advisory services as described in the Advisory Services Policy.
“Advisory Services Policy” means Atlassian’s advisory services policy available at https://www.atlassian.com/legal/advisory-services-policy.
“Affiliate” means an entity that, directly or indirectly, owns or controls, is owned or is controlled by or is under common ownership or control with a party, where “ownership” means the beneficial ownership of more than fifty percent (50%) of an entity’s voting equity securities or other equivalent voting interests and “control” means the power to direct the management or affairs of an entity.
“Agreement” means this Atlassian Customer Agreement, as well as the Product-Specific Terms, the DPA and the Policies.
“AI Offerings” means AI Offerings as described in the AI Terms.
“AI Terms” means the Atlassian AI terms available at https://www.atlassian.com/legal/ai-terms.
“Atlassian Apps” means apps developed by Atlassian for use with Cloud Products or Software Products, as designated by Atlassian in the Atlassian Marketplace.
“Atlassian Marketplace” means the online platform to purchase apps for Atlassian products currently branded the Atlassian Marketplace and accessible at https://marketplace.atlassian.com/.
“Cloud Products” means Atlassian’s cloud products, including client software for its cloud products (“Cloud Clients”).
“Code of Conduct” means the Atlassian Code of Business Conduct & Ethics, available at https://investors.atlassian.com/governance/governance-documents/default.aspx.
“Customer Data” means any data, content or materials provided to Atlassian by or at the direction of Customer or its Users via the Cloud Products, including from Third-Party Products.
“Customer Materials” means materials and other resources that Customer provides to Atlassian in connection with Support or Advisory Services.
“Documentation” means Atlassian’s usage guidelines and standard technical documentation for the applicable Product, available at https://support.atlassian.com/, unless otherwise specified in the Product-Specific Terms.
“DPA” means the Atlassian data processing addendum available at https://www.atlassian.com/legal/data-processing-addendum.
“Laws” means all applicable laws, regulations, conventions, decrees, decisions, orders, judgments, codes and requirements of any government authority (federal, state, local or international) having jurisdiction.
“Order” means Atlassian’s ordering document, online sign-up or other ordering process that Atlassian enables specifying the Products, Support or Advisory Services to be provided under this Agreement, accepted by Atlassian in accordance with Section 9 (Ordering Process and Delivery).
“Policies” means the Acceptable Use Policy, Advisory Services Policy, guidelines for Reporting Copyright and Trademark Violations, Privacy Policy, Security Measures, Service Level Agreement, Support Policy, Third-Party Code Policy and any additional Atlassian policies specified in Product-Specific Terms.
“Privacy Policy” means Atlassian’s privacy policy available at https://www.atlassian.com/legal/privacy-policy.
“Products” means the applicable Cloud Products or Software Products made available by Atlassian in connection with an Order. Products also include Atlassian Apps.
“Product-Specific Terms” means terms that apply only to certain Products or features, available at https://www.atlassian.com/legal/product-terms, including the AI Terms.
“Reseller” means a partner authorized by Atlassian to resell Atlassian’s Products, Support and Advisory Services to customers
“Scope of Use” means Customer’s entitlements to the Products. Such entitlements may be based on: (a) number of licenses, copies or instances, (b) entity, division, business unit, website, or field of use, (c) number and type of Users, (d) number of queries, requests or other usage-based subscription units, or (e) other restrictions or billable units.
“Security Measures” means Atlassian’s security practices available at https://www.atlassian.com/legal/security-measures.
“Service Level Agreement” means the service level commitments, if any, for a Cloud Product as described at https://www.atlassian.com/legal/sla.
“Software Products” means Atlassian’s installed software products and any generally-available bug fixes, updates and upgrades it provides to Customer, including through Support.
“Subscription Term” means the term for Customer’s use of or access to the Products and related Support and Advisory Services as identified in an Order.
“Support” means the level of support for the Products corresponding to Customer’s Scope of Use, as identified in the Support Policy.
“Support Policy” means the Atlassian support offerings documentation available at https://confluence.atlassian.com/support/atlassian-support-offerings-193299636.html.
“Third-Party Code Policy” means Atlassian’s third-party code policy available at https://www.atlassian.com/legal/third-party-code-policy.
“User” means any individual that Customer authorizes to use the Products. Users may include: (i) Customer’s and its Affiliates’ employees, consultants, contractors and agents, (ii) third parties with which Customer or its Affiliates transact business, (iii) individuals invited by Customer’s users, (iv) individuals under managed accounts, or (v) individuals interacting with a Product as Customer’s customer.
Related content
Stay informed
Subscribe to receive notifications from us about updates to our legal terms (including our legal policies) and our list of sub-processors.",2026-08-13,"terms, human-verified",terms page for Atlassian; 45711 characters of main content; served from cache; text via trafilatura,200,True,True,True,29,2294efafc88c188b22e1d5999128c68649443a33cc4e32b4d57117e782b001f1,trafilatura,"security_trust, support_documentation, uptime_reliability"
GitHub,https://github.com/features,product,GitHub Features · GitHub,"Innovate faster with seamless collaboration.
The tools you need to build what you want
Experience AI with Copilot Chat
The latest GitHub previews
Collaborative Coding
/features Flex - Collaborative Coding - River Breakout
- See the changes you care about.
- Build community around your code.
GitHub Codespaces
Spin up fully configured dev environments in the cloud with the full power of your favorite editor.
GitHub Copilot
Get suggestions for whole lines of code or entire functions right inside your editor.
Pull requests
Receive notifications of contributor changes to a repository, with specified access limits, and seamlessly merge accepted updates.
Discussions
Dedicated space for your community to come together, ask and answer questions, and have open-ended conversations.
Code search & code view
Rapidly search, navigate, and understand code right from GitHub.com with our powerful new tools.
Code review
Review new code, visualize changes, and merge confidently with automated status checks.
Draft pull requests
Collaborate and discuss changes without a formal review or the risk of unwanted merges.
Protected branches
Enforce branch merge restrictions by requiring reviews or limiting access to specific contributors.
Automation and CI/CD
/features Flex - Automation and CI/CD - River Breakout
Automate everything: CI/CD, testing, planning, project management, issue labeling, approvals, onboarding, and more
- Standardize and scale best practices, security, and compliance across your organization.
- Get started quickly with thousands of actions from partners and the community.
GitHub Actions
Automate your software workflows by writing tasks and combining them to build, test, and deploy faster from GitHub.
GitHub Packages
Host your own software packages or use them as dependencies in other projects, with both private and public hosting available.
APIs
Create calls to get all the data and events you need within GitHub, and automatically kick off and advance your software workflows.
GitHub Marketplace
Leverage thousands of actions and applications from our community to help build, improve, and accelerate your workflows.
Webhooks
Dozens of events and a webhooks API help you integrate with and automate work for your repository, organization, or application.
GitHub-hosted runners
Move automation to the cloud with on-demand Linux, macOS, Windows, ARM, and GPU environments for your workflow runs, all hosted by GitHub.
Self-hosted runners
Gain more environments and fuller control with labels, groups, and policies to manage runs on your own machines, plus an open source runner application.
Workflow visualization
Map workflows, track their progression in real time, understand complex workflows, and communicate status with the rest of the team.
Workflow templates
Standardize and scale best practices and processes with preconfigured workflow templates shared across your organization.
Application security
Application security where found means fixed. Powered by GitHub Copilot Autofix.
- Prevent, find, and fix application vulnerabilities and leaked secrets.
- Target historical alerts to reduce security debt at scale.
- Built into the GitHub platform that developers know and love.
Code scanning
Find vulnerabilities in your code with CodeQL, GitHub’s industry-leading semantic code analysis. Prevent new vulnerabilities from being introduced by scanning every pull request.
GitHub Copilot Autofix
Powered by GitHub Copilot, generate automatic fixes for 90% of alert types in JavaScript, TypeScript, Java, and Python. Quickly remediate with contextual vulnerability intelligence and advice.
Security campaigns
Solve your backlog of application security debt with security campaigns that target and generate autofixes for up to 1,000 alerts at a time, rapidly reducing the risk of vulnerabilities and zero-day attacks.
Secret scanning
Detect exposed secrets in your public and private repositories, and revoke them to secure access to your services.
GitHub Copilot secret scanning
Additional AI capabilities to detect elusive secrets like passwords.
Dependency graph
View the packages your project relies on, the repositories that depend on them, and any vulnerabilities detected in their dependencies.
Dependabot alerts
Receive alerts when new vulnerabilities affect your repositories, with GitHub detecting and notifying you of vulnerable dependencies in both public and private repositories.
Dependabot security and version updates
Keep your code secure by automatically opening pull requests that update vulnerable or out-of-date dependencies.
Dependency review
Assess the security impact of new dependencies in pull requests before merging.
GitHub security advisories
Privately report, discuss, fix, and publish information about security vulnerabilities found in open source repositories.
Private vulnerability reporting
Enable your public repository to privately receive vulnerability reports from the community and collaborate on solutions.
GitHub Advisory Database
Browse or search GitHub's database of known vulnerabilities, featuring curated CVEs and security advisories linked to the GitHub dependency graph.
Client apps
Access GitHub anywhere: On Desktop, Mobile, and Command Line.
- Accessible anywhere. Use GitHub on macOS, Windows, mobile, or tablet with native apps.
- Efficient management. Handle pull requests, issues, and tasks swiftly with GitHub CLI or mobile.
- Streamlined development. Visualize and commit changes easily with GitHub Desktop.
GitHub Mobile
Take your projects, ideas, and code to go with fully native mobile and tablet experiences.
GitHub CLI
Manage issues and pull requests from the terminal, where you're already working with Git and your code.
GitHub Desktop
Simplify your development workflow with a GUI to visualize, commit, and push changes—no command line needed.
Project management
Keep feature requests, bugs, and more organized.
Keep feature requests, bugs, and more organized.
- Coordinate initiatives big and small with project tables, boards, and task lists.
- Engineered for software teams.
- Track what you deliver down to the commit.
GitHub Projects
Create a customized view of your issues and pull requests to plan and track your work.
GitHub Issues
Track bugs, enhancements, and other requests, prioritize work, and communicate with stakeholders as changes are proposed and merged.
Milestones
Track progress on groups of issues or pull requests in a repository, and map groups to overall project goals.
Charts and insights
Leverage insights to visualize your projects by creating and sharing charts built from your project's data.
Org dependency insights
View vulnerabilities, licenses, and other important information for the open source projects your organization depends on.
Repository insights
Use data about activity, trends, and contributions within your repositories, to make data-driven improvements to your development cycle.
Wikis
Host project documentation in a wiki within your repository, allowing contributors to easily edit it on the web or locally.
Governance & administration
Simplify access and permissions management across your projects and teams.
- Update permissions, add new users as you grow, and assign everyone the exact permissions they need.
- Sync with Okta and Entra ID.
Organizations
Create groups of user accounts that own repositories and manage access on a team-by-team or individual user basis.
Teams
Organize your members to mirror your company's structure, with cascading access to permissions and mentions.
Team sync
Enable team synchronization between your identity provider and your organization on GitHub, including Entra ID and Okta.
Custom roles
Define users' access level to your code, data, and settings based on their role in your organization.
Custom repository roles
Ensure members have only the permissions they need by creating custom roles with fine-grained permission settings.
Domain verification
Verify your organization's identity on GitHub and display that verification through a profile badge.
Compliance reports
Take care of your security assessment and certification needs by accessing GitHub’s cloud compliance reports, such as our SOC reports and Cloud Security Alliance CAIQ self-assessments (CSA CAIQ).
Audit log
Quickly review the actions performed by members of your organization. Monitor access, permission changes, user changes, and other events.
Repository rules
Enhance your organization's security with scalable source code protections, and use rule insights to easily review how and why code changes occurred in your repositories.
Enterprise accounts
Enable collaboration between your organization and GitHub environments with a single point of visibility and management via an enterprise account.
GitHub Connect
Share features and workflows between your GitHub Enterprise Server instance and GitHub Enterprise Cloud.
SAML
Securely control access to organization resources like repositories, issues, and pull requests with SAML, while allowing users to authenticate with their GitHub usernames.
LDAP
Centralize repository management. LDAP is one of the most common protocols used to integrate third-party software with large company user directories.
Enterprise Managed Users
Manage the lifecycle and authentication of users on GitHub Enterprise Cloud from your identity provider (IdP).
Bring your own identity provider for Enterprise Managed Users
Use the SSO and SCIM providers of your choice for Enterprise Managed Users, separate from one another, for a more flexible approach to user lifecycle management.
Community
Community
GitHub Sponsors
Financially support the open source projects your code depends on. Sponsor a contributor, maintainer, or project with one time or recurring contributions.
GitHub Skills
Learn new skills by completing tasks and projects directly within GitHub, guided by our friendly bot.
Electron
Write cross-platform desktop applications using JavaScript, HTML, and CSS with the Electron framework, based on Node.js and Chromium.
Education
GitHub Education is a commitment to bringing tech and open source collaboration to students and educators across the globe.
Ready to get started?
Explore all the plans to find the solution that fits your needs.",2026-08-13,product,product page for GitHub; 10240 characters of main content; served from cache; text via trafilatura,200,True,True,True,77,c7a2701b42777888b98f650dbc291f11e35c494ba5e7dbc8111c3dd9800f0666,trafilatura,
GitHub,https://github.com/pricing,pricing,Pricing · Plans for every developer · GitHub,"Try the Copilot-powered platform
We get it, there's a lot you can do with GitHub. That’s why we've packed all of it into a single risk-free trial that includes GitHub Enterprise, Copilot, and Advanced Security.
Start free for 30 days
Free
The basics for individuals 
and organizations
$ 0 USD per month
      
        
          
              $
              0
              USD
          
        
        
          
            per month
          
          
              forever
          
        
      
    
  - 
  Unlimited public/private repositoriesHost open source projects in public GitHub repositories, accessible via web or command line. Public repositories are accessible to anyone at GitHub.com.
- 
  Dependabot security and version updatesKeep projects secure by automatically opening pull requests to update vulnerable dependencies and keep them up to date.
- 
  2,000 CI/CD minutes/monthFree for public repositories Use execution minutes with GitHub Actions to automate your software development workflows. Write tasks and combine them to build, test, and deploy any code project on GitHub.
- 
  500MB of Packages storageFree for public repositories Host your own software packages or use them as dependencies in other projects. Both private and public hosting available.
- 
  Issues & ProjectsGive your developers flexible features for project management that adapts to any team, project, and workflow — all alongside your code.
- 
  Community supportGet help with most of your GitHub questions and issues in our Community Forum.
Featured add-ons
- 
  GitHub Codespaces AccessWith GitHub Codespaces, get an instant dev environment in the cloud, so you can code anywhere on any device.
Team
Advanced collaboration for 
individuals and organizations
$ 4 USD per user/month
      
        
          
              $
              4
              USD
          
        
        
          
            per user/month
          
          
              for the first 12 months*
          
        
      
    
  - Everything included in Free, plus...
- 
  Access to GitHub CodespacesBlazing fast cloud developer environments with flexible compute and pre-configured containers, developers can code, collaborate, and debug from any browser. Pay only for what you use with compute fees starting at $0.18/hr and storage fees at $0.07/GB per month.
- 
  Repository rulesEnforce restrictions on how code branches and tags are merged across your organization, including requiring reviews by selected collaborators, or allowing only specific contributors to work on a particular branch.
- 
  Multiple reviewers in pull requestsAssign multiple users or a team to review a pull request.
- 
  Draft pull requestsEasily discuss and collaborate on pull requests before submitting to formal review.
- 
  Code ownersAutomatically request reviews—or require approval—by selected contributors when changes are made to sections of code that they own.
- 
  Required reviewersEnsure that pull requests have a specific number of approving reviews before collaborators can make changes to a protected branch.
- 
  Pages and WikisHost documentation and simple websites for your project in a wiki format that contributors can easily edit either on the web or command line.
- 
  Environment deployment branches and secretsA job cannot access secrets that are defined in an environment unless it is running on the specified branch.
- 
  3,000 CI/CD minutes/monthFree for public repositories Use execution minutes with GitHub Actions to automate your software development workflows. Write tasks and combine them to build, test, and deploy any code project on GitHub.
- 
  2GB of Packages storageFree for public repositories Host your own software packages or use them as dependencies in other projects. Both private and public hosting available.
- 
  Web-based supportGitHub Support can help you troubleshoot issues you run into while using GitHub.
Featured add-ons
- 
  GitHub Secret ProtectionEnsure your secrets stay secure. Mitigate risk associated with exposed secrets in your repositories, while preventing new leaks before they happen with push protection.
- 
  GitHub Code SecurityFind and fix vulnerabilities in your code before they reach production. Prioritize your Dependabot alerts with automated triage rules.
Enterprise
Security, compliance, 
and flexible deployment
$ 21 USD per user/month
      
        
          
              $
              21
              USD
          
        
        
          
            per user/month
          
          
              for the first 12 months*
          
        
      
    
  - Everything included in Team, plus...
- 
  Data residencyGitHub Enterprise Cloud offers a multi-tenant enterprise SaaS solution on Microsoft Azure, allowing you to choose a regional cloud deployment for data residency, so your in-scope data is stored at rest in a designated location. Start a free 30 day trial today or contact our sales team for more information.
- 
  Enterprise Managed UsersOwn and control the user accounts of your enterprise members through your identity provider (IdP).
- 
  User provisioning through SCIMAutomatically invite members to join your organization when you grant access on your IdP. If you remove a member's access to your GitHub organization on your SAML IdP, the member will be automatically removed from the GitHub organization.
- 
  Enterprise Account to centrally manage multiple organizationsGitHub Enterprise Cloud includes the option to create an enterprise account, which enables collaboration between multiple organizations, gives administrators a single point of visibility and management and brings license cost savings for identical users in multiple organizations.
- 
  Environment protection rulesWhen a workflow job references an environment, the job won't start until all of the environment's protection rules pass.
- 
  Repository rulesEnforce branch and tag protections, as well as push rules across your enterprise. Rule insights allow you to assess impact of rules before and during enforcement.
- 
  Audit Log APIAs a GitHub Enterprise Cloud organization administrator, you can now access log events using our GraphQL API and monitor the activity in your organization.
- 
  SOC1, SOC2, type 2 reports annuallyGitHub offers AICPA System and Organization Controls (SOC) 1 Type 2 and SOC 2 Type 2 reports with IAASB International Standards on Assurance Engagements, ISAE 3000, and ISAE 3402.
- 
  FedRAMP Tailored Authority to Operate (ATO)Government users can host projects on GitHub Enterprise Cloud with the confidence that our platform meets the low impact software-as-a-service (SaaS) baseline of security standards set by our U.S. federal government partners.
- 
  SAML single sign-onUse an identity provider to manage the identities of GitHub users and applications.
- 
  Advanced auditingQuickly review the actions performed by members of your organization. Keep copies of audit log data to ensure secure IP and maintain compliance for your organization.
- 
  GitHub ConnectShare features and workflows between your GitHub Enterprise Server instance and GitHub Enterprise Cloud.
- 
  50,000 CI/CD minutes/monthFree for public repositories Use execution minutes with GitHub Actions to automate your software development workflows. Write tasks and combine them to build, test, and deploy any code project on GitHub.
- 
  50GB of Packages storageFree for public repositories Host your own software packages or use them as dependencies in other projects. Both private and public hosting available.
Exclusive add-on
- 
  Premium supportWith Premium, get a 30-minute SLA on Urgent tickets and 24/7 web and phone support via callback request. With Premium Plus, get everything in Premium, assigned Customer Reliability Engineer and more. 
Learn more about Premium Support
Additional add-ons
“GitHub is the world’s mono repository, so sharing our open source there is natural.”
— Martin Andersen, VP of Engineering, Trustpilot
Read the case study
“GitHub Advanced Security is there for every pull request and excels compared to other static analysis tools we have used.”
— Dimosthenis Kaponis, CTO, Netdata
Read the case study
“GitHub keeps us up to speed with the industry’s best tools. We want new hires to know GitHub is in our toolchain—it makes them excited to join us.”
— Spencer Kaiser, Principal Architect of Emerging Tech, American Airlines
Read the case study
“This collaborative way of building software is unstoppable. It isn’t going away—and GitHub has its place in that. We can make the whole company rethink how they build software.”
— Ingo Sauerzapf, SAP Cloud Development Tools Manager
Read the case study
“People know what a pull request is because it’s how they contribute to open source projects. We have many developers who are well-versed with GitHub, either for personal development or previous roles. With GitHub Enterprise, no one has to relearn the wheel.”
— Laurent Ploix, Product Manager, Spotify
Read the case study
“I have seen some truly revolutionary actions happen in communities on GitHub. People are collaborating on code but they’re also having foundational conversations on best practices and how software, as a whole, is built. More and more, GitHub is an internet archive. It’s a deeply social and critical piece of our infrastructure.”
— Michael Glukhovsky, Developer, Stripe
Read the case study
“When we started talking about code reuse, we felt like we already had the perfect platform in place: GitHub.”
— Timothy Carmean, Software Processes and Tools Supervisor, Ford
Read the case study
“Using GitHub Enterprise Cloud removes the burden of managing infrastructure, and we don’t need to worry about the availability of our versioning code, source code and versioning tools. It lets us focus on what’s important for our business, and that’s our customers.”
— Victor Gomes, Infosec Tech Manager, Nubank
Read the case study
Compare features
Free
Team
Enterprise
Code management
        
          
            
              
            
            
              
                Public repositories
              
            
          
          
            
              Unlimited
              
            
              
                Unlimited
                
              
                
                  Unlimited
                  
                
          
        
      
      Host open source projects in public GitHub repositories, accessible via web or command line. Public repositories are accessible to anyone at GitHub.com.
        
          
            
              
            
            
              
                Private repositories
              
            
          
          
            
              Unlimited
              
            
              
                Unlimited
                
              
                
                  Unlimited
                  
                
          
        
      
      Host code in private GitHub repositories, accessible via appliance, web, and command line. Private repositories are only accessible to you and people you share them with.
Code workflow
        
          
            
              
            
            
              
                GitHub Codespaces
              
            
          
          
            
              $0 spend limit
With policies and controls
              
            
              
                Ability to increase spend limit
                
              
                
                  Ability to increase spend limit
                  
                
          
        
      
      With policies and controls
Spin up fully configured dev environments in the cloud with the power of your favorite editor. A ""core hour"" denotes compute usage. On a 2-core machine, you would get 60 hours free. On a 4-core machine, you would get 30 hours free, etc. Free hours are assigned to personal accounts, rather than free organizations.
With policies and controls
        
          
            
              
            
            
              
                GitHub Actions
              
            
          
          
            
              2,000 minutes/month
              Free for public repositories
            
              
                3,000 minutes/month
                Free for public repositories
              
                
                  50,000 minutes/month
                  Free for public repositories
                
          
        
      
      Free for public repositories
Free for public repositories
Free for public repositories
Use execution minutes with GitHub Actions to automate your software development workflows. Write tasks and combine them to build, test, and deploy any code project on GitHub. Minutes are free for public repositories.
Learn more about billing
Free for public repositories
Free for public repositories
Free for public repositories
        
          
            
              
            
            
              
                GitHub Packages
              
            
          
          
            
              500 MB
              Free for public repositories
            
              
                2GB
                Free for public repositories
              
                
                  50GB
                  Free for public repositories
                
          
        
      
      Free for public repositories
Free for public repositories
Free for public repositories
Host your own software packages or use them as dependencies in other projects. Both private and public hosting available. Packages are free for public repositories.
Free for public repositories
Free for public repositories
Free for public repositories
        
          
            
              
            
            
              
                GitHub sandbox (public preview)
              
            
          
          
            
              Usage-based
              
            
              
                Usage-based
                
              
                
                  Usage-based
                  
                
          
        
      
      Run agent-generated code safely in isolated, stateful cloud environments with snapshot and resume.
        
          
            
              
            
            
              
                Code reviews
              
            
          
          
            
              
              
            
              
                
                
              
                
                  
                  
                
          
        
      
      Review new code, see visual code changes, and confidently merge code changes with automated status checks.
        
          
            
              
            
            
              
                Pull requests
              
            
          
          
            
              
              
            
              
                
                
              
                
                  
                  
                
          
        
      
      Allow contributors to easily notify you of changes they've pushed to a repository – with access limited to the contributors you specify. Easily merge changes you accept.
        
          
            
              
            
            
              
                Repository rules
              
            
          
          
            
              Public repositories
              
            
              
                
                
              
                
                  
                  
                
          
        
      
      Enforce restrictions on how code branches are merged, including requiring reviews by selected collaborators, or allowing only specific contributors to work on a particular branch.
        
          
            
              
            
            
              
                Code owners
              
            
          
          
            
              Public repositories
              
            
              
                
                
              
                
                  
                  
                
          
        
      
      Automatically request reviews – or require approval – by selected contributors when changes are made to sections of code that they own.
        
          
            
              
            
            
              
                Draft pull requests
              
            
          
          
            
              Public repositories
              
            
              
                
                
              
                
                  
                  
                
          
        
      
      Easily discuss and collaborate on pull requests before submitting to formal review.
        
          
            
              
            
            
              
                Multiple pull request assignees
              
            
          
          
            
              Public repositories
              
            
              
                
                
              
                
                  
                  
                
          
        
      
      Assign more than one person to a pull request.
        
          
            
              
            
            
              
                Repository insights
              
            
          
          
            
              Public repositories
              
            
              
                
                
              
                
                  
                  
                
          
        
      
      See data about activity and contributions within your repositories, including trends. You can use this data to improve collaboration and make development faster and more effective.
        
          
            
              
            
            
              
                Scheduled reminders
              
            
          
          
            
              Public repositories
              
            
              
                
                
              
                
                  
                  
                
          
        
      
      Send scheduled messages to you or your team listing open pull requests.
        
          
            
              
            
            
              
                Automatic code review assignment
              
            
          
          
            
              Public repositories
              
            
              
                
                
              
                
                  
                  
                
          
        
      
      Automatically assign code reviews to members of your team based on one of two algorithms.
        
          
            
              
            
            
              
                Environment protection rules
              
            
          
          
            
              Public repositories
              
            
              
                Public repositories
                
              
                
                  
                  
                
          
        
      
      When a workflow job references an environment, the job won't start until all of the environment's protection rules pass.
        
          
            
              
            
            
              
                Environment deployment branches and secrets
              
            
          
          
            
              Public repositories
              
            
              
                
                
              
                
                  
                  
                
          
        
      
      A job cannot access secrets that are defined in an environment unless it is running on the specified branch.
Collaboration
        
          
            
              
            
            
              
                Collaborators for public repositories
              
            
          
          
            
              Unlimited
              
            
              
                Unlimited
                
              
                
                  Unlimited
                  
                
          
        
      
      Invite any GitHub member, or all GitHub members, to work with you on code in a public repository you control – including making changes and opening issues.
        
          
            
              
            
            
              
                Collaborators for private repositories
              
            
          
          
            
              Unlimited
              
            
              
                
  
    
      
        $4
      
      
        per user/month
      
    
  
                
              
                
                  
  
    
      
        $21
      
      
        per user/month
      
    
  
                  
                
          
        
      
      Invite any GitHub member, or all GitHub members, to work with you on code in a private repository you control – including making changes and opening issues.
        
          
            
              
            
            
              
                Issues
              
            
          
          
            
              
              
            
              
                
                
              
                
                  
                  
                
          
        
      
      Track bugs, enhancements, and other requests, prioritize work, and communicate with stakeholders as changes are proposed and merged.
        
          
            
              
            
            
              
                Projects
              
            
          
          
            
              
              
            
              
                
                
              
                
                  
                  
                
          
        
      
      Visualize and manage issues and pull requests across tables, boards, and roadmaps with custom fields and views that you can arrange to suit your workflow.
        
          
            
              
            
            
              
                Milestones
              
            
          
          
            
              
              
            
              
                
                
              
                
                  
                  
                
          
        
      
      Track progress on groups of issues or pull requests in a repository, and map groups to overall project goals.
        
          
            
              
            
            
              
                Organization and team management
              
            
          
          
            
              
              
            
              
                
                
              
                
                  
                  
                
          
        
      
      Manage access to projects on a team-by-team, or individual user, basis.
        
          
            
              
            
            
              
                Pages and wikis
              
            
          
          
            
              Public repositories
              
            
              
                
                
              
                
                  
                  
                
          
        
      
      Host documentation and simple websites for your project in a wiki format that contributors can easily edit either on the web or command line.
        
          
            
              
            
            
              
                Multiple issue assignees
              
            
          
          
            
              Public repositories
              
            
              
                
                
              
                
                  
                  
                
          
        
      
      Assign more than one person to an issue.
GitHub Secret Protection
        
          
            
              
            
            
              
                Push protection
              
            
          
          
            
              Public repositories
              
            
              
                
                
              
                
                  
                  
                
          
        
      
      Prevent secret exposures by proactively blocking secrets before they reach your code.
        
          
            
              
            
            
              
                Secret scanning
              
            
          
          
            
              Public repositories
              
            
              
                
                
              
                
                  
                  
                
          
        
      
      Detect and manage exposed secrets across git history, pull requests, issues, and wikis.
        
          
            
              
            
            
              
                Provider patterns
              
            
          
          
            
              Public repositories
              
            
              
                
                
              
                
                  
                  
                
          
        
      
      GitHub collaborates with AWS, Azure, and Google Cloud to detect secrets with high accuracy. This minimizes false positives, letting you focus on what matters.
        
          
            
              
            
            
              
                Provider notification
              
            
          
          
            
              Public repositories
              
            
              
                Public repositories
                
              
                
                  Public repositories
                  
                
          
        
      
      Providers get real-time alerts when their tokens appear in public code, enabling them to notify, quarantine, or revoke secrets.
        
          
            
              
            
            
              
                Validity checks
              
            
          
          
            
              
              
            
              
                
                
              
                
                  
                  
                
          
        
      
      Prioritize active secrets with validity checks for provider patterns.
        
          
            
              
            
            
              
                Copilot secret scanning
              
            
          
          
            
              
              
            
              
                
                
              
                
                  
                  
                
          
        
      
      Use AI to detect unstructured like passwords—without the noise.
        
          
            
              
            
            
              
                Generic patterns
              
            
          
          
            
              
              
            
              
                
                
              
                
                  
                  
                
          
        
      
      Detect tokens from unknown providers, including HTTP authentication headers, connection strings, and private keys.
        
          
            
              
            
            
              
                Custom patterns
              
            
          
          
            
              
              
            
              
                
                
              
                
                  
                  
                
          
        
      
      Create your own patterns and find organization-specific secrets.
        
          
            
              
            
            
              
                Push protection bypass controls
              
            
          
          
            
              
              
            
              
                
                
              
                
                  
                  
                
          
        
      
      Manage who can bypass push protection and when.
        
          
            
              
            
            
              
                Insights in security overview
              
            
          
          
            
              
              
            
              
                
                
              
                
                  
                  
                
          
        
      
      Understand how risk is distributed across your organization with security metrics and insight dashboards.
        
          
            
              
            
            
              
                Scan history API 
              
            
          
          
            
              
              
            
              
                
                
              
                
                  
                  
                
          
        
      
      Review how and when GitHub scans your repositories for secrets.
Code Security
        
          
            
              
            
            
              
                Copilot Autofix
              
            
          
          
            
              Public repositories
              
            
              
                
                
              
                
                  
                  
                
          
        
      
      Powered by GitHub Copilot, generate automatic fixes for 90% of alert types in JavaScript, Typescript, Java, and Python.
        
          
            
              
            
            
              
                Third party extensibility for code scanning alerts
              
            
          
          
            
              Public repositories
              
            
              
                
                
              
                
                  
                  
                
          
        
      
      Centralize your findings across all your scanning tools via SARIF upload to GitHub.
        
          
            
              
            
            
              
                Contextual vulnerability intelligence and advice
              
            
          
          
            
              Public repositories
              
            
              
                
                
              
                
                  
                  
                
          
        
      
      Quickly remediate with context provided by Copilot Autofix.
        
          
            
              
            
            
              
                CodeQL
              
            
          
          
            
              Public repositories
              
            
              
                
                
              
                
                  
                  
                
          
        
      
      Uncover vulnerabilities in your code with our industry-leading semantic code analysis.
        
          
            
              
            
            
              
                Security campaigns
              
            
          
          
            
              
              
            
              
                
                
              
                
                  
                  
                
          
        
      
      Reduce security debt and burn down your security backlog with security campaigns.
        
          
            
              
            
            
              
                Dependency graph
              
            
          
          
            
              
              
            
              
                
                
              
                
                  
                  
                
          
        
      
      Get a clear view of your project’s dependencies with a summary of manifest, lock files, and submitted dependencies via the API.
        
          
            
              
            
            
              
                Dependency review action
              
            
          
          
            
              
              
            
              
                
                
              
                
                  
                  
                
          
        
      
      Catch insecure dependencies before adding them and get insights on licenses, dependents, and age.
        
          
            
              
            
            
              
                Dependabot custom auto-triage rules
              
            
          
          
            
              
              
            
              
                
                
              
                
                  
                  
                
          
        
      
      Define alert-centric policies to control how Dependabot handles alerts and pull requests.
        
          
            
              
            
            
              
                Dependabot security updates with grouped updates
              
            
          
          
            
              
              
            
              
                
                
              
                
                  
                  
                
          
        
      
      Automated pull requests that batch dependency updates for known vulnerabilities.
        
          
            
              
            
            
              
                Dependabot version updates
              
            
          
          
            
              
              
            
              
                
                
              
                
                  
                  
                
          
        
      
      Automated pull requests that keep your dependencies up to date.
        
          
            
              
            
            
              
                Insights in security overview
              
            
          
          
            
              
              
            
              
                
                
              
                
                  
                  
                
          
        
      
      Get a clear view of risk distribution with security metrics and dashboards.
Platform security and compliance
        
          
            
              
            
            
              
                Repository rules
              
            
          
          
            
              Public repositories
              
            
              
                
                
              
                
                  
                  
                
          
        
      
      Enforce consistent code standards, security, and compliance across branches and tags.
        
          
            
              
            
            
              
                SBOMs
              
            
          
          
            
              
              
            
              
                
                
              
                
                  
                  
                
          
        
      
      Export a software bill of materials (SBOM) for your repository.
        
          
            
              
            
            
              
                Artifact attestations
              
            
          
          
            
              Public repositories
              
            
              
                Public repositories
                
              
                
                  
                  
                
          
        
      
      Ensure unfalsifiable provenance and integrity for your software.
        
          
            
              
            
            
              
                Role-based access control
              
            
          
          
            
              
              
            
              
                
                
              
                
                  
                  
                
          
        
      
      Define users' level of access to your code, data and settings.
        
          
            
              
            
            
              
                Required 2FA
              
            
          
          
            
              
              
            
              
                
                
              
                
                  
                  
                
          
        
      
      Use an extra layer of security with two factor authentication (2FA) when logging into GitHub.
        
          
            
              
            
            
              
                Audit log
              
            
          
          
            
              
              
            
              
                
                
              
                
                  
                  
                
          
        
      
      Quickly review the actions performed by members of your organization.
        
          
            
              
            
            
              
                Audit log API
              
            
          
          
            
              
              
            
              
                
                
              
                
                  
                  
                
          
        
      
      Keep copies of audit log data to ensure secure IP and maintain compliance for your organization.
        
          
            
              
            
            
              
                GitHub Connect
              
            
          
          
            
              
              
            
              
                
                
              
                
                  
                  
                
          
        
      
      Share features and workflows between your GitHub Enterprise Server instance and GitHub Enterprise Cloud.
        
          
            
              
            
            
              
                SAML single sign-on (SSO)
              
            
          
          
            
              
              
            
              
                
                
              
                
                  
                  
                
          
        
      
      Use an identity provider to manage the identities of GitHub users and applications.
        
          
            
              
            
            
              
                LDAP
              
            
          
          
            
              
              
            
              
                
                
              
                
                  
                  
                
          
        
      
      Access GitHub Enterprise Server using your existing accounts and centrally manage repository access.
        
          
            
              
            
            
              
                IP allow list
              
            
          
          
            
              
              
            
              
                
                
              
                
                  Enterprise Cloud
                  
                
          
        
      
      Limit access to known allowed IP addresses.
Marketplace and integrations
        
          
            
              
            
            
              
                GitHub Apps
              
            
          
          
            
              Unlimited
              
            
              
                Unlimited
                
              
                
                  Unlimited
                  
                
          
        
      
      Install apps that integrate directly with GitHub's API to improve development workflows – or build your own for private use or publication in the GitHub Marketplace.
        
          
            
              
            
            
              
                Status checks
              
            
          
          
            
              
              
            
              
                
                
              
                
                  
                  
                
          
        
      
      Define tests that GitHub automatically runs against code being committed to your repository, and get details about failures and what is causing them.
        
          
            
              
            
            
              
                Pre-receive hooks
              
            
          
          
            
              
              
            
              
                
                
              
                
                  Enterprise Server
                  
                
          
        
      
      Create requirements for automatically accepting or rejecting a push based on the contents of the push.
Support and deployment
        
          
            
              
            
            
              
                Community Support
              
            
          
          
            
              
              
            
              
                
                
              
                
                  
                  
                
          
        
      
      Get help with most of your GitHub questions and issues in our Community Forum.
        
          
            
              
            
            
              
                Standard Support
              
            
          
          
            
              
              
            
              
                
                
              
                
                  
                  
                
          
        
      
      GitHub Support can help you troubleshoot issues you run into while using GitHub. Get support via the web.
        
          
            
              
            
            
              
                Premium and Premium Plus Support
              
            
          
          
            
              
              
            
              
                
                
              
                
                  Available
                  
                
          
        
      
      With Premium, get a 30-minute SLA on Urgent tickets and 24/7 web and phone support via callback request. With Premium Plus, get everything in Premium, assigned Customer Reliability Engineer and more.
 Learn more about Premium Support
        
          
            
              
            
            
              
                Invoice billing
              
            
          
          
            
              
              
            
              
                
                
              
                
                  
                  
                
          
        
      
      Pay bills via invoice, rather than using your credit card.
        
          
            
              
            
            
              
                Self-hosted deployment
              
            
          
          
            
              
              
            
              
                
                
              
                
                  Enterprise Server
                  
                
          
        
      
      Self-hosted GitHub for on-prem appliances or self-managed cloud tenants.
        
          
            
              
            
            
              
                Data residency
              
            
          
          
            
              
              
            
              
                
                
              
                
                  Enterprise Cloud
                  
                
          
        
      
      Multi-tenant enterprise SaaS solution on Microsoft Azure, allowing you to choose a regional cloud deployment for data residency, so your in-scope data is stored at rest in a designated location. This is available in the EU and Australia with additional regions coming soon. Contact our sales team to learn more.",2026-08-13,pricing,pricing page for GitHub; 46192 characters of main content; served from cache; text via trafilatura,200,True,True,True,140,6e14dab1b8f466f270e791b78645f643da4f79ab6201ec83da2268a766c4beac,trafilatura,"data_residency, integrations_api, pricing_availability, security_trust, support_documentation, uptime_reliability"
GitHub,https://github.com/security,security,GitHub Security · GitHub,"Join the companies that secure their code with GitHub
Security seamlessly
integrated into your workflow
Prevent accidental secret exposure
Push protection automatically blocks secrets before they reach your repository, keeping code clean without disrupting workflows.  
Find and fix vulnerabilities in your code
Address security debt in your GitHub workflow with static analysis, AI remediation, and proactive vulnerability management.
Securing the entire
software supply chain
Enhance your security strategy with the GitHub Security Lab
Learn how the lab helps secure open source by finding vulnerabilities, building tools like CodeQL, and advancing security research.
Stay ahead of threats with the Security Advisory Database
Access a security vulnerability database inclusive of CVEs and GitHub originated security advisories from the world of open source software.
GitHub’s supply chain security reduces open source risks with auto-updates, dependency tracking, and build attestation.
Learn more about supply chain security
Adopted by the world's leading organizations
Otto Group elevates developer engagement with GitHub Advanced Security
SPH Media tames tool sprawl and secures code with GitHub
Postmates uses GitHub Advanced Security to catch vulnerabilities
Built-in security for developer workflows
Resources to get started
Discover developer-first security
Take an in-depth look at the current state of application security.
Explore the DevSecOps guide
Learn how to write more secure code from the start with DevSecOps.
Avoid AppSec pitfalls
Explore common application security pitfalls and how to avoid them.",2026-08-13,"security, human-verified",security page for GitHub; 1619 characters of main content; served from cache; text via trafilatura,200,True,True,True,22,73973df9d1e4e4d9770148c84c1a4a7de21d5f8bcd45a9c0c125339d1eca5c65,trafilatura,security_trust
GitHub,https://github.com/trust-center,trust,GitHub Trust Center · GitHub,"We enable developers and organizations to maximize their potential by prioritizing security, privacy, compliance, and transparency as we develop and iterate on GitHub Copilot.
Trust at GitHub
Develop, scale, and innovate securely with GitHub.
Learn about our products
GitHub Enterprise Cloud FAQ
A scalable and secure cloud-based unified software development platform that meets the demands of the world’s leading organizations.
Let's build together more securely
The world’s most adopted AI-powered developer platform
Additional resources
GitHub Advisory Database
Boost your software security with access to GitHub's comprehensive vulnerability database.
Found means fixed
Fix security vulnerabilities 7x faster than the industry average with GitHub Advanced Security.
GitHub Security Lab
Learn about new vulnerabilities, insecure patterns, and security practices from our experts.
Frequently asked questions
AI Regulation
What is GitHub's commitment to AI?
GitHub is committed to the advancement of safe, secure, and trustworthy AI. We believe in the power of AI to enhance efficiency and innovation across the software development life cycle to increase developer happiness. From GitHub Copilot to hosting open source models, GitHub continues to ensure that AI advancements are accessible and beneficial to all.
What standard does GitHub follow for AI?
GitHub follows Microsoft's Responsible AI Standard in designing, building, and testing its AI systems in our products. The Microsoft RAI Standard has six principles–accountability, transparency, fairness, reliability & safety, privacy & security, and inclusiveness–that product teams consider in order to responsibly develop and deploy generative AI systems. These principles align with our commitment to develop safe, secure, and trustworthy AI systems. Furthermore, the implementation of these six principles align with the National Institute for Standards and Technology (NIST) AI Risk Management Framework (RMF) – govern, map, measure, and manage.
How does GitHub drive Responsible AI practices within its organization?
Within GitHub, our Responsible AI Champions help map, measure, and manage risks associated with using generative AI in coding.
What assessments and reviews has GitHub completed for its AI systems?
GitHub has completed a Responsible AI Impact Assessment as well as security and privacy reviews to map different risks associated with its AI products.
Where can I learn more about GitHub's responsible principles in AI development?
You can learn more by reading the Responsible AI Transparency Report. The report includes a case study on how GitHub mapped and managed key risks and measured the effectiveness of GitHub Copilot and Copilot Chat on developer productivity.
Privacy
What are GitHub's privacy principles?
At the heart of our work is a deep respect for your privacy, guiding the decisions we make. We prioritize your trust, control, and the context of your data to ensure your rights are always protected. GitHub has four privacy principles:
- Privacy Protects People.
- Privacy requires Trust, Control, and Transparency.
- Privacy is Contextual.
- Privacy is the Expectation.
How does GitHub protect privacy?
GitHub is dedicated to safeguarding your right to privacy by ensuring all employees uphold privacy standards and address any misuse of personal information.
How does GitHub ensure trust, control, and transparency with user data?
GitHub provides clear tools and choices to give you control over your privacy, is transparent about data usage, and uses your data to enhance your experience.
How does GitHub handle data in different contexts?
GitHub processes information based on its context, respecting local privacy laws and advocating for your privacy rights.
How is privacy integrated into GitHub's operations?
Privacy is built into everything GitHub does from the start, fostering trust with users, customers, and partners through a strong commitment to privacy.
AI Regulation
What is GitHub's commitment to AI?
GitHub is committed to the advancement of safe, secure, and trustworthy AI. We believe in the power of AI to enhance efficiency and innovation across the software development life cycle to increase developer happiness. From GitHub Copilot to hosting open source models, GitHub continues to ensure that AI advancements are accessible and beneficial to all.
What standard does GitHub follow for AI?
GitHub follows Microsoft's Responsible AI Standard in designing, building, and testing its AI systems in our products. The Microsoft RAI Standard has six principles–accountability, transparency, fairness, reliability & safety, privacy & security, and inclusiveness–that product teams consider in order to responsibly develop and deploy generative AI systems. These principles align with our commitment to develop safe, secure, and trustworthy AI systems. Furthermore, the implementation of these six principles align with the National Institute for Standards and Technology (NIST) AI Risk Management Framework (RMF) – govern, map, measure, and manage.
How does GitHub drive Responsible AI practices within its organization?
Within GitHub, our Responsible AI Champions help map, measure, and manage risks associated with using generative AI in coding.
What assessments and reviews has GitHub completed for its AI systems?
GitHub has completed a Responsible AI Impact Assessment as well as security and privacy reviews to map different risks associated with its AI products.
Where can I learn more about GitHub's responsible principles in AI development?
You can learn more by reading the Responsible AI Transparency Report. The report includes a case study on how GitHub mapped and managed key risks and measured the effectiveness of GitHub Copilot and Copilot Chat on developer productivity.
Privacy
What are GitHub's privacy principles?
At the heart of our work is a deep respect for your privacy, guiding the decisions we make. We prioritize your trust, control, and the context of your data to ensure your rights are always protected. GitHub has four privacy principles:
- Privacy Protects People.
- Privacy requires Trust, Control, and Transparency.
- Privacy is Contextual.
- Privacy is the Expectation.
How does GitHub protect privacy?
GitHub is dedicated to safeguarding your right to privacy by ensuring all employees uphold privacy standards and address any misuse of personal information.
How does GitHub ensure trust, control, and transparency with user data?
GitHub provides clear tools and choices to give you control over your privacy, is transparent about data usage, and uses your data to enhance your experience.
How does GitHub handle data in different contexts?
GitHub processes information based on its context, respecting local privacy laws and advocating for your privacy rights.
How is privacy integrated into GitHub's operations?
Privacy is built into everything GitHub does from the start, fostering trust with users, customers, and partners through a strong commitment to privacy.",2026-08-13,"trust, human-verified",trust page for GitHub; 7015 characters of main content; served from cache; text via trafilatura,200,True,True,True,35,ce954f377a5ee1801f711a3b8015568d42e8050630f41c701a1aacd146d7f5d4,trafilatura,
GitHub,https://docs.github.com/en/site-policy/privacy-policies/github-general-privacy-statement,privacy,GitHub General Privacy Statement - GitHub Docs,"GitHub Privacy Statement
Effective date: April 27, 2026
Welcome to the GitHub Privacy Statement. This is where we describe how we handle your “Personal Data”, which is information that is directly linked or can be linked to you. It applies to the Personal Data that GitHub, Inc. or GitHub B.V., processes as the “Data Controller” when you interact with websites, applications, and services that display this Statement (collectively, “Services”). This Statement does not apply to services or products that do not display this Statement, such as Previews, where relevant.
End User Notice: Organization-Provided GitHub Accounts
When a school or employer supplies your GitHub account, they assume the role of Data Controller for most Personal Data used in our Services. This enables them to:
- Manage and administer your GitHub account, including adjusting privacy settings.
- Access and utilize your Personal Data, which includes details on how you use the Services, as well as your content and files.
Should you access a GitHub Service through an account provided by an organization, such as your employer or school, the organization becomes the Data Controller, and this Privacy Statement's direct applicability to you changes. Even so, GitHub remains dedicated to preserving your privacy rights. In such circumstances, GitHub functions as a Data Processor, adhering to the Data Controller's instructions regarding your Personal Data's processing. A Data Protection Agreement governs the relationship between GitHub and the Data Controller. For further details regarding their privacy practices, please refer to the privacy statement of the organization providing your account.
In cases where your organization grants access to GitHub products, GitHub acts as the Data Controller solely for specific processing activities. These activities are clearly defined in a contractual agreement with your organization, known as a Data Protection Agreement. You can review our standard Data Protection Agreement at GitHub Data Protection Agreement. For those limited purposes, this Statement governs the handling of your Personal Data. For all other aspects of GitHub product usage, your organization's policies apply.
Third Party Access and Data Protection
When you use third-party extensions, integrations, or follow references and links within our Services, the privacy policies of these third parties apply to any Personal Data you provide or consent to share with them. Their privacy statements will govern how this data is processed.
Personal Data We Collect
Personal Data is collected from you directly, automatically from your device, and also from third parties. The Personal Data GitHub processes when you use the Services depends on variables like how you interact with our Services (such as through web interfaces, desktop or mobile applications), the features you use (such as pull requests, Codespaces, or GitHub Copilot) and your method of accessing the Services (your preferred IDE). Below, we detail the information we collect through each of these channels:
From You
- Account Data: We collect certain information when you open an account such as your GitHub handle, name, email address, password, payment information and transaction information.
- User Content and Files: When you use our Services, we collect Personal Data included as part of the information you provide such as code, inputs, AI outputs, text, documents, images, or feedback.
- Demographic information: In some cases, you provide us with ethnicity, gender, or similar demographic details.
- Feedback Data: This consists of information you submit through surveys, reviews, or interactive features.
- Payment Information: For paid subscriptions, we collect details like name, billing address, and payment specifics.
- Profile Information: We collect information to create a user profile, which may include a photo, additional email addresses, job title, or biography.
- Sales and Marketing Data: This includes information provided for promotional communications, such as name, email address, and company name.
- Support Data: When you seek customer support, we collect details like code, text, or multimedia files.
Automatically
- Buttons, Tools, and Content from Other Companies: Our Services may contain links or buttons that lead to third-party services like Twitter or LinkedIn. Use of these features may result in data collection. Engaging with these buttons, tools, or content may automatically send certain browser information to these companies. Please review the privacy statements of these companies for more information.
- Essential Cookies and Similar Tracking Technologies: We use cookies and similar technologies to provide essential functionality like storing settings and recognizing you while using our Services.
- Non-essential Cookies: Depending on your jurisdiction, we may use online analytics products that use cookies to help us analyze how de-identified users use our Services and to enhance your experience when you use the Services. We may also employ third-party Cookies to gather data for interest-based advertising. In some jurisdictions, we only use non-essential cookies after obtaining your consent. See this section for more details and control options.
- Email Marketing Interactions: Our emails may have web beacons that offer information on your device type, email client, email reception, opens, and link clicks.
- Geolocation Information: Depending on the Service's functionality, we collect regional geolocation data.
- Service Usage Information: We collect data about your interactions with the Services, such as IP address, device information, session details, date and time of requests, device type and ID, operating system and application version, information related to your contributions to repositories, and performance of specific features or Services.
- Website Usage Data: We automatically log data about your Website interactions, including the referring site, date and time of visit, pages viewed, and links clicked.
From Third Parties
- Information from Other Users of the Services: Other users may share information about you when they submit issues and comments. We may also receive information about you if you are identified as a representative or administrator on your company's account.
- Publicly Available Sources: We may acquire information about you from publicly available sources.
- Services you linked to your GitHub account: When you or your administrator integrate third-party apps or services with our Services, we receive information based on your settings with those services. This can include details like your name and email from services like Google for authentication. The information we receive depends on the third-party's settings and privacy policies. Always review these to understand what data is shared with our Services.
- Vendors, Partners, and Affiliates: We may receive information about you from third parties, like vendors, resellers, partners, or affiliates for the purposes outlined in this statement.
Processing Purposes: How We Use Your Personal Data
The Personal Data we process depends on your interaction and access methods with our Services, including the interfaces (web, desktop, mobile apps), features used (pull requests, Codespaces, GitHub Copilot), and your preferred access tools (like your IDE). This section details all the potential ways GitHub may process your Personal Data:
- Business Operations: We use Personal Data for activities like billing, accounting, and compensation. This includes creating aggregated statistical data for internal reporting, financial reporting, revenue planning, capacity planning, and forecast modeling (including product strategy).
- Communication: We use Personal Data to inform you about new Services, features, offers, promotions, and other pertinent information. This also includes sending confirmations, invoices, technical notices, updates, security alerts, and administrative messages.
- Inference: We generate new information from other data we collect to derive likely preferences or other characteristics. For instance, we infer your general geographic location based on your IP address.
- Personalization: We use Personal Data to customize the Service to your preferences, to evaluate the effectiveness of enterprise business ads and promotional communications, and to ensure a seamless and consistent user experience.
- Safety and Security: To promote safety, integrity, and security across our Services, we process Personal Data, using both automated and, at times, manual techniques for abuse detection, prevention, and violations of terms of service.
- Service Provision: We use Personal Data to deliver and update our Services as configured and used by You, and to make ongoing personalized experiences and recommendations.
- Troubleshooting: We use Personal Data to identify and resolve technical issues.
- Ongoing Service Performance: Personal Data helps us keep the Services up to date and performant, and meet user productivity, reliability, efficacy, quality, privacy, accessibility and security needs.
- Product Development and Improvement: We use Personal Data to develop and improve our products, services, and technologies, including artificial intelligence and machine learning technologies. This includes improving features, developing new offerings, enhancing safety and security capabilities, and training models. We apply appropriate technical safeguards, including aggregation and de-identification techniques where feasible, to protect your privacy while enabling these improvements.
- Complying with and resolving legal obligations: including responding to Data Subject Requests for Personal Data processed by GitHub as Controller (for example website data), tax requirements, agreements and disputes.
- Delivering Professional Services: We use Personal Data to deliver training, consulting or implementation (“Professional Services”). This includes providing technical support, professional planning, advice, guidance, data migration, deployment, and solution/software development services.
- Improving Professional Services: Enhancing delivery, efficacy, quality, and security of Professional Services and the underlying product(s) based on issues identified while providing Professional Services, including fixing software defects, and otherwise keeping the Professional Services up to date and performant.
When carrying out these activities, GitHub practices data minimization and uses the minimum amount of Personal Information required.
Sharing of Personal Data
We may share Personal Data with the following recipients:
- Abuse and Fraud Prevention Entities: We may disclose Personal Data based on a good faith belief it is needed to prevent fraud, abuse, or attacks on our Services, or to protect the safety of GitHub and our users.
- Affiliates: Personal Data may be shared with GitHub affiliates, including Microsoft, to facilitate customer service, marketing and advertising, order fulfillment, billing, technical support, legal and compliance obligations, product development and improvement (including training and improving artificial intelligence and machine learning technologies), and for other purposes described in their respective privacy statements. When we share data with affiliates, they will process it in accordance with applicable law and their privacy commitments.
- GitHub Organization Accounts: If an organization adds you to their GitHub account, we might share Personal Data with that organization to fulfill the commercial relationship. In such a case, your use of the Services is protected by a data protection agreement and terms between your organization and GitHub
- Competent Authorities: We may disclose Personal Data to authorized law enforcement, regulators, courts, or other public authorities in response to lawful requests or to protect our rights and safety. Please refer to our Guidelines for Legal Requests of User Data for more information.
- Corporate Transaction Entities: we might disclose Personal Data within the limits of the law and in accordance with this Privacy Statement for strategic business transactions such as sales or a merger.
- Partners and Resellers: We cooperate with third-parties that offer sales, consulting, support, and technical services for our Services. We may share your data with these partners and resellers where allowed, and with your consent when required.
- Subprocessors and Service Providers: We may use vendors to provide services on our behalf, including hosting, marketing, advertising, social, analytics, support ticketing, credit card processing, or security services. They are bound by contractual obligations to ensure the security, privacy, and confidentiality of your information. Please visit https://docs.github.com/en/site-policy/privacy-policies/github-subprocessors to see our list of Subprocessors.
- Visual Studio Code (GitHub Codespaces): GitHub Codespaces and github.dev offer Visual Studio Code in a web browser, where some telemetry is collected by default. Details on telemetry collection are on the VS Code website. To opt out, go to File > Preferences > Settings in the top left menu of VS Code. Opting out will sync this preference across all future web sessions in GitHub Codespaces and github.dev.
- Other Third-party Applications: Upon your instruction, we may share Personal Data with third-party applications available on our Marketplace. You are responsible for the data you instruct us to share with these applications.
- Other Users and the Public: Depending on your account settings, we may share Personal Data with other users of the Services and the public. You control what information is made public. To adjust your settings, visit User Settings in your profile. Please be aware that any information you share in a collaborative context may become publicly accessible.
Private repositories: GitHub Access
If your GitHub account has private repositories, our ability and rights to access private repository information is set forth in Section E (Private Repositories) of the GitHub Terms of Service.
Lawful Bases for Processing Personal Data (Applicable to EEA and UK End Users)
GitHub processes Personal Data in compliance with the GDPR, ensuring a lawful basis for each processing activity. The basis varies depending on the data type and the context, including how you access the services. Our processing activities typically fall under these lawful bases:
- Contractual Necessity: Processing is required to fulfill our contractual duties to you, in accordance with the GitHub Terms of Service.
- Legal Obligation: We process data when it's necessary to comply with applicable laws or to protect the rights, safety, and property of GitHub, our affiliates, users, or third parties.
- Legitimate Interests: We process data for purposes that are in our legitimate interests, such as securing our Services, communicating with you, and developing and improving our Services, which include artificial intelligence and machine learning technologies. This is done only when these interests are not overridden by your data protection rights or your fundamental rights and freedoms.
- Consent: We process data when you have explicitly consented to such processing. When we rely on consent as the legal basis, you have the right to withdraw your consent for data processing at any time. The procedures for withdrawal are detailed in this Statement and available on our website.
Your Privacy Rights
Depending on your residence location, you may have specific legal rights regarding your Personal Data:
- The right to access the data collected about you
- The right to request detailed information about the specific types of Personal Data we've collected over the past 12 months, including data disclosed for business purposes
- The right to rectify or update inaccurate or incomplete Personal Data under certain circumstances
- The right to erase or limit the processing of your Personal Data under specific conditions
- The right to object to the processing of your Personal Data, as allowed by applicable law
- The right to withdraw consent, where processing is based on your consent
- The right to receive your collected Personal Data in a structured, commonly used, and machine-readable format to facilitate its transfer to another company, where technically feasible
To exercise these rights, please send an email to privacy[at]github[dot]com and follow the instructions provided. To verify your identity for security, we may request extra information before addressing your data-related request. Please contact our Data Protection Officer at dpo[at]github[dot]com for any feedback or concerns. Depending on your region, you have the right to complain to your local Data Protection Authority. European users can find authority contacts on the European Data Protection Board website, and UK users on the Information Commissioner’s Office website.
We aim to promptly respond to requests in compliance with legal requirements. Please note that we may retain certain data as necessary for legal obligations or for establishing, exercising, or defending legal claims.
International data transfers
GitHub stores and processes Personal Data in a variety of locations, including your local region, the United States, and other countries where GitHub, its affiliates, subsidiaries, or subprocessors have operations. We transfer Personal Data from the European Union, the United Kingdom, and Switzerland to countries that the European Commission has not recognized as having an adequate level of data protection. When we engage in such transfers, we generally rely on the standard contractual clauses published by the European Commission under Commission Implementing Decision 2021/914, to help protect your rights and enable these protections to travel with your data. To learn more about the European Commission’s decisions on the adequacy of the protection of personal data in the countries where GitHub processes personal data, see this article on the European Commission website.
Data Privacy Framework (DPF)
GitHub also complies with the EU-U.S. Data Privacy Framework (EU-U.S. DPF), the UK Extension to the EU-U.S. DPF, and the Swiss-U.S. Data Privacy Framework (Swiss-U.S. DPF) as set forth by the U.S. Department of Commerce. GitHub has certified to the U.S. Department of Commerce that it adheres to the EU-U.S. Data Privacy Framework Principles (EU-U.S. DPF Principles) with regard to the processing of personal data received from the European Union in reliance on the EU-U.S. DPF and from the United Kingdom (and Gibraltar) in reliance on the UK Extension to the EU-U.S. DPF. GitHub has certified to the U.S. Department of Commerce that it adheres to the Swiss-U.S. Data Privacy Framework Principles (Swiss-U.S. DPF Principles) with regard to the processing of personal data received from Switzerland in reliance on the Swiss-U.S. DPF. If there is any conflict between the terms in this privacy statement and the EU-U.S. DPF Principles and/or the Swiss-U.S. DPF Principles, the Principles shall govern. To learn more about the Data Privacy Framework (DPF) program, and to view our certification, please visit https://www.dataprivacyframework.gov/.
GitHub has the responsibility for the processing of Personal Data it receives under the Data Privacy Framework (DPF) Principles and subsequently transfers to a third party acting as an agent on GitHub’s behalf. GitHub shall remain liable under the DPF Principles if its agent processes such Personal Data in a manner inconsistent with the DPF Principles, unless the organization proves that it is not responsible for the event giving rise to the damage.
Dispute resolution process
In compliance with the EU-U.S. DPF, the UK Extension to the EU-U.S. DPF, and the Swiss-U.S. DPF, GitHub commits to resolve DPF Principles-related complaints about our collection and use of your personal information. EU, UK, and Swiss individuals with inquiries or complaints regarding our handling of personal data received in reliance on the EU-U.S. DPF, the UK Extension, and the Swiss-U.S. DPF should first contact GitHub at: dpo[at]github[dot]com.
If you do not receive timely acknowledgment of your DPF Principles-related complaint from us, or if we have not addressed your DPF Principles-related complaint to your satisfaction, please visit https://go.adr.org/dpf_irm.html for more information or to file a complaint. The services of the International Centre for Dispute Resolution are provided at no cost to you.
An individual has the possibility, under certain conditions, to invoke binding arbitration for complaints regarding DPF compliance not resolved by any of the other DPF mechanisms. For additional information visit https://www.dataprivacyframework.gov/framework-article/ANNEX-I-introduction.
Government Enforcement
GitHub is subject to the investigatory and enforcement powers of the Federal Trade Commission (FTC). Under Section 5 of the Federal Trade Commission Act (15 U.S.C. § 45), an organization's failure to abide by commitments to implement the DPF Principles may be challenged as deceptive by the FTC. The FTC has the power to prohibit such misrepresentations through administrative orders or by seeking court orders.
Security and Retention
GitHub uses appropriate administrative, technical, and physical security controls to protect your Personal Data. We’ll retain your Personal Data as long as your account is active and as needed to fulfill contractual obligations, comply with legal requirements, resolve disputes, and enforce agreements. The retention duration depends on the purpose of data collection and any legal obligations.
Security
GitHub uses administrative, technical, and physical security controls where appropriate to protect your Personal Data.
Contact Us
Contact us via our contact form or by emailing our Data Protection Officer at dpo[at]github[dot]com. Our addresses are:
GitHub B.V. Prins Bernhardplein 200, Amsterdam 1097JB The Netherlands
GitHub, Inc. 88 Colin P. Kelly Jr. St. San Francisco, CA 94107 United States
Information for Minors
Our Services are not intended for individuals under the age of 13. We do not intentionally gather Personal Data from such individuals. If you become aware that a minor has provided us with Personal Data, please notify us.
Changes to Our Privacy Statement
GitHub may periodically revise this Privacy Statement. If there are material changes to the statement, we will provide at least 30 days prior notice by updating our website or sending an email to your primary email address associated with your GitHub account.
Translations
Below are translations of this document into other languages. In the event of any conflict, uncertainty, or apparent inconsistency between any of those versions and the English version, this English version is the controlling version.
French
Cliquez ici pour obtenir la version française: Déclaration de confidentialité de GitHub (PDF).
Other translations
For translations of this statement into other languages, please visit https://docs.github.com/ and select a language from the drop-down menu under “English.”
Our use of cookies and tracking technologies
Cookies and tracking technologies
GitHub uses cookies to provide, secure and improve our Service or to develop new features and functionality of our Service. For example, we use them to (i) keep you logged in, (ii) remember your preferences, (iii) identify your device for security and fraud purposes, including as needed to maintain the integrity of our Service, (iv) compile statistical reports, and (v) provide information and insight for future development of GitHub. We provide more information about cookies on GitHub that describes the cookies we set, the needs we have for those cookies, and the expiration of such cookies.
For Enterprise Marketing Pages, we may also use non-essential cookies to (i) gather information about enterprise users’ interests and online activities to personalize their experiences, including by making the ads, content, recommendations, and marketing seen or received more relevant and (ii) serve and measure the effectiveness of targeted advertising and other marketing efforts. If you disable the non-essential cookies on the Enterprise Marketing Pages, the ads, content, and marketing you see may be less relevant.
Our emails to users may contain a pixel tag, which is a small, clear image that can tell us whether or not you have opened an email and what your IP address is. We use this pixel tag to make our email communications more effective and to make sure we are not sending you unwanted email.
The length of time a cookie will stay on your browser or device depends on whether it is a “persistent” or “session” cookie. Session cookies will only stay on your device until you stop browsing. Persistent cookies stay until they expire or are deleted. The expiration time or retention period applicable to persistent cookies depends on the purpose of the cookie collection and tool used. You may be able to delete cookie data. For more information, see GitHub General Privacy Statement.
What are cookies and similar technologies?
We use cookies and similar technologies, such as web beacons, local storage, and mobile analytics, to operate and provide our Services. When visiting Enterprise Marketing Pages, like resources.github.com, these and additional cookies, like advertising IDs, may be used for sales and marketing purposes.
Cookies are small text files stored by your browser on your device. A cookie can later be read when your browser connects to a web server in the same domain that placed the cookie. The text in a cookie contains a string of numbers and letters that may uniquely identify your device and can contain other information as well. This allows the web server to recognize your browser over time, each time it connects to that web server.
Web beacons are electronic images (also called “single-pixel” or “clear GIFs”) that are contained within a website or email. When your browser opens a webpage or email that contains a web beacon, it automatically connects to the web server that hosts the image (typically operated by a third party). This allows that web server to log information about your device and to set and read its own cookies. In the same way, third-party content on our websites (such as embedded videos, plug-ins, or ads) results in your browser connecting to the third-party web server that hosts that content.
Mobile identifiers for analytics can be accessed and used by apps on mobile devices in much the same way that websites access and use cookies. When visiting Enterprise Marketing pages, like resources.github.com, on a mobile device these may allow us and our third-party analytics and advertising partners to collect data for sales and marketing purposes.
We may also use so-called “flash cookies” (also known as “Local Shared Objects” or “LSOs”) to collect and store information about your use of our Services. Flash cookies are commonly used for advertisements and videos.
How do we and our partners use cookies and similar technologies?
The GitHub Services use cookies and similar technologies for a variety of purposes, including to store your preferences and settings, enable you to sign-in, analyze how our Services perform, track your interaction with the Services, develop inferences, combat fraud, and fulfill other legitimate purposes. Some of these cookies and technologies may be provided by third parties, including service providers and advertising partners. For example, our analytics and advertising partners may use these technologies in our Services to collect personal information (such as the pages you visit, the links you click on, and similar usage information, identifiers, and device information) related to your online activities over time and across Services for various purposes, including targeted advertising. GitHub will place non-essential cookies on pages where we market products and services to enterprise customers, for example, on resources.github.com.
We and/or our partners also share the information we collect or infer with third parties for these purposes.
The table below provides additional information about how we use different types of cookies:
| Purpose | Description | 
|---|---|
| Required Cookies | GitHub uses required cookies to perform essential website functions and to provide the services. For example, cookies are used to log you in, save your language preferences, provide a shopping cart experience, improve performance, route traffic between web servers, detect the size of your screen, determine page load times, improve user experience, and for audience measurement. These cookies are necessary for our websites to work. | 
| Analytics | We allow third parties to use analytics cookies to understand how you use our websites so we can make them better. For example, cookies are used to gather information about the pages you visit and how many clicks you need to accomplish a task. We also use some analytics cookies to provide personalized advertising. | 
| Social Media | GitHub and third parties use social media cookies to show you ads and content based on your social media profiles and activity on GitHub’s websites. This ensures that the ads and content you see on our websites and on social media will better reflect your interests. This also enables third parties to develop and improve their products, which they may use on websites that are not owned or operated by GitHub. | 
| Advertising | In addition, GitHub and third parties use advertising cookies to show you new ads based on ads you've already seen. Cookies also track which ads you click or purchases you make after clicking an ad. This is done both for payment purposes and to show you ads that are more relevant to you. For example, cookies are used to detect when you click an ad and to show you ads based on your social media interests and website browsing history. | 
What are your cookie choices and controls?
You have several options to disable non-essential cookies:
- 
Specifically on GitHub Enterprise Marketing Pages Any GitHub page that serves non-essential cookies will have a link in the page’s footer to cookie settings. You can express your preferences at any time by clicking on that link and updating your settings. Some users will also be able to manage non-essential cookies via a cookie consent banner, including the options to accept, manage, and reject all non-essential cookies.
- 
Generally for all websites You can control the cookies you encounter on the web using a variety of widely-available tools. For example:
- If your browser sends a Do Not Track (DNT) signal, GitHub will not set non-essential cookies and will not load third party resources which set non-essential cookies.
- Many browsers provide cookie controls which may limit the types of cookies you encounter online. Check out the documentation for your browser to learn more.
- If you enable a browser extension designed to block tracking, such as Privacy Badger, non-essential cookies set by a website or third parties may be disabled.
- If you enable a browser extension designed to block unwanted content, such as uBlock Origin, non-essential cookies will be disabled to the extent that content that sets non-essential cookies will be blocked.
- You may use the Global Privacy Control (GPC) to communicate your privacy preferences. If GitHub detects the GPC signal from your device, GitHub will not share your data (we do not sell your data). To learn more, visit Global Privacy Control — Take Control Of Your Privacy
- Advertising controls. Our advertising partners may participate in associations that provide simple ways to opt out of ad targeting, which you can access at:
- United States: NAI and DAA
- Canada: Digital Advertising Alliance of Canada
- Europe: European Digital Advertising Alliance
These choices are specific to the browser you are using. If you access our Services from other devices or browsers, take these actions from those systems to ensure your choices apply to the data collected when you use those systems.
US State Specific Information
This section provides extra information specifically for residents of certain US states that have distinct data privacy laws and regulations. These laws may grant specific rights to residents of these states when the laws come into effect. This section uses the term “personal information” as an equivalent to the term “Personal Data.”
Privacy Rights
These rights are common to the US State privacy laws:
- Right to Knowledge and Correction: You have the right to request details on the specific personal information we’ve collected about you and the right to correct inaccurate information. You can exercise this right by contacting us. You can also access and edit basic account information in your settings.
- Right to Know Data Recipients: We share your information with service providers for legitimate business operations, such as data storage and hosting. For more details, please see “Sharing Your Information” below.
- Right to request Deletion: You reserve the right to request the deletion of your data, barring a few exceptions. Such exceptions include circumstances where we are required to retain data to comply with legal obligations, detect fraudulent activity, investigate reports of abuse or other violations of our Terms of Service, or rectify security issues. Upon receiving your verified request, we will promptly delete your personal information (unless an exception applies), and instruct our service providers to do the same. We employ brief retention terms by design.
- Right to a Timely Response: You are allowed to make two free requests in any 12-month period. We commit to responding to your request within 45 days. In complex cases, we may extend our response time by an additional 45 days.
- Non-Discrimination: We will not hold it against you when you exercise any of your rights. On the contrary, we encourage you to review your privacy settings closely and contact us with any questions.
Notice of Collection of Personal Information
We may collect various categories of personal information about our website visitors and users of ""Services"" which includes GitHub applications, software, products, or services. That information includes identifiers/contact information, demographic information, payment information, commercial information, internet or electronic network activity information, geolocation data, audio, electronic, visual, or similar information, and inferences drawn from such information.
We collect this information for various purposes. This includes identifying accessibility gaps and offering targeted support, fostering diversity and representation, providing services, troubleshooting, conducting business operations such as billing and security, improving products and supporting research, communicating important information, ensuring personalized experiences, and promoting safety and security.
Exercising your Privacy Rights
To make an access, deletion, correction, or opt-out request, please send an email to privacy[at]github[dot]com and follow the instructions provided. We may need to verify your identity before processing your request. If you choose to use an authorized agent to submit a request on your behalf, please ensure they have your signed permission or power of attorney as required.
To opt out of the sharing of your personal information, you can click on the ""Do Not Share My Personal Information"" link on the footer of our Websites or use the Global Privacy Control (""GPC"") if available. Authorized agents can also submit opt-out requests on your behalf.
California
Mandatory Disclosures
We also make the following disclosures for purposes of compliance with California privacy law:
- We collected the following categories of personal information in the last 12 months: identifiers/contact information, demographic information (such as gender), payment card information associated with you, commercial information, Internet or other electronic network activity information, geolocation data, audio, electronic, visual or similar information, and inferences drawn from the above.
- The sources of personal information from whom we collected are: directly from you, automatically or from third parties.
- The business or commercial purposes of collecting personal information are as summarized above and in our Privacy Statement under Processing Purposes.
- We disclosed the following categories of personal information for a business purpose in the last 12 months: identifiers/contact information, demographic information (such as gender and rough geographic location), payment information, commercial information, Internet or other electronic network activity information, geolocation data, audio, electronic, visual or similar information, and inferences drawn from the above. We disclosed each category to third-party business partners and service providers, third-party sites or platforms such as social networking sites, and other third parties as described in the Sharing of Personal Data section of our Privacy Statement.
- As defined by applicable law, we “shared” the following categories of personal information in the last 12 months: identifiers/contact information, Internet or other electronic network activity information, and inferences drawn from the above. We shared each category to or with advertising networks, data analytics providers, and social networks.
- The business or commercial purpose of sharing personal information is to assist us with marketing, advertising, and audience measurement.
- We do not “sell” or “share” the personal information of known minors under 16 years of age.
Shine the Light Act
Under California Civil Code section 1798.83, also known as the “Shine the Light” law, California residents who have provided personal information to a business with which the individual has established a business relationship for personal, family, or household purposes (“California Customers”) may request information about whether the business has disclosed personal information to any third parties for the third parties’ direct marketing purposes. Please be aware that we do not disclose personal information to any third parties for their direct marketing purposes as defined by this law. California Customers may request further information about our compliance with this law by emailing (privacy[at]github[dot]com). Please note that businesses are required to respond to one request per California Customer each year and may not be required to respond to requests made by means other than through the designated email address.
Removal of Content
California residents under the age of 18 who are registered users of online sites, services, or applications have a right under California Business and Professions Code Section 22581 to remove, or request and obtain removal of, content or information they have publicly posted. To remove content or information you have publicly posted, please submit a Private Information Removal request. Alternatively, to request that we remove such content or information, please send a detailed description of the specific content or information you wish to have removed to GitHub support. Please be aware that your request does not guarantee complete or comprehensive removal of content or information posted online and that the law may not permit or require removal in certain circumstances. If you have any questions about our privacy practices with respect to California residents, please send an email to privacy[at]github[dot]com.
We value the trust you place in us and are committed to handling your personal information with care and respect. If you have any questions or concerns about our privacy practices, please email our Data Protection Officer at dpo[at]github[dot]com.
Colorado/Connecticut/Virginia
If you live in Colorado, Connecticut, or Virginia you have some additional rights:
- If we deny your rights request, you have the right to appeal that decision. We will provide you with the necessary information to submit an appeal at that time.
- You have the right to opt out of profiling in furtherance of decisions that produce legal or similarly significant effects concerning the consumer. GitHub does not engage in such profiling as defined by Colorado law, so there’s no need to opt out.
Nevada
We do not sell your covered information, as defined under Chapter 603A of the Nevada Revised Statutes. If you still have questions about your covered information or anything else in our Privacy Statement, please send an email to privacy[at]github[dot]com.",2026-08-13,privacy,privacy page for GitHub; 40790 characters of main content; served from cache; text via trafilatura,200,True,True,True,41,51646bb29f23d39060043af709642448495c474b1dcee8d0f0397e6a63d7f0a8,trafilatura,"integrations_api, privacy_data_handling"
GitHub,https://docs.github.com/,docs,GitHub Docs,"Skip to main content
GitHub Docs
Version:
Free, Pro, & Team
Search or ask Copilot
Search or ask
Copilot
Select language: current language is English
Search or ask Copilot
Search or ask
Copilot
Open menu
GitHub Docs
Help for wherever you are on your GitHub journey.
Search for anything...
/
All docs
Get started
Get started
Migrations
Account and profile
Subscriptions & notifications
Authentication
Billing and payments
Site policy
Collaborative coding
Codespaces
Repositories
Pull requests
GitHub Discussions
Integrations
GitHub Copilot
GitHub Copilot
Plans
Cloud agent
Tutorials
GitHub Copilot Cookbook
Customization library
Copilot CLI
CI/CD and DevOps
GitHub Actions
GitHub Packages
GitHub Pages
Security and code quality
Security and code quality
Secure your secrets
Find and fix code vulnerabilities
Secure your supply chain
Maintain quality code
Secure at scale
Client apps
GitHub CLI
GitHub Mobile
GitHub Desktop
Project management
GitHub Issues
Projects
Search on GitHub
Enterprise and teams
Organizations
Secure at scale
Enterprise onboarding
Enterprise administrators
Developers
Apps
REST API
GraphQL API
Webhooks
Community
Building communities
GitHub Sponsors
GitHub Education
GitHub for Nonprofits
GitHub Support
Contribute to GitHub Docs
More docs
CodeQL query writing
Electron
npm
GitHub Well-Architected",2026-08-13,docs,docs page for GitHub; 1319 characters of main content; served from cache; text via trafilatura,200,True,True,True,13,143a00875a024e9e401e1adbe2093d961b5f12a0b4e86a03b1ebd91fc1de74ec,trafilatura,
GitHub,https://www.githubstatus.com/,status,GitHub Status,"Resolved
 -
      	
On August 6, 2026, between 15:05 UTC and 00:14 UTC on August 7, GitHub Actions experienced degraded availability. During the incident, workflow runs failed or remained queued for an extended period of time. Customers using both GitHub-hosted and self-hosted runners were affected. At peak, 71% of workflow runs experienced infrastructure failures and 75% of the remaining workflow runs were delayed by more than 5 minutes. 
The incident was triggered by a routine deployment to an internal Actions service responsible for processing events and generating Actions jobs. The deployment exposed an existing capacity and concurrency weakness. As pods were replaced during the deployment, remaining capacity became saturated, causing services to crash and triggering a cascading impact across multiple clusters and downstream services. 
These services recovered at 17:00 after expanding capacity, throttling incoming webhook-triggered work to allow the system to recover, and increasing processing capacity for the backlog of affected events. 
As the incident progressed, a backlog of work accumulated across the systems responsible for assigning jobs to runners. Due to a latent bug in one of the services responsible for job assignment, runners were getting assigned jobs that were no longer valid and then getting stuck retrying those jobs, preventing them from picking up valid work. 
This second stage of impact was mitigated by deploying changes to prevent runners from repeatedly attempting to acquire invalid jobs. These mitigations allowed the accumulated queues to drain and Actions to recover to normal operation. 
Some Actions Runner Controller (ARC) runners remained stuck after the incident. A mitigation deployed during the incident inadvertently affected these runners, causing some to remain offline until they were manually recovered. We subsequently rolled back the change and are adding automatic recovery in upcoming Runner and ARC releases. 
Some jobs created during the incident were also left stuck unable to be retried or canceled.  CLI and UI solutions for customers to address these were shared at https://github.com/orgs/community/discussions/204152#discussioncomment-17946043. 
To prevent recurrence, we are making improvements to deployment and capacity safeguards for the affected services, strengthening monitoring for the conditions that preceded the incident, improving the resiliency and recovery of queued work and runner assignment, and adding automatic recovery for self-hosted runners affected by similar failure conditions. We are also making additional improvements to reduce the risk of cascading failures and accelerate recovery during large-scale Actions disruptions.
        
        
            Aug  7, 02:04 UTC
        
       
      
        Update -
      	During the incident, some Actions Runner Controller (ARC) runner pods became stuck in an idle state. Affected users can delete those pods using kubectl or redeploy their Actions Runner Controller application. ARC will automatically create replacement runners.
The next releases of Actions Runner and Actions Runner Controller will include an automatic recovery mechanism, preventing the need for these manual steps in the future.
Some workflow-triggering events, including push and pull request events, were not processed during the incident and cannot be replayed automatically. Customers may need to repeat the triggering action by pushing a new commit, updating the pull request, or manually re-running the workflow where applicable.
        
        
            Aug  7, 02:03 UTC
        
      
      
        Update -
      	We’re investigating reports that some Actions Runner Controller runners are taking longer than expected to recover. We’ll provide an update as our investigation progresses.
        
        
            Aug  7, 00:59 UTC
        
      
      
        Monitoring -
      	The degradation has been mitigated. We are monitoring to ensure stability.
        
        
            Aug  7, 00:06 UTC
        
      
      
        Update -
      	The degradation affecting Actions and Pages has been mitigated. We are monitoring to ensure stability.
        
        
            Aug  7, 00:05 UTC
        
      
      
        Update -
      	System-wide queues have been drained, and new jobs are being processed as expected. The fix for self-hosted runners not picking up jobs has been fully rolled out.
Webhook-triggered Actions workflows have been restored to full throughput. GitHub Pages, Copilot code review, and Copilot coding agent are showing recovery. Migrations using GitHub Enterprise Importer remain paused as a precaution.
We are monitoring all affected services for sustained recovery and will provide another update shortly.
        
        
            Aug  7, 00:01 UTC
        
      
      
        Update -
      	
System-wide queues have been drained, and new jobs are being processed as expected. The fix for self-hosted runners not picking up jobs has been fully rolled out.
Webhook-triggered Actions workflows have been restored to full throughput. GitHub Pages, Copilot code review, and Copilot coding agent are showing recovery. Migrations using GitHub Enterprise Importer remain paused as a precaution.
We are monitoring all affected services for sustained recovery and will provide another update shortly.
        
        
            Aug  7, 00:01 UTC
        
      
      
        Update -
      	We have deployed fixes that address runners being assigned invalid jobs and are taking additional steps to clear the backlog of affected jobs. Job completion rates for running workflows have improved significantly, with success rates now at 99%. Global queues for hosted runner assignment are nearly burned down and concurrency queues for customers are being processed. Another change was deployed to accelerate processing the backlog of job requests.
We are gradually restoring throughput for webhook-triggered Actions workflows and monitoring system stability. We have deployed a fix for self-hosted runners that were not picking up jobs and are enabling it incrementally.
GitHub Pages, Copilot code review, and Copilot coding agent may still experience intermittent failures or delays. Migrations using GitHub Enterprise Importer remain paused.
We continue to monitor recovery across all affected services and will provide another update as conditions improve.
        
        
            Aug  6, 23:13 UTC
        
      
      
        Update -
      	We continue to make progress on the issue affecting GitHub Actions. We have deployed a fix that addresses runners being assigned jobs that are no longer valid, and are seeing improvement in job completion rates. For workflow runs that are starting, success rates have increased significantly and are now at 97%. Standard and larger runners are now draining queued work. A change is also in progress to mitigate issues with existing self-hosted runners that are not picking up jobs.
Webhook triggers remain throttled to support recovery. Many push and pull request events are not yet triggering new workflow runs, and we are working to safely restore full throughput.
GitHub Pages, Copilot code review, and Copilot coding agent may still experience failures or delays. Migrations using GitHub Enterprise Importer remain paused.
We are continuing to monitor recovery and will provide another update as conditions improve.
        
        
            Aug  6, 22:18 UTC
        
      
      
        Update -
      	We are continuing to work on an issue affecting GitHub Actions. Webhook triggers remain throttled to aid recovery, so many push and pull request events are not triggering new workflow runs.
We identified runners being assigned jobs that are no longer valid and are deploying a change to address this issue. Both GitHub-hosted and self-hosted runners are affected.
Copilot code review, Copilot coding agent, and GitHub Pages may experience failures or delays. Migrations using GitHub Enterprise Importer have been paused to support mitigation efforts.
        
        
            Aug  6, 21:30 UTC
        
      
      
        Update -
      	We are continuing to work on an issue affecting GitHub Actions. Webhook triggers are currently throttled to help with recovery and and we are processing approximately 15% of webhooks, so many events such as pushes and pull requests are not triggering workflow runs. Of jobs queued, approximately 65% are succeeding, improved from a low of 30 to 40% earlier in this incident.
We have narrowed the remaining impact to runners that are stuck retrying jobs that are no longer available. Both GitHub-hosted and self-hosted runners are affected, and we are working to recover them.
Copilot code review, Copilot coding agent, and migrations using GitHub Enterprise Importer may also be affected.
        
        
            Aug  6, 20:34 UTC
        
      
      
        Update -
      	We are continuing to work on an issue affecting GitHub Actions. 
Capacity remains constrained and jobs may still be delayed or fail while it recovers gradually. Customers using self-hosted runners may see errors or rate limiting when runners register.  
Copilot code review, Copilot coding agent, and migrations using GitHub Enterprise Importer may also be affected. Webhook deliveries may be delayed. 
Our engineers remain actively engaged.
        
        
            Aug  6, 19:43 UTC
        
      
      
        Update -
      	We are continuing to work on an issue affecting multiple GitHub services. 
Workflow runs are still failing, and jobs may remain queued for an extended period before starting or may time out. Jobs using GitHub-hosted runners are particularly affected while capacity is constrained. 
Customers using self-hosted runners may see errors or rate limiting when runners register. 
Copilot code review, Copilot coding agent, and migrations using GitHub Enterprise Importer may also be affected. Webhook deliveries may be delayed. 
Recovery is taking longer than we expected, and engineers remain actively engaged.
        
        
            Aug  6, 18:46 UTC
        
      
      
        Update -
      	We are continuing to work on an issue affecting multiple GitHub services. 
Workflow runs are still failing or delayed in starting, and some queued jobs may time out. 
Customers using self-hosted runners may see errors or rate limiting when runners register. 
Copilot code review, Copilot coding agent, hosted runners, and migrations using GitHub Enterprise Importer may also be affected. 
Webhook deliveries may be delayed.
Engineers have applied further mitigations and are continuing to work towards full recovery.
        
        
            Aug  6, 18:11 UTC
        
      
      
        Update -
      	We are continuing to work on an issue affecting multiple GitHub services.
Workflow runs are failing or delayed in starting, and some queued jobs may time out. 
Copilot code review, Copilot coding agent, hosted runners, and migrations using GitHub Enterprise Importer might also affected. 
Webhook deliveries may be delayed. 
Engineers have applied a number of mitigations and are rolling out a further fix across all affected systems now.
        
        
            Aug  6, 17:40 UTC
        
      
      
        Update -
      	We are continuing to work on the issue affecting GitHub Actions. 
Workflow runs are still failing or delayed in starting, and some queued jobs may time out. 
Some requests to the Actions API are returning errors. Customers running migrations with GitHub Enterprise Importer may see failures. 
Our engineers have applied several mitigations and are rolling out a further fix now.
        
        
            Aug  6, 17:02 UTC
        
      
      
        Update -
      	Actions and Pages are experiencing degraded availability. We are continuing to investigate.
        
        
            Aug  6, 16:33 UTC
        
      
      
        Update -
      	We are continuing to work on the issue affecting GitHub Actions. 
Some workflow runs are still delayed or failing to complete, and some requests to the Actions API are returning errors. 
Customers running migrations with GitHub Enterprise Importer may also see failures. 
Engineers are actively working towards full recovery.
        
        
            Aug  6, 16:27 UTC
        
      
      
        Update -
      	Pages is experiencing degraded performance. We are continuing to investigate.
        
        
            Aug  6, 16:27 UTC
        
      
      
        Update -
      	Pages is operating normally.
        
        
            Aug  6, 16:19 UTC
        
      
      
        Update -
      	Pages is experiencing degraded performance. We are continuing to investigate.
        
        
            Aug  6, 15:53 UTC
        
      
      
        Update -
      	We are investigating errors affecting GitHub Actions. Some workflow runs are failing to start or failing partway through, and some requests to the Actions REST API are returning errors. 
Some customers may also see unexpected rate limiting in their workflows. 
Engineers have identified the source of the disruption and are actively working on a mitigation
        
        
            Aug  6, 15:45 UTC
        
      
      
        Update -
      	Actions is experiencing degraded availability. We are continuing to investigate.
        
        
            Aug  6, 15:41 UTC
        
      
      
        Investigating -
      	We are investigating reports of degraded performance for Actions
        
        
            Aug  6, 15:22 UTC",2026-08-13,status,status page for GitHub; 13671 characters of main content; served from cache; text via trafilatura,200,True,True,True,21,5df96cfa05f785479640be10f9b764db0bec23d7a1f2d4fd587eb8440b24e0b7,trafilatura,uptime_reliability
GitHub,https://github.com/terms,terms,GitHub Terms of Service - GitHub Docs,"Thank you for using GitHub! We're happy you're here. Please read this Terms of Service agreement carefully before accessing or using GitHub. Because it is such an important contract between us and our users, we have tried to make it as clear as possible. For your convenience, we have presented these terms in a short non-binding summary followed by the full legal terms.
Summary
| Section | What can you find there? | 
|---|---|
| A. Definitions | Some basic terms, defined in a way that will help you understand this agreement. Refer back up to this section for clarification. | 
| B. Account Terms | These are the basic requirements of having an Account on GitHub. | 
| C. Acceptable Use | These are the basic rules you must follow when using your GitHub Account. | 
| D. User-Generated Content | You own the content you post on GitHub. However, you have some responsibilities regarding it, and we ask you to grant us some rights so we can provide services to you. | 
| E. Private Repositories | This section talks about how GitHub will treat content you post in private repositories. | 
| F. Copyright & DMCA Policy | This section talks about how GitHub will respond if you believe someone is infringing your copyrights on GitHub. | 
| G. Intellectual Property Notice | This describes GitHub's rights in the website and service. | 
| H. API Terms | These are the rules for using GitHub's APIs, whether you are using the API for development or data collection. | 
| I. Additional Product Terms | We have a few specific rules for GitHub's features and products. | 
| J. AI Features, Training, and Your Data | These are the terms that apply to GitHub Copilot and other AI features, including how your data may be used for development and improvement of the artificial intelligence and machine learning models, and the controls available to you. | 
| K. Beta Previews | These are some of the additional terms that apply to GitHub's features that are still in development. | 
| L. Payment | You are responsible for payment. We are responsible for billing you accurately. | 
| M. Cancellation and Termination | You may cancel this agreement and close your Account at any time. | 
| N. Communications with GitHub | We only use email and other electronic means to stay in touch with our users. We do not provide phone support. | 
| O. Disclaimer of Warranties | We provide our service as is, and we make no promises or guarantees about this service. Please read this section carefully; you should understand what to expect. | 
| P. Limitation of Liability | We will not be liable for damages or losses arising from your use or inability to use the service or otherwise arising under this agreement. Please read this section carefully; it limits our obligations to you. | 
| Q. Release and Indemnification | You are fully responsible for your use of the service. | 
| R. Changes to these Terms of Service | We may modify this agreement, but we will give you 30 days' notice of material changes. | 
| S. Miscellaneous | Please see this section for legal details including our choice of law. | 
The GitHub Terms of Service
Effective date: April 27, 2026
A. Definitions
Short version: We use these basic terms throughout the agreement, and they have specific meanings. You should know what we mean when we use each of the terms. There's not going to be a test on it, but it's still useful information.
- 
An ""Account"" represents your legal relationship with GitHub. A “Personal Account” represents an individual User’s authorization to log in to and use the Service and serves as a User’s identity on GitHub. “Organizations” are shared workspaces that may be associated with a single entity or with one or more Users where multiple Users can collaborate across many projects at once. A Personal Account can be a member of any number of Organizations.
- 
The “Agreement” refers, collectively, to all the terms, conditions, notices contained or referenced in this document (the “Terms of Service” or the ""Terms"") and all other operating rules, policies (including the GitHub Privacy Statement, available at github.com/site/privacy) and procedures that we may publish from time to time on the Website. Most of our site policies are available at docs.github.com/categories/site-policy.
- 
""AI Feature"" means any feature of GitHub or our Affiliates that uses machine learning or artificial intelligence to generate Output, including GitHub Copilot, Copilot Autofix, and any other feature identified as using machine learning or artificial intelligence in our documentation.
- 
“Affiliate” means any entity that directly or indirectly controls, is controlled by, or is under common control with a party, where ""control"" means having more than fifty percent (50%) ownership or the right to direct the management of the entity. For the avoidance of doubt, Microsoft is an Affiliate of GitHub.
- 
""Beta Previews"" mean software, services, or features identified as alpha, beta, preview, early access, or evaluation, or words or phrases with similar meanings.
- 
""Content"" means code, text, data, documentation, images, graphics, software, packages, and other materials made available through the Service.
- 
“GitHub,” “We,” and “Us” refer to GitHub, Inc., as well as our directors, subsidiaries, contractors, licensors, officers, agents, and employees.
- 
“Input” means any content or context provided to an AI Feature, including prompts, attachments, code in your workspace, and conversation history.
- 
""Output"" means responses and suggestions, including code or other material, generated by an AI Feature.
- 
The “Service” refers to the applications, software, products, and services provided by GitHub, including through the Website and any Beta Previews.
- 
“User,” “You,” and “Your” refer to the individual person, company, or organization that has visited or is using the Website or Service; that accesses or uses any part of the Account; or that directs the use of the Account in the performance of its functions. A User must be at least 13 years of age. Special terms may apply for business or government Accounts (See Section B(5): Additional Terms).
- 
""User-Generated Content"" means Content that you or other users upload, submit, or create through the Service.
- 
The “Website” refers to GitHub’s website located at github.com, and all content, services, and products provided by GitHub at or through the Website. It also refers to GitHub-owned subdomains of github.com, such as education.github.com and pages.github.com. These Terms also govern GitHub’s conference websites, such as githubuniverse.com, and product websites, such as electronjs.org. Occasionally, websites owned by GitHub may provide different or additional terms of service. If those additional terms conflict with this Agreement, the more specific terms apply to the relevant page or service.
- 
""Your Content"" means User-Generated Content that you upload, submit, or create, including your modifications to Content you have forked or cloned. It does not include the underlying Content created by others.
B. Account Terms
Short version: Personal Accounts and Organizations have different administrative controls; a human must create your Account; you must be 13 or over; you must provide a valid email address; and you may not have more than one free Account. You alone are responsible for your Account and anything that happens while you are signed in to or using your Account. You are responsible for keeping your Account secure.
1. Account Controls
- 
Users. Subject to these Terms, you retain ultimate administrative control over your Personal Account and the Content within it.
- 
Organizations. The ""owner"" of an Organization that was created under these Terms has ultimate administrative control over that Organization and the Content within it. Within the Service, an owner can manage User access to the Organization’s data and projects. An Organization may have multiple owners, but there must be at least one Personal Account designated as an owner of an Organization. If you are the owner of an Organization under these Terms, we consider you responsible for the actions that are performed on or through that Organization.
2. Required Information
You must provide a valid email address in order to complete the signup process. Any other information requested, such as your real name, is optional, unless you are accepting these terms on behalf of a legal entity (in which case we need more information about the legal entity) or if you opt for a paid Account, in which case additional information will be necessary for billing purposes.
3. Account Requirements
We have a few simple rules for Accounts on GitHub's Service.
- You must be a human to create an Account. Accounts registered by ""bots"" or other automated methods are not permitted. We do permit machine accounts:
- A machine account is an Account set up by an individual human who accepts the Terms on behalf of the Account, provides a valid email address, and is responsible for its actions. A machine account is used exclusively for performing automated tasks. Multiple users may direct the actions of a machine account, but the owner of the Account is ultimately responsible for the machine's actions. You may maintain no more than one free machine account in addition to your free Personal Account.
- One person or legal entity may maintain no more than one free Account (if you choose to control a machine account as well, that's fine, but it can only be used for running a machine).
- You must be age 13 or older. While we are thrilled to see brilliant young coders get excited by learning to program, we must comply with United States law. GitHub does not target our Service to children under 13, and we do not permit any Users under 13 on our Service. If we learn of any User under the age of 13, we will terminate that User’s Account immediately. If you are a resident of a country outside the United States, your country’s minimum age may be older; in such a case, you are responsible for complying with your country’s laws.
- Your login may only be used by one person — i.e., a single login may not be shared by multiple people. A paid Organization may only provide access to as many Personal Accounts as your subscription allows.
- You may not use GitHub in violation of export control or sanctions laws of the United States or any other applicable jurisdiction. You may not use GitHub if you are or are working on behalf of a Specially Designated National (SDN) or a person subject to similar blocking or denied party prohibitions administered by a U.S. government agency. GitHub may allow persons in certain sanctioned countries or territories to access certain GitHub services pursuant to U.S. government authorizations. For more information, please see our Export Controls policy.
4. Account Security
You are responsible for keeping your Account secure while you use our Service. We offer tools such as two-factor authentication to help you maintain your Account's security, but the content of your Account and its security are up to you.
- You are responsible for all content posted and activity that occurs under your Account (even when content is posted by others who have Accounts under your Account).
- You are responsible for maintaining the security of your Account and password. GitHub cannot and will not be liable for any loss or damage from your failure to comply with this security obligation.
- You will promptly notify GitHub by contacting us through the GitHub Support portal if you become aware of any unauthorized use of, or access to, our Service through your Account, including any unauthorized use of your password or Account.
5. Additional Terms
In some situations, third parties' terms may apply to your use of GitHub. For example, you may be a member of an organization on GitHub with its own terms or license agreements; you may download an application that integrates with GitHub; or you may use GitHub to authenticate to another service. Please be aware that while these Terms are our full agreement with you, other parties' terms govern their relationships with you.
If you are a government User or otherwise accessing or using any GitHub Service in a government capacity, this Government Amendment to GitHub Terms of Service applies to you, and you agree to its provisions.
If you have signed up for GitHub Enterprise Cloud, the Enterprise Cloud Addendum applies to you, and you agree to its provisions.
C. Acceptable Use
Short version: GitHub hosts a wide variety of collaborative projects from all over the world, and that collaboration only works when our users are able to work together in good faith. While using the service, you must follow the terms of this section, which include some restrictions on content you can post, conduct on the service, and other limitations. In short, be excellent to each other.
Your use of the Website and Service must not violate any applicable laws, including copyright or trademark laws, export control or sanctions laws, or other laws in your jurisdiction. You are responsible for making sure that your use of the Service is in compliance with laws and any applicable regulations.
You agree that you will not under any circumstances violate our Acceptable Use Policies or Community Guidelines.
D. User-Generated Content
Short version: You own content you create, but you allow us certain rights to it, so that we can display and share the content you post. You still have control over your content, and responsibility for it, and the rights you grant us are limited to those we need to provide the service. We have the right to remove content or close Accounts if we need to.
1. Responsibility for User-Generated Content
You are responsible for Your Content and any harm resulting from it. This includes Content you post, upload, or make available through the Service. We are not responsible for any public display or misuse of Your Content.
2. GitHub May Remove Content
We may refuse or remove User-Generated Content that violates applicable law or our terms and policies. We access private repositories only as described in Section E. Content displayed on GitHub Mobile may be subject to app store terms.
3. Ownership and License Grants
You own Your Content. If you post Content you did not create, you are responsible for ensuring you have the right to post it and for complying with any applicable licenses.
You grant us and other Users the licenses in Sections D.4–D.8. These licenses apply to Your Content. If Your Content already includes a license granting us the permissions we need, no additional license is required. You will not receive payment for these rights. These licenses end when you remove Your Content, unless other Users have forked it.
4. License Grant to Us
You grant GitHub and our Affiliates the right to store, host, archive, parse, display, and make copies of Your Content as necessary to provide, develop, and improve the Service, including by training AI Features, and for the purpose of training, developing, and improving artificial intelligence and machine learning models and technologies of our Affiliates. This license includes the right to do things like copy it to our database and make backups; show it to you and other Users; parse it into a search index or otherwise analyze it on our servers; share it with other Users; and perform it, in case Your Content is something like music or video. For the avoidance of doubt, use of Your Content to develop, train, and improve artificial intelligence and machine learning models and technologies of GitHub and our Affiliates is within the scope of this license and does not constitute a sale or other restricted transfer of Your Content.
5. License Grant to Other Users
Your Content that you post publicly, including issues, comments, and contributions to other Users' repositories, may be viewed by others. By setting your repositories to be viewed publicly, you agree to allow others to view and ""fork"" your repositories (this means that others may make their own copies within the Service in repositories they control).
By making a repository public, you grant other Users a nonexclusive, worldwide license to use, display, perform and reproduce (by forking) Your Content through the Service as permitted by GitHub's functionality. You may grant additional rights by adopting a license. If you post Content you did not create or own, you are responsible for ensuring it is licensed under terms that permit these uses.
6. Contributions Under Repository License
Whenever you add Content to a repository containing notice of a license, you license that Content under the same terms, and you agree that you have the right to license that Content under those terms. If you have a separate agreement to license that Content under different terms, such as a contributor license agreement, that agreement will supersede.
Isn't this just how it works already? Yep. This is widely accepted as the norm in the open-source community; it's commonly referred to by the shorthand ""inbound=outbound"". We're just making it explicit.
7. Moral Rights
You retain all moral rights to Your Content that you upload, publish, or submit to any part of the Service, including the rights of integrity and attribution. However, you waive these rights and agree not to assert them against us or our Affiliates, to enable GitHub and our Affiliates to reasonably exercise the rights granted in Section D.4, but not otherwise.
To the extent this agreement is not enforceable by applicable law, you grant GitHub the rights we need to use Your Content without attribution and to make reasonable adaptations of Your Content as necessary to render the Website and provide the Service.
8. Public Repositories and Lawful Access
By choosing to contribute Content to a public repository, you are choosing to and directing us to make such Content accessible to everyone on the internet. Unless specifically set forth herein, these Terms do not restrict lawful access to or use of the contents of public repositories by third parties, or by GitHub or its Affiliates.
9. Access Reciprocity
By using automated means to access, collect, or otherwise use (“Access”) any publicly accessible Content from the Service for the purpose of developing or training any commercially available artificial intelligence model, machine learning system, or similar technology (a ""Commercial AI System""), you hereby waive any and all policies, terms, conditions, or contractual provisions governing products, services, websites or datasets you own or operate that would otherwise prohibit, restrict, or place conditions upon GitHub's Access to any publicly accessible data, information or content associated with your products or services, including for the purpose of developing or training any Commercial AI System. You further agree not to impose technical or other targeted measures to restrict or retaliate against such Access.
This Section D.9 does not apply to Access solely for the purpose of academic research or if, on the date you Access the Content, the number of monthly active users of the products or services made available by you is less than 700 million in the preceding calendar month. For the purposes of this Section, ""you"" shall refer to you and any entity that directly or indirectly controls, is controlled by, or is under common control with you (affiliates).
E. Private Repositories
Short version: We treat the content of private repositories as confidential, and we only access it as described in Section E.3 below—for security purposes, to assist the repository owner with a support matter, to maintain the integrity of the Service, to comply with our legal obligations, if we have reason to believe the contents are in violation of the law, or with your consent.
1. Control of Private Repositories
Some Accounts may have private repositories, which allow the User to control access to Content.
2. Confidentiality of Private Repositories
GitHub considers the contents of private repositories to be confidential to you. GitHub will protect the contents of private repositories from unauthorized use, access, or disclosure in the same manner that we would use to protect our own confidential information of a similar nature and in no event with less than a reasonable degree of care.
3. Access
You control access to the content of your private repositories. GitHub considers the contents of private repositories to be confidential to you, as set forth in Section E.2, and GitHub personnel will not access private repository content without your consent except in the following circumstances:
- for security purposes;
- for automated scanning or manual review for known vulnerabilities, active malware, or other content known to violate our Terms of Service;
- to assist the repository owner with a support matter;
- to maintain the integrity of the Service; or
- to comply with our legal obligations if we have reason to believe the contents are in violation of the law.
You may choose to enable additional access to your private repositories. For example:
- You may enable various GitHub services or features that require additional rights to Your Content in private repositories. These rights may vary depending on the service or feature, but GitHub will continue to treat your private repository Content as confidential. If those services or features require rights in addition to those we need to provide the GitHub Service, we will provide an explanation of those rights.
- If you provide your private repository content as Input to AI Features, we may use that Input to provide, develop, train, and improve the Service, including AI Features. Your ability to opt out under Section J.3 applies to this use of private repository content. We will not otherwise use your private repository contents to develop or improve the Service.
Additionally, we may be compelled by law to disclose the contents of your private repositories.
GitHub will provide notice regarding our access to private repository content, unless for legal disclosure, to comply with our legal obligations, or where otherwise bound by requirements under law, for automated scanning, or if in response to a security threat or other risk to security.
F. Copyright Infringement and DMCA Policy
If you believe that content on our website violates your copyright, please contact us in accordance with our Digital Millennium Copyright Act Policy. If you are a copyright owner and you believe that content on GitHub violates your rights, please contact us via our convenient DMCA form or by emailing copyright@github.com. There may be legal consequences for sending a false or frivolous takedown notice. Before sending a takedown request, you must consider legal uses such as fair use and licensed uses.
We will terminate the Accounts of repeat infringers of this policy.
G. Intellectual Property Notice
Short version: We own the service and all of our content. In order for you to use our content, we give you certain rights to it, but you may only use our content in the way we have allowed.
1. GitHub's Rights to Content
GitHub and our licensors, vendors, agents, and/or our content providers retain ownership of all intellectual property rights of any kind related to the Website and Service. We reserve all rights that are not expressly granted to you under this Agreement or by law. The look and feel of the Website and Service is copyright © GitHub, Inc. All rights reserved. You may not duplicate, copy, or reuse any portion of the HTML/CSS, JavaScript, or visual design elements or concepts without express written permission from GitHub.
2. GitHub Trademarks and Logos
If you’d like to use GitHub’s trademarks, you must follow all of our trademark guidelines, including those on our logos page: https://github.com/logos.
3. License to GitHub Policies
This Agreement is licensed under this Creative Commons Zero license. For details, see our site-policy repository.
H. API Terms
Short version: You agree to these Terms of Service, plus this Section H, when using any of GitHub's APIs (Application Programming Interface), including use of the API through a third party product that accesses GitHub.
Abuse or excessively frequent requests to GitHub via the API may result in the temporary or permanent suspension of your Account's access to the API. GitHub, in our sole discretion, will determine abuse or excessive usage of the API. We will make a reasonable attempt to warn you via email prior to suspension.
You may not share API tokens to exceed GitHub's rate limitations.
You may not use the API to download data or Content from GitHub for spamming purposes, including for the purposes of selling GitHub users' personal information, such as to recruiters, headhunters, and job boards.
All use of the GitHub API is subject to these Terms of Service and the GitHub Privacy Statement.
GitHub may offer subscription-based access to our API for those Users who require high-throughput access or access that would result in resale of GitHub's Service.
I. GitHub Additional Product Terms
Short version: You need to follow certain specific terms and conditions for GitHub's various features and products, and you agree to the Supplemental Terms and Conditions when you agree to this Agreement.
Some Service features may be subject to additional terms specific to that feature or product as set forth in the GitHub Additional Product Terms. By accessing or using the Services, you also agree to the GitHub Additional Product Terms.
J. AI Features, Training, and Your Data
1. Applicability
This section applies to all AI Features unless a specific feature has additional terms that expressly modify them. The training and data-use provisions in Section J.3 apply only to individual licenses. If your use of the Service is governed by a GitHub Customer Agreement or volume licensing agreement, those agreements govern the use of your data in connection with AI Features and Section J.3 does not apply to you.
2. Ownership
GitHub does not claim ownership of your Input or Output.
Output may contain material that resembles code or content in the model's training data or that is subject to third-party copyrights or open source license terms. You are responsible for determining whether your use of Output requires a third-party license and for complying with any such license.
3. Development and Improvement Using Your Input and Output
We use your Inputs to generate Outputs and provide the AI Features. You also grant GitHub and its Affiliates a license to collect and use your Inputs and Outputs to develop, train and improve artificial intelligence and machine learning models and technologies including those that power AI Features, unless (a) you opt out through your account settings, or (b) your use of the Service is governed by a GitHub Customer Agreement or volume licensing agreement. If you opt out, GitHub will not collect or use your Inputs and Outputs for the purposes described in this paragraph from the effective date of your opt-out going forward.
Unless you opt out, GitHub's Affiliates may use your Inputs and Outputs under this license in accordance with their applicable privacy and contractual obligations. This license does not, however, permit GitHub or its Affiliates to share your Inputs or Outputs with third-party AI model providers for their own independent model training purposes.
The license in this Section J.3 is in addition to, and does not limit, the rights granted to GitHub and its Affiliates under Sections D.4 and D.8. This license does not extend to Your Content stored in repositories that are not provided as Input to an AI Feature.
The opt-out right described in this section applies solely to the use of your Inputs and Outputs as described in this section, and does not apply to the license granted in Sections D.4-D.8 or to any Content that does not constitute Input or Output (including Content stored in public repositories).
4. Disclaimers
Output is provided ""as-is"" and subject to the disclaimers in Section O. Without limiting Section O: Output may be inaccurate, incomplete, or non-functional. Output may resemble third-party code, including code under open source licenses. We do not guarantee that Output is free of errors, vulnerabilities, or intellectual property claims.
You are responsible for reviewing, testing, and validating any Output before use.
5. Your Responsibility and Indemnity
You are responsible for your use of Output, including ensuring it complies with applicable law and does not infringe third-party rights.
Your indemnity obligations in Section Q apply to your use of AI Features and Output, including claims arising from Output you incorporate into your products or services.
K. Beta Previews
Short version: Beta Previews may not be supported or may change at any time. You may receive confidential information through those programs that must remain confidential while the program is private. We'd love your feedback to make our Beta Previews better.
1. Subject to Change
Beta Previews may not be supported and may be changed at any time without notice. In addition, Beta Previews are not subject to the same security measures and auditing to which the Service has been and is subject. By using a Beta Preview, you use it at your own risk.
2. Confidentiality
As a user of Beta Previews, you may get access to special information that isn’t available to the rest of the world. Due to the sensitive nature of this information, it’s important for us to make sure that you keep that information secret.
Confidentiality Obligations. You agree that any non-public Beta Preview information we give you, such as information about a private Beta Preview, will be considered GitHub’s confidential information (collectively, “Confidential Information”), regardless of whether it is marked or identified as such. You agree to only use such Confidential Information for the express purpose of testing and evaluating the Beta Preview (the “Purpose”), and not for any other purpose. You should use the same degree of care as you would with your own confidential information, but no less than reasonable precautions to prevent any unauthorized use, disclosure, publication, or dissemination of our Confidential Information. You promise not to disclose, publish, or disseminate any Confidential Information to any third party, unless we don’t otherwise prohibit or restrict such disclosure (for example, you might be part of a GitHub-organized group discussion about a private Beta Preview feature).
Exceptions. Confidential Information will not include information that is: (a) or becomes publicly available without breach of this Agreement through no act or inaction on your part (such as when a private Beta Preview becomes a public Beta Preview); (b) known to you before we disclose it to you; (c) independently developed by you without breach of any confidentiality obligation to us or any third party; or (d) disclosed with permission from GitHub. You will not violate the terms of this Agreement if you are required to disclose Confidential Information pursuant to operation of law, provided GitHub has been given reasonable advance written notice to object, unless prohibited by law.
3. Feedback
We’re always trying to improve our products and services, and your feedback as a Beta Preview user will help us do that. If you choose to give us any ideas, know-how, algorithms, code contributions, suggestions, enhancement requests, recommendations or any other feedback for our products or services (collectively, “Feedback”), you acknowledge and agree that GitHub will have a royalty-free, fully paid-up, worldwide, transferable, sub-licensable, irrevocable and perpetual license to implement, use, modify, commercially exploit and/or incorporate the Feedback into our products, services, and documentation.
L. Payment
Short version: You are responsible for any fees associated with your use of GitHub. We are responsible for communicating those fees to you clearly and accurately, and letting you know well in advance if those prices change.
1. Pricing
Our pricing and payment terms are available at github.com/pricing. If you agree to a subscription price, that will remain your price for the duration of the payment term; however, prices are subject to change at the end of a payment term.
2. Upgrades, Downgrades, and Changes
- We will immediately bill you when you upgrade from the free plan to any paying plan.
- If you change from a monthly billing plan to a yearly billing plan, GitHub will bill you for a full year at the next monthly billing date.
- If you upgrade to a higher level of service, we will bill you for the upgraded plan immediately.
- You may change your level of service at any time by choosing a plan option or going into your Billing settings. If you choose to downgrade your Account, you may lose access to Content, features, or capacity of your Account. Please see our section on Cancellation for information on getting a copy of that Content.
3. Billing Schedule; No Refunds
Payment Based on Plan For monthly or yearly payment plans, the Service is billed in advance on a monthly or yearly basis respectively and is non-refundable. There will be no refunds or credits for partial months of service, downgrade refunds, or refunds for months unused with an open Account; however, the service will remain active for the length of the paid billing period. In order to treat everyone equally, no exceptions will be made.
Payment Based on Usage Some Service features are billed based on your usage. A limited quantity of these Service features may be included in your plan for a limited term without additional charge. If you choose to use paid Service features beyond the quantity included in your plan, you pay for those Service features based on your actual usage in the preceding month. Monthly payment for these purchases will be charged on a periodic basis in arrears. See GitHub Additional Product Terms for Details.
Invoicing For invoiced Users, User agrees to pay the fees in full, up front without deduction or setoff of any kind, in U.S. Dollars. User must pay the fees within thirty (30) days of the GitHub invoice date. Amounts payable under this Agreement are non-refundable, except as otherwise provided in this Agreement. If User fails to pay any fees on time, GitHub reserves the right, in addition to taking any other action at law or equity, to (i) charge interest on past due amounts at 1.0% per month or the highest interest rate allowed by law, whichever is less, and to charge all expenses of recovery, and (ii) terminate the applicable order form. User is solely responsible for all taxes, fees, duties and governmental assessments (except for taxes based on GitHub's net income) that are imposed or become due in connection with this Agreement.
4. Authorization
By agreeing to these Terms, you are giving us permission to charge your on-file credit card, PayPal account, or other approved methods of payment for fees that you authorize for GitHub.
5. Responsibility for Payment
You are responsible for all fees, including taxes, associated with your use of the Service. By using the Service, you agree to pay GitHub any charge incurred in connection with your use of the Service. If you dispute the matter, contact us through the GitHub Support portal. You are responsible for providing us with a valid means of payment for paid Accounts. Free Accounts are not required to provide payment information.
M. Cancellation and Termination
Short version: You may close your Account at any time. If you do, we'll treat your information responsibly.
1. Account Cancellation
It is your responsibility to properly cancel your Account with GitHub. You can cancel your Account at any time by going into your Settings in the global navigation bar at the top of the screen. The Account screen provides a simple, no questions asked cancellation link. We are not able to cancel Accounts in response to an email or phone request.
2. Upon Cancellation
We will retain and use your information as necessary to comply with our legal obligations, resolve disputes, and enforce our agreements, but barring legal requirements, we will delete your full profile and the Content of your repositories within 90 days of cancellation or termination (though some information may remain in encrypted backups). This information cannot be recovered once your Account is canceled.
We will not delete Content that you have contributed to other Users' repositories or that other Users have forked.
Upon request, we will make a reasonable effort to provide an Account owner with a copy of your lawful, non-infringing Account contents after Account cancellation, termination, or downgrade. You must make this request within 90 days of cancellation, termination, or downgrade.
3. GitHub May Terminate
GitHub has the right to suspend or terminate your access to all or any part of the Website at any time, with or without cause, with or without notice, effective immediately. GitHub reserves the right to refuse service to anyone for any reason at any time.
4. Survival
All provisions of this Agreement which, by their nature, should survive termination will survive termination — including, without limitation: ownership provisions, warranty disclaimers, indemnity, and limitations of liability.
N. Communications with GitHub
Short version: We use email and other electronic means to stay in touch with our users.
1. Electronic Communication Required
For contractual purposes, you (1) consent to receive communications from us in an electronic form via the email address you have submitted or via the Service; and (2) agree that all Terms of Service, agreements, notices, disclosures, and other communications that we provide to you electronically satisfy any legal requirement that those communications would satisfy if they were on paper. This section does not affect your non-waivable rights.
2. Legal Notice to GitHub Must Be in Writing
Communications made through email or GitHub Support's messaging system will not constitute legal notice to GitHub or any of its officers, employees, agents or representatives in any situation where notice to GitHub is required by contract or any law or regulation. Legal notice to GitHub must be in writing and served on GitHub's legal agent.
3. No Phone Support
GitHub only offers support via email, in-Service communications, and electronic messages. We do not offer telephone support.
O. Disclaimer of Warranties
Short version: We provide our service as is, and we make no promises or guarantees about this service. Please read this section carefully; you should understand what to expect.
GitHub provides the Website and the Service “as is” and “as available,” without warranty of any kind. Without limiting this, we expressly disclaim all warranties, whether express, implied or statutory, regarding the Website and the Service including without limitation any warranty of merchantability, fitness for a particular purpose, title, security, accuracy and non-infringement.
GitHub does not warrant that the Service will meet your requirements; that the Service will be uninterrupted, timely, secure, or error-free; that the information provided through the Service is accurate, reliable or correct; that any defects or errors will be corrected; that the Service will be available at any particular time or location; or that the Service is free of viruses or other harmful components. You assume full responsibility and risk of loss resulting from your downloading and/or use of files, information, content or other material obtained from the Service.
P. Limitation of Liability
Short version: We will not be liable for damages or losses arising from your use or inability to use the service or otherwise arising under this agreement. Please read this section carefully; it limits our obligations to you.
You understand and agree that we will not be liable to you or any third party for any loss of profits, use, goodwill, or data, or for any incidental, indirect, special, consequential or exemplary damages, however arising, that result from
- the use, disclosure, or display of your User-Generated Content;
- your use or inability to use the Service;
- any modification, price change, suspension or discontinuance of the Service;
- the Service generally or the software or systems that make the Service available;
- unauthorized access to or alterations of your transmissions or data;
- statements or conduct of any third party on the Service;
- any other user interactions that you input or receive through your use of the Service; or
- any other matter relating to the Service.
Our liability is limited whether or not we have been informed of the possibility of such damages, and even if a remedy set forth in this Agreement is found to have failed of its essential purpose. We will have no liability for any failure or delay due to matters beyond our reasonable control.
Q. Release and Indemnification
Short version: You are responsible for your use of the service. If you harm someone else or get into a dispute with someone else, we will not be involved.
If you have a dispute with one or more Users, you agree to release GitHub from any and all claims, demands and damages (actual and consequential) of every kind and nature, known and unknown, arising out of or in any way connected with such disputes.
You agree to indemnify us, defend us, and hold us harmless from and against any and all claims, liabilities, and expenses, including attorneys’ fees, arising out of your use of the Website and the Service, including but not limited to your violation of this Agreement, provided that GitHub (1) promptly gives you written notice of the claim, demand, suit or proceeding; (2) gives you sole control of the defense and settlement of the claim, demand, suit or proceeding (provided that you may not settle any claim, demand, suit or proceeding unless the settlement unconditionally releases GitHub of all liability); and (3) provides to you all reasonable assistance, at your expense.
R. Changes to These Terms
Short version: We want our users to be informed of important changes to our terms, but some changes aren't that important — we don't want to bother you every time we fix a typo. So while we may modify this agreement at any time, we will notify users of any material changes and give you time to adjust to them.
We reserve the right, at our sole discretion, to amend these Terms of Service at any time and will update these Terms of Service in the event of any such amendments. We will notify our Users of material changes to this Agreement, such as price increases, at least 30 days prior to the change taking effect by posting a notice on our Website or sending email to the primary email address specified in your GitHub account. Customer's continued use of the Service after those 30 days constitutes agreement to those revisions of this Agreement. For any other modifications, your continued use of the Website constitutes agreement to our revisions of these Terms of Service. You can view all changes to these Terms in our Site Policy repository.
We reserve the right at any time and from time to time to modify or discontinue, temporarily or permanently, the Website (or any part of it) with or without notice.
S. Miscellaneous
1. Governing Law
Except to the extent applicable law provides otherwise, this Agreement between you and GitHub and any access to or use of the Website or the Service are governed by the federal laws of the United States of America and the laws of the State of California, without regard to conflict of law provisions. You and GitHub agree to submit to the exclusive jurisdiction and venue of the courts located in the City and County of San Francisco, California. However, any claim for injunctive relief with respect to a violation of section D.9 may be brought in any jurisdiction.
2. Non-Assignability
GitHub may assign or delegate these Terms of Service and/or the GitHub Privacy Statement, in whole or in part, to any person or entity at any time with or without your consent, including the license grant in Section D.4. You may not assign or delegate any rights or obligations under the Terms of Service or Privacy Statement without our prior written consent, and any unauthorized assignment and delegation by you is void.
3. Section Headings and Summaries
Throughout this Agreement, each section includes titles and brief summaries of the following terms and conditions. These section titles and brief summaries are not legally binding.
4. Severability, No Waiver, and Survival
If any part of this Agreement is held invalid or unenforceable, that portion of the Agreement will be construed to reflect the parties’ original intent. The remaining portions will remain in full force and effect. Any failure on the part of GitHub to enforce any provision of this Agreement will not be considered a waiver of our right to enforce such provision. Our rights under this Agreement will survive any termination of this Agreement.
5. Amendments; Complete Agreement
This Agreement may only be modified by a written amendment signed by an authorized representative of GitHub, or by the posting by GitHub of a revised version in accordance with Section R. Changes to These Terms. These Terms of Service, together with the GitHub Privacy Statement, represent the complete and exclusive statement of the agreement between you and us. This Agreement supersedes any proposal or prior agreement oral or written, and any other communications between you and GitHub relating to the subject matter of these terms including any confidentiality or nondisclosure agreements.
6. Questions
Questions about the Terms of Service? Contact us through the GitHub Support portal.",2026-08-13,terms,terms page for GitHub; 45871 characters of main content; served from cache; text via trafilatura,200,True,True,True,69,c9b807cfd4d5f68b99c6e7a6d456fb2e2bc32d17ffaaf470c2e1bea14a4b4a7e,trafilatura,
JetBrains,https://www.jetbrains.com/idea/,product,The Leading IDE for Professional Java and Kotlin Development,"IntelliJ IDEA helps you write code faster with tools that eliminate tedious tasks and let you focus on what matters – building great software.
Get everything you need to write quality code, minimize bugs, and reduce technical debt so you can spend more time on innovation instead of troubleshooting.
Supporting you at every stage from design and development to testing and deployment, it provides everything you need to get the job done efficiently.
With cutting-edge technology support from the start, IntelliJ IDEA keeps you ahead of the curve in a rapidly evolving tech landscape.
Designed for ultimate comfort, it offers a smooth, enjoyable workflow that helps you stay in the flow.
IntelliJ IDEA offers clear consent options for data collection, storage, and sharing, ensuring your information is used only for agreed-upon purposes.
78%
of Java developers 
choose IntelliJ IDEA
Skills give your agents reusable domain knowledge and instructions, making them more accurate and efficient when working with a given tech stack or topic. To help you get started quickly, IntelliJ IDEA now allows you to discover, install, and manage custom agent skills directly in the IDE.
Some of the most useful skills are already bundled in the IDE and marked accordingly in the skills manager.
IntelliJ IDEA continues to provide support for the latest Java releases from day one, as well as early support for upcoming Java releases, for example, by allowing you to install early access builds directly from the IDE.
Every developer has used println for debugging at least once. But sometimes it is not the best approach. It can pollute the code, fail to get enough context from the print, and make identifying where it came from difficult. On top of all that, it doesn’t work inside libraries.
Logpoints offer a clean alternative and deliver dramatic UX and performance improvements. Built on top of non-suspending breakpoints, logpoints allow you to inspect internal application states and execution context, as well as send custom messages at runtime without modifying the source code. This approach also makes it possible to diagnose code behavior inside compiled third-party libraries.
With the Spring Debugger plugin in IntelliJ IDEA, it is now easier to verify endpoint behavior without changing your Spring Security configuration or restarting the application.
You can see Spring Security inlays near Spring MVC endpoints. They show how a route is protected, allow you to inspect where the effective rule comes from, and let you navigate to the corresponding security configuration. During a debug session, you can also test an endpoint with custom user details and roles or temporarily unlock it in the running debug context.",2026-08-19,product,product page for JetBrains; 2721 characters of main content; served from cache; text via trafilatura,200,True,True,True,43,64c790be8ba51331afca3f54c61397c421dcd029523f106815d48ffdb5aa2479,trafilatura,security_trust
JetBrains,https://www.jetbrains.com/idea/buy/,pricing,Buy IntelliJ IDEA,"IntelliJ IDEA
Download",2026-08-19,pricing,"pricing page for JetBrains; 22 characters of main content; served from cache; text via trafilatura; NOT USABLE AS EVIDENCE - only 40 readable characters and 0 heading blocks, almost certainly JavaScript-rendered",200,True,True,False,0,cc55e8fad20e370a0a1d30483d4600c920540aae1c5bc86836de14dcf7f17125,trafilatura,
JetBrains,https://www.jetbrains.com/legal/docs/privacy/trust-center/,security,Trust and Security at JetBrains,"Please visit our Trust Center to learn more about JetBrains' security practices, compliance certifications, and data protection measures. Our Trust Center provides comprehensive information on our infrastructure security, organizational security policies, product security features, and data privacy procedures. You can also find details on our SOC 2 Type II and GDPR compliance, access security resources, and view our controls across various security domains. For any security or compliance-related inquiries, contact us at security-compliance@jetbrains.com.",2026-08-19,"security, human-verified",security page for JetBrains; 560 characters of main content; served from cache; text via trafilatura,200,True,True,True,3,3cfe839243dfeaccb146f7055f84bdef7be732d657d076dac0871be2ffa87fc3,trafilatura,"pricing_availability, security_trust"
JetBrains,https://www.jetbrains.com/legal/docs/privacy/privacy/,privacy,Privacy Notice,"Version 3.2, last updated: 12 June 2026
In this Privacy Notice, we describe the types of data, including Personal Data, (collectively, “data”) that we and our associated companies collect from you when you use JetBrains Websites and certain JetBrains products and services as described in this Privacy Notice (collectively, our “services”), how we and our associated companies use and disclose that data, and your options for accessing or updating your data.
For information about your privacy choices, please see Section 10, Your Privacy Choices and Rights, and Section 14, Privacy Notice Specifications for Certain U.S. Jurisdictions.
If you are a resident of California, please also refer to Section 13, Privacy Notice Specifications for California Residents, for information about the categories of personal information we collect and your rights under California privacy laws.
The data controllers are JetBrains s.r.o., Praha 4, Na Hřebenech II 1718/8, PSČ 140 00, Czech Republic, and the associated companies of JetBrains (collectively “JetBrains,” “we,” or “us”).
JetBrains and its associated companies act as joint data controllers, who are jointly responsible for compliance with data protection legislation. JetBrains s.r.o. is primarily responsible for exercising the rights of data subjects and providing information about data processing.
This Privacy Notice identifies what Personal Data we may process about you. The extent varies depending on whether you are just visiting our Website or using our products or services. We do not process health data or otherwise sensitive data about you. For more information, you can contact us anytime at privacy@jetbrains.com . This document applies only to situations where we act as a Personal Data controller. More information about circumstances in which we are in the role of data processor can be found in our Data Processing Agreement . The list of our partners who might process your Personal Data, including the location of the data, can be found here .
The following definitions are used throughout this Privacy Notice:
COPPA. Children’s Online Privacy Protection Act. in the US.
GDPR. General Data Protection Regulation (EU) 2016/679 as amended.
JetBrains Software Product. Any software product distributed or made available by JetBrains under the JetBrains Subscription Agreement or any other JetBrains Agreement, excluding third-party software. Any such third-party software is governed by its own terms and conditions and Privacy Notice.
JetBrains Software as a Service. Any JetBrains Software Product that is offered as a hosted solution, where the software is installed and maintained by JetBrains and provided to you as a service.
JetBrains Website. Any website that is the property of JetBrains, including, but not limited to, everything hosted under the domains listed at https://www.jetbrains.com/legal/websites.
JetBrains Account. An account you create and which JetBrains may use in communicating with you or providing JetBrains Products to you. It contains your first name, last name, email address, username, and, if uploaded voluntarily, your photograph or another avatar. Your JetBrains Account is accessed via a username and password or a similar authentication method and can be used to manage your Personal Data.
JetBrains Terms of Use. The JetBrains Subscription Agreement, the JetBrains Terms of Use for a product or a service, the JetBrains License Agreement, or other agreements you have in place with JetBrains covering JetBrains Products or services.
Personal Data. Any data relating to an identified or identifiable natural person.
All other terms used in this Privacy Notice (such as controller, processor, data subject, and others) that are defined in Article 4 of the GDPR shall have the same meaning as defined in Article 4 of the GDPR.
JetBrains Software Products, the JetBrains Website, JetBrains Accounts, and JetBrains Software as a Service may be collectively referred to as ""JetBrains Products"" or “products and services.”
We collect data for various reasons, such as:
a) To provide you with software, services, or information. We may collect data, including your Personal Data, that is required to provide you with software, support, and services, license validation and checking for updates, providing support, reporting issues and bugs, and other processing connected with the use of JetBrains Products or information. We may use collected data to develop and test products and services. You may explicitly provide the Personal Data required for you to receive the software, support, or services, whether you purchase or use JetBrains Products, use our support forums, sign up for a JetBrains Account, register for a webinar, participate in a survey, and/or subscribe to receive marketing and/or technical information and content. This data may also be collected in the course of your using JetBrains Products. This processing also includes collecting data about your use of product features (such as AI quota consumption or statistics on AI suggestion acceptance rates). We may use third-party service providers, acting as data processors, to assist us in providing JetBrains Products to you or in our operations. For example, we may use third-party service providers to provide data storage and backup services. The legal basis for this data processing is the performance of a contract between you and us. With your consent, your Personal Data may also be transferred to third-party service providers, acting as separate data controllers, who provide products and services complementary to JetBrains Products (further data processing performed by these service providers is governed by their privacy policies). The legal basis for this data processing is consent.
b) To protect us from piracy and the unlawful use of our software or services. We may collect data that is necessary to protect us from piracy or the unlawful or unauthorized use of our software or services, or that is necessary to ensure the security of our software or services, including both Personal Data provided by you (see above) and data collected in the course of your use of JetBrains Products. The legal basis for this data processing is JetBrains’ legitimate interest in protection from piracy and from the unlawful use of JetBrains software and services. Such personal data may include your IP address and information about your JetBrains Account. Collecting this data may include asking for your school records to prove that you are indeed a student if you are applying for a student license.
c) To improve our offerings based on usage. With your consent, we may collect anonymous or aggregated data based on your use of JetBrains Products, unless the Product Data Collection and Usage Notice states otherwise. We use this data to better understand the usage patterns of our products and the behaviors of our collective audience. At times, we may share anonymized information with third parties. Since the data is anonymous, no personal data is processed. Please refer to our Cookie Notice for more information regarding the collection of non-anonymous data (cookies) when you are using the JetBrains Website.
d) For JetBrains’ internal evidence and to protect the rights and interests of JetBrains and other users. We may collect data that is required as evidence of the provision of software and services to you, of any communication between you and us, of your contact details, of your use of our software and services, of your compliance with the terms of the agreement between you and JetBrains, of any payments or refunds, and of any issues or disputes between you and us. We may use and disclose this data where we believe, in our sole judgment, that it is legitimate and appropriate to do so to protect our rights and interests and the rights and interests of other users of JetBrains Products or services, or where we believe there has been a violation of this Privacy Notice that could affect the interests of JetBrains or its customers for a period corresponding to the statute of limitations. The legal basis for this data processing is our legitimate interest in keeping internal evidence and protecting the rights and interests of us and other users.
e) To promote and market our products and services. We may use feedback that you voluntarily provide about our products or services. As permitted by applicable law, we may use such feedback in the form of anonymized quotes or in other ways in accordance with the JetBrains Terms of Use. We also may use data that we collect and aggregate to assist us in determining the appropriate marketing and advertising for our products and services. In doing so, we may share anonymous aggregated data with third parties to assist us with these efforts. With your consent or if permitted by applicable law on the legal basis of legitimate interest, we may also use your contact details to send you commercial communications about our products and services. This may include reaching out to you if you used a trial or EAP version of a JetBrains Product, if you started a purchase process on the JetBrains Website but did not complete it, if you have used JetBrains Products in the past, or in similar scenarios. We may also use third-party service providers to assist us with our email marketing. In that case, the third-party service provider will have access to your email address, your name, and other information necessary to engage in the marketing. Such third-party service providers will act as data processors and will not use your Personal Data for their own purposes. As more fully described in the How We Collect Data section, we also may use third-party service providers to assist us with our digital advertising, including through cross-contextual advertising on third-party properties. In that case, the third-party service provider will have access to your online identifiers and information about your use of our products and services. The legal basis for this data processing is our legitimate interest in promoting and marketing our products and services, or your explicit consent. During conferences or events, we may use badge scanning services, also called lead retrieval or scanning, where we can scan your badge and collect certain Personal Data to enable us to contact you for the above-mentioned purposes.
f) To fulfill legal duties stipulated by accounting, taxation, and other laws. We may use and disclose your Personal Data where required by law, such as in keeping and disclosing our accounts, in keeping and disclosing our tax records, and in response to a court order, valid subpoena, or other legal process for the period of time required by such laws. The legal basis for this data processing is our compliance with our legal obligations.
You may object at any time to the processing of your Personal Data unless you provide us with consent for such processing. In that case, you may revoke your consent.
Examples of Personal Data involved in data processing include:
Name;
Email address;
Phone number;
Username;
Password;
Photograph (if voluntarily provided);
Cookies or other tracking identifiers;
Internet Protocol (IP) address;
Information about your device and/or internet browser;
SSH public key;
Physical address;
Information about subscription and payments, including financial information associated with our accounts and payments;
Tax ID;
Data about your use of JetBrains Products, services, and your JetBrains Account;
Comments, voluntarily provided feedback, and any data provided in survey responses or forms; and
Data in issue reports pertaining to JetBrains Products and services, such as project or device names.
Where appropriate, we will prompt you to give us your consent to collect and process your data as described above. This may happen within JetBrains Products, on the JetBrains Website, or in another environment set up by JetBrains, always in a clear and conspicuous manner. You can manage your Personal Data and opt-outs as described in Section 5, Transparency, below.
We collect Personal Data directly from you when you interact with our products and services or communicate directly with us. We may also collect data about you from third parties. For example, if you access our products or services through a third-party application, such as an app store, a third-party login service, or a social networking site, we may collect from that third-party application personal information about you that you have made available via your privacy settings. We also collect data automatically when you visit the JetBrains Website or use JetBrains Products.
Automatic collection of personal information. We may collect certain information automatically when you use our services, such as your IP address, user settings, MAC address, cookie identifiers, mobile carrier, mobile advertising, and other unique identifiers, browser or device information, location information (including approximate location derived from your IP address), and internet service provider. We may also automatically collect information regarding your use of JetBrains Products, such as pages that you visit before, during, and after using our products and services, information about the links you click, the types of content you interact with, and the frequency and duration of your activities, and other information about how you use our services.
Crash reports. If you provide crash reports within JetBrains Products, we may collect personal information related to them, including detailed diagnostic information about your device and the activities that led to the crash.
Please note that you can edit such reports to make sure they do not contain any Personal Data, or you can contact our customer support without providing the logs.
Cookies (and other technologies). For more information regarding cookies and other tracking technologies on our Website, please refer to our Cookie Notice. For tracking in products, please refer to our Product Data Collection and Usage Notice. For more details on tracking in Website-based Products, please visit this link.
AI. If you are using JetBrains AI, we or our LLM providers may collect personal data related to your AI service usage. For more information, please consult our dedicated policy.
Online forms. We may collect Personal Data via a form based on the nature of your interaction with us. Each form explains our purpose for collecting such data in more detail.
Social media platforms. Our products and services may contain buttons for social media platforms, such as Facebook, Instagram, and X, and these buttons might include widgets such as the “Share This” button or other interactive mini-programs. These features may collect personal information such as your IP address, and they may set a cookie to enable them to function properly. Your interactions with these platforms are governed by the privacy policies of the companies providing them.
Direct interaction. We may collect Personal Data from you as part of your interaction with us, for example, when we provide product or sales support to you.
Our products and services are generally not designed for and are not offered to children under the age of 13. In some cases, there’s an exception to this approach, and children under 13 might be able to use our products. When a child confirms that they are under 13 years old, we ask for their parent’s or legal guardian’s email address to obtain permission to process such Personal Data for this purpose in accordance with COPPA and GDPR. If we don’t receive permission within three (3) days or we are denied permission, the Personal Data collected through the form will be automatically deleted after three (3) days. We don’t send marketing communications to children under 15 years old. Children between the ages of 13 and 16 are asked to confirm that they discussed the processing of their data with their parents or legal guardians and have their permission.
To respect your privacy, before using your Personal Data, we will inform you about the categories of Personal Data we collect and the purposes we use them for. We will also inform you about the data management options that you may have. For this purpose, we use agreements, terms of use, and consent notices embedded in JetBrains Products and services, which are available here. You may also contact us at privacy@jetbrains.com.
Collected Personal Data is shared in accordance with the JetBrains Terms of Use of a given product or service, as well as this Privacy Notice. Additionally, we share collected Personal Data within the JetBrains group of companies described above, which act as joint data controllers and process Personal Data for the purposes described in the section Why We Collect Data and What We Collect, or with our data processors, a list of which can be found here, who help us operate our software and services.
As part of the functionality of a given product or service, collected Personal Data may be shared with other representatives of your company, in accordance with the JetBrains Terms of Use covering that product or service.
Through our JetBrains Website, we may share your Personal Data with third-party advertising partners. These third-party advertising partners may apply technologies and other tracking tools on our services to collect information regarding your activities and your device (e.g. your IP address, cookie identifiers, page(s) visited, location, and time of day). These advertising partners may use this information (and similar information collected from other services) to deliver personalized advertisements to you when you visit digital properties within their networks. This practice is commonly referred to as “interest-based advertising,” “cross-context behavioral advertising,” or “personalized advertising.
We may also share your Personal Data with certain third parties (such as with tax authorities or with other government bodies exercising their statutory powers) if we are obliged to do so under applicable legislation, to protect our legal rights and those of others, or if such sharing is necessary to achieve the purposes defined in section Why We Collect Data and What We Collect (especially with government bodies or with parties harmed as a result of violations of applicable laws).
If we are involved in a merger, an acquisition, financial due diligence, reorganization, bankruptcy, receivership, purchase or sale of assets, or a transition of service to another provider. In that case, your information may be sold or transferred as part of such a transaction, as permitted by law and/or contract.
YouTube API Services. We may display YouTube videos on the JetBrains Website using the API client. The API client uses YouTube API Services. By interacting with the video, you agree to YouTube’s Terms of Service and acknowledge Google’s Privacy Notice. By interacting with the JetBrains Website, you acknowledge our Privacy Notice.
Information we collect. The API client collects and uses data from YouTube API Services. It also collects information from the devices you use to access the JetBrains Website in accordance with your tracking preferences in accordance with our Cookie Notice.
How we use your information. We use the data collected from the API client to display YouTube videos through it. YouTube can access information about the videos you viewed on the JetBrains Website and display advertisements based on your viewing history. YouTube ad settings are available here. We use first-party and third-party cookies to enhance and personalize your website experience.
Sharing. We may share authorized data with Google (including YouTube).
Your rights. You can manage or revoke Google’s access to your data via Google’s Security Settings.
Fonts. Our website uses fonts (e.g. Google Fonts, Font Awesome). When you access our website, your browser may download these fonts from the font provider. This process may result in the transmission of your IP address and browser data to those providers. The use of these services is based on our legitimate interest in ensuring a uniform and efficient presentation of our online content (Article 6(1)(f) GDPR). You can prevent the use of web fonts by configuring your browser to block external resources, though this may affect display quality.
To secure your Personal Data, our products and services are designed with security, data protection, and privacy in mind.
We encrypt your data in transit and at rest where it is technically feasible. For the protection of data during transmission, we use an up-to-date TLS (Transport Layer Security) protocol to encrypt your data. To encrypt data at rest, we use strong, up-to-date encryption algorithms, such as AES-256. All encryption keys are regularly rotated, and access to them is strictly limited.
We thoroughly review all Personal Data usage processes before implementation to help achieve compliance with applicable data-protection-related laws and to safeguard user information. This is done to minimize data usage and to make sure that you, as the data owner, are informed about the processing. When the reason for data storage expires, and we are no longer required to keep it, we remove your Personal Data from our servers or anonymize it for further usage. Depending on the activity within which your data is collected, it may appear in datasets used for research. Before using the datasets for research or other purposes you are not informed of, we remove or anonymize your Personal Data in the datasets.
We use suppliers to host our products and services and JetBrains Websites and to process your data in accordance with this Privacy Notice. When choosing a supplier, JetBrains performs a supplier risk assessment process to evaluate their compliance with legal regulations and security standards and help ensure that your data is stored in a secure location with appropriate security measures in place.For more details about security at JetBrains, please visit our Trust Center.
The default location for any Personal Data of our customers is the EU, unless specified otherwise. For Software as a Service products, we may provide the option for our customers to choose between hosting their instance in the EU or in other regions. For JetBrains AI, the default location of Personal Data storage may differ; see this link. At times, JetBrains may process or transfer some of your Personal Data (such as your name and email address) to our affiliate companies or subprocessors outside the EU. Any such transfer and processing will be done in accordance with the applicable laws on data protection and this Privacy Notice and will be based on a relevant adequacy decision of the European Commission, especially regarding standard data protection clauses. For more information, please click here.
JetBrains Products and Websites may contain links to other websites provided by third parties not under JetBrains’ control. When following a link and providing information to a third-party website, please be aware that JetBrains is not responsible for the data provided to that third party. This Privacy Notice only applies to JetBrains Websites, so when you visit other websites, even when you click on a link posted on JetBrains Websites, you should read their privacy policies.
Your Privacy Choices:
The privacy choices you have regarding your personal information are determined by the specific laws applicable to you and your data. The following may apply to you:
Email communications. If you receive an unwanted email from us, you can use the unsubscribe link found at the bottom of the email to opt out of receiving future emails. Note that you will continue to receive transaction and product-related emails regarding JetBrains Products you have access to. We may also send you certain non-promotional and transactional communications and you will not be able to opt out of those communications (e.g. communications regarding updates to our terms or to this Privacy Notice).
Cookies and personalized advertising. You may stop or restrict tracking by clicking on the “Opt-Out” link in the footer of our Website. You can adjust your preferences by interacting with the cookie banner that is displayed when you visit the Opt-Out page. Please note that cookie-based opt-outs are effective only on the specific device where you opted out.
The online advertising industry also provides websites from which you may opt out of receiving targeted ads from data partners and other advertising partners that participate in self-regulatory programs. You can access these and learn more about targeted advertising and consumer choice and privacy by visiting the Network Advertising Initiative, the Digital Advertising Alliance, the European Digital Advertising Alliance, and the Digital Advertising Alliance of Canada.
Please note that you must opt out separately in each browser and on each device.
Data retention and deletion. If at any time you choose to cease using JetBrains Products, you may ask for your Personal Data to be removed from our servers by sending a request to privacy@jetbrains.com or via your JetBrains Account. After the Personal Data removal, we may keep pseudonyms of your Personal Data solely as a record of the data removal. Generally, we retain your Personal Data as long as we need to in order to achieve the purpose for which it was collected. We may retain your information if it is required for compliance with legal obligations and/or defense in the event of a violation of the JetBrains Terms of Use and/or Privacy Policies. We may also have copies of your information in application logs, weblogs, and/or backups made for security and support purposes if this is mentioned in a JetBrains Terms of Use or consent text accepted before the Personal Data collection. These backups will not be accessible as separately delineated information. We may store Personal Data pertaining to a customer or user for as long as they are entitled to a license for or usage of JetBrains Products. Further, we may keep the data to protect ourselves from damage in the event of litigation in accordance with the current legislation. Please note, however, that you must retain a copy of all data that you have placed on our servers in case of any loss. Further, if you cease using our software and/or services, we will not be responsible for the retention of any of your data.
Data management. You may manage your Personal Data in your JetBrains Account, including by opting out of certain kinds of data collection. You can also adjust your preferences in the settings of JetBrains Products. Email preferences can also be set by clicking on the “Unsubscribe” link in the footer of emails sent by us. You are responsible for the correctness of the Personal Data you provide to us. We expect you to check the Personal Data you provide to us, and if any inconsistency appears, update your Personal Data or report the inconsistency to JetBrains.
Your Privacy Rights:
As permitted by applicable law, you may have the right to request a copy of the information that we hold about you. To submit a privacy request, please use our Data Rights Request Form.Where permitted by applicable law, we may charge a fee for this service.
Moreover, as set out in locally applicable Personal Data protection laws, you may have the right to: (i) request access to your Personal Data; (ii) request rectification of your Personal Data; (iii) request the erasure of your Personal Data; (iv) request a restriction on the processing of your Personal Data; (v) request Personal Data portability; or (vi) object to, or opt-out of, the processing of your Personal Data in some cases.
Right of access. You may have the right to obtain from us a confirmation as to whether or not Personal Data concerning you is being processed, and, where that is the case, to request access to your Personal Data. The information about Personal Data processing includes the purposes of the processing, the categories of Personal Data concerned, the recipients or categories of recipients to whom your Personal Data has been or will be disclosed, etc. However, this is not an absolute right, and the interests of other individuals may restrict your right of access. Further, you may have the right to obtain a copy of your Personal Data undergoing processing. For additional copies requested, we may charge a reasonable fee based on administrative costs.
Right to rectification. You may have the right to obtain from us the rectification of inaccurate Personal Data. Depending on the purposes of the processing, you may have the right to have incomplete Personal Data made complete, in particular by providing a supplementary statement.
Right to erasure (right to be forgotten). Under certain circumstances, you may have the right to require us to delete your Personal Data.
Right to a restriction of processing. Under certain circumstances, you may have the right to require us to restrict the processing of your Personal Data. In this case, the respective Personal Data will be marked and may only be processed by us for certain purposes.
Right to Personal Data portability. Under certain circumstances, you may have the right to receive the Personal Data that you have provided us concerning you in a structured, commonly used, and machine-readable format, and to transmit this Personal Data to another entity.
Right to Object. Under certain circumstances, you may have the right to object at any time, on grounds relating to the particular situation, to the processing of your Personal Data by us, and we may be required to no longer process your Personal Data.
These rights can be exercised by submitting a request through our Data Rights Request Form.
You may also contact JetBrains to get up-to-date information about the processing of your Personal Data and any Personal Data recipients.
You may lodge a complaint related to the processing of your Personal Data with the competent data protection authority for the country where you are located or with the Czech data protection authority, as we are based in that country.
This Privacy Notice is current as of the date of the last update set forth above. We may change this Privacy Notice from time to time, so please be sure to check back periodically. We will post any changes to this Privacy Notice on the JetBrains Website. If we make any changes to this Privacy Notice that materially affect our practices with regard to the Personal Data we have previously collected from you, we will endeavor to provide you with an advance notice of such changes by highlighting them on the JetBrains Website.
If you have any questions or concerns, or if you feel that this Privacy Notice has been violated in any way, please let us know immediately by contacting privacy@jetbrains.com. If you wish to contact our DPO, please contact dpo@jetbrains.com.
NOTICE AT COLLECTION AND SUPPLEMENTAL NOTICE FOR CALIFORNIA RESIDENTS
This Notice at Collection and Supplemental Notice for California Residents describes our information practices pursuant to applicable California privacy laws, including the California Consumer Privacy Act (the “CCPA”), as amended. To the extent you are a California resident, and we collect “personal information” subject to the CCPA, the following applies. This section does not address or apply to our handling of publicly available information or personal information that is otherwise exempt under the CCPA.An Important Note: This Privacy Notice does not apply to any of the personal information that we process on behalf of our customers through their use of our products and services (“Customer Underlying Data”). Our customers’ respective privacy policies govern their collection and use of Customer Underlying Data. Our processing of Customer Underlying Data is governed by the contracts that we have in place with our customers, not this Privacy Notice. Any questions or requests relating to Customer Underlying Data should be directed to the relevant customer.
Categories of Personal Information Collected and Disclosed
The following table describes the categories of personal information JetBrains collects and the categories of third parties to whom we may disclose this information for a business or commercial purpose.
| Category of Personal Information Collected by JetBrains | Category of Third Parties We May Disclose Personal Information to for a Business Purpose | 
|---|---|
| Identifiers: Name, signature, address, unique personal identifier, online identifier, Internet Protocol address, and telephone number.Note: Some personal information included in this category may overlap with other categories. | Business partners Affiliates Data analytics providers Advertising networks Advisors and agents Others as required by law | 
| Customer records: Name, contact information, and financial or payment information (e.g. bank account number). | Business partners Affiliates Advisors and agents Others as required by law | 
| Commercial information: Records of personal property, products or services purchased, obtained, or considered, or other purchasing or consuming histories or tendencies. | Business partners Affiliates Data analytics providers Advertising networks Advisors and agents Others as required by law | 
| Internet or other electronic network activity: Browsing history, search history, and information on a consumer’s interaction with an internet website, application, or advertisement. | Business partners Affiliates Data analytics providers Advertising networks Advisors and agents Others as required by law | 
| Location data: Physical location based on IP address and physical address. | Business partners Data analytics providers Advertising networks Advisors and agents Others as required by law | 
| Inferences drawn from other personal information to create a profile about a consumer: Profile reflecting a consumer’s preferences, characteristics, psychological trends, predispositions, behavior, attitudes, intelligence, abilities, and aptitudes. | Business partners Data analytics providers Advertising networks Advisors and agents Others as required by law | 
Sources of Personal Information
For details on sources of personal information, see the section How We Collect Data. More details are available upon request.
Purposes of Collection, Use, and Disclosure
As described in more detail above in Sections 2 and 6, Why We Collect Your Data and What We Collect and Sharing of Personal Data, in general, we may collect, use, disclose, and otherwise process personal information for the following business or commercial purposes and as otherwise directed or consented to by you:
To provide our products and services to you;
To protect us from piracy and the unlawful use of our software or services;
To improve our offerings based on usage;
For JetBrains’ internal evidence and to protect the rights and interests of JetBrains and other users;
To advertise and market our products and services to you;
General business and operational support; and,
To comply with applicable laws.
“Sales” and “Sharing” of Personal Information.
The CCPA defines “sale” as disclosing or making available personal information to a third party in exchange for monetary or other valuable consideration, and “sharing” includes disclosing or making available personal information to a third party for purposes of cross-context behavioral advertising. While we do not disclose personal information to third parties in exchange for monetary compensation, we may “sell” or “share” the following categories of personal information: identifiers, internet and network activity information, location data (via your IP address), and inferences. We may disclose these categories to third-party advertising networks, analytics providers, and social networks for purposes of marketing and advertising and to improve and measure our ad campaigns.
We do not sell or share sensitive personal information, nor do we sell or share personal information about individuals we know are under the age of sixteen (16).
Retention of Personal Information.
We store the personal information we collect as described in this Privacy Notice for as long as you use JetBrains Products or as necessary to fulfill the purpose(s) for which it was collected, provide our products and services, resolve disputes, establish legal defenses, conduct audits, pursue legitimate business purposes, enforce our agreements, and comply with applicable laws, or based upon other criteria, including, but not limited to, the sensitivity and volume of such data. Additionally, we endeavor to retain all such personal information in accordance with legal requirements.
De-Identified Information. If we create or receive de-identified information, we will maintain and use such de-identified information in de-identified form. We will not attempt to reidentify such information, except to comply with applicable law.
Privacy Rights for Residents of California
The CCPA provides California residents with specific rights regarding personal information. Subject to certain conditions and exceptions, California residents have the following rights:
Right to know. You have the right to request (i) the categories of personal information we collected about you; (ii) the categories of sources from which the personal information is collected; (iii) our business or commercial purposes for collecting, selling, or sharing personal information; (iv) the categories of third parties to whom we have disclosed personal information; and (v) a copy of the specific pieces of personal information we have collected about you.
Right to Delete. You have the right to request us to delete any personal information we have collected from you.
Right to Correct. You have the right to request us to correct inaccuracies in your personal information.
Right to Opt Out of Sales and Sharing. You have the right to opt out of “sales” and “sharing” of your personal information, as those terms are defined under the CCPA.
Right to Limit Use of Sensitive Personal Information. You have the right to limit the use and disclosure of your sensitive personal information. We do not collect, use, or disclose sensitive personal information; thus, this right is not available to California residents.
Non-Discrimination. |You have the right not to receive discriminatory treatment by us for the exercise of your rights conferred by the CCPA.
Submitting CCPA Requests
California residents may exercise their CCPA privacy rights as set forth below:
Right to Know, Delete, and Correct. California residents may submit CCPA requests to access/know, delete, or correct their personal information by sending an email to privacy@jetbrains.com.
Authorized Agent.Only you, or someone legally authorized to act on your behalf, may make a verifiable consumer request related to your personal information. You may also make a verifiable consumer request on behalf of your minor child. To authorize an agent, provide written authorization signed by you and your designated agent and contact us as set forth in the Contact Us subsection below for additional instructions.
Verification. To protect your privacy, we will take steps to reasonably verify your identity before fulfilling your request. These steps may involve asking you to provide sufficient information that allows us to reasonably verify that you are either the person about whom we collected personal information or an authorized representative, or we may ask you to answer questions regarding your account and use of our products and services. If we cannot verify your identity or authority to make a request, we may not be able to fulfill your request.
Right to Opt Out of Sales and Sharing. To exercise your right to opt out of the “sale” or “sharing” of your personal information, you may do so via our cookie preference manager. We will apply your opt-out based upon the personal information in our records that is linked or reasonably linkable to the information provided in your request. You may also click the “Do Not Sell or Share My Personal Information” link. Please note that your request to opt out of sale or sharing will be linked to your browser identifier only. If you use a different computer or internet browser to access our sites, you will need to renew your cookie management choices.
GPC. In addition, if we detect that your browser or device is transmitting an opt-out preference signal, such as the “global privacy control” (GPC) signal, we will opt that browser or device out of cookies that result in the “sale” or “sharing” of your personal information. If you come to our Website or use our services from a different device or from a different browser on the same device, you will need to opt out, or use an opt-out preference signal, for that browser and/or device as well. More information about GPC is available at https://globalprivacycontrol.org/.
California Shine the Light. The California “Shine the Light” law permits users who are California residents to request and obtain from us once a year, free of charge, a list of the third parties to whom we have disclosed their personal information (if any) for their direct marketing purposes in the prior calendar year, as well as the type of personal information disclosed to those parties.
Right for minors to remove posted content. Where required by law, California residents under the age of 18 may request to have their posted content or information removed from the publicly viewable portions of the services by contacting us directly as set forth in the Contact Us subsection below or by logging into their account and removing the content or information using our self-service tools.
Contact Us
If you have any questions or concerns, or if you need to contact us regarding your privacy rights, please email us at privacy@jetbrains.com.
Residents of certain U.S. states, including Colorado, Connecticut, Utah, and Virginia, require additional disclosures under applicable privacy laws.
Sale of Personal Information
While we do not disclose personal information to third parties in exchange for monetary compensation, we may “sell” or “share” the following categories of personal information: identifiers, such as unique personal identifiers, online identifiers, IP address, or other similar identifiers; location data (via your IP address); internet and network activity information; and inferences. We may disclose these categories to third-party advertising networks, analytics providers, and social networks for the purposes of marketing and advertising and to improve and measure our ad campaigns.
Consumer Rights
Residents of certain U.S. states, including Colorado, Connecticut, Utah, and Virginia, may have, subject to certain limitations, additional rights under applicable privacy laws, which may include:
Access. The right to confirm whether we are processing their personal information and to obtain a copy of their personal information in a portable and, to the extent technically feasible, readily usable format.
Deletion. The right to delete their personal information provided to or obtained by us.
Correction. The right to correct inaccuracies in their personal information.
Opt Out. The right to opt out of certain types of processing, including:
To opt out of the “sale” of their personal information;
To opt out of targeted advertising by us; and
To opt out of any processing of personal information for the purpose of making decisions that produce legal or similarly significant effects.
You may submit a request to exercise most of your privacy rights under U.S. state privacy laws through our webform or by emailing us at privacy@jetbrains.com.
To opt out of targeted advertising by us, you can adjust your cookie settings here or on your device. In addition, our Website responds to global privacy control (GPC) signals, which means that if we detect that your browser is communicating a GPC signal, we will process that as a request to opt that particular browser and device out of sales and sharing (i.e., via cookies and tracking tools) on our Website. Note that if you come back to our Website on a different device or use a different browser on the same device, you will need to opt out (or set GPC) for that browser and device as well. More information about GPC is available at https://globalprivacycontrol.org/.
We will respond to your request as required under applicable U.S. privacy law(s). When you submit a request, we will take steps to verify your identity and request by matching the information provided by you with the information we have in our records. In some cases, we may request additional information in order to verify your identity, or, where necessary, to process your request. If we are unable to verify your identity after a good-faith attempt, we may deny the request. If your request is denied, we will explain the basis for the denial.
If we deny your request, in certain jurisdictions you may be able to appeal our decision according to the instructions we provide in our response.
To the extent required under applicable U.S. privacy laws, you may also designate someone as an authorized agent to submit requests and act on your behalf. Authorized agents may be required to provide proof of their authorization and we may also require the relevant consumer to directly verify the identity and authority of the authorized agent.
If you’re a customer of JetBrains Shanghai, please refer to the dedicated Shanghai Privacy Notice, which is applicable to processing of your Personal Data when interacting with our Website and ordering JetBrains Products. The processing of your Personal Data while using JetBrains Products is governed by this Privacy Notice.",2026-08-19,privacy,privacy page for JetBrains; 45798 characters of main content; served from cache; text via trafilatura,200,True,True,True,18,dd78bed3e27dad3a25aa34f19ae8ebbf67796169997394240df35f517d307962,trafilatura,"encryption, privacy_data_handling, security_trust"
JetBrains,https://www.jetbrains.com/help/idea/,docs,Getting started | IntelliJ IDEA Documentation,Getting started | IntelliJ IDEA Documentation,2026-08-19,docs,"docs page for JetBrains; 45 characters of main content; served from cache; text via visible-text (trafilatura returned nothing); NOT USABLE AS EVIDENCE - only 45 readable characters and 0 heading blocks, almost certainly JavaScript-rendered",200,True,True,False,0,900185bc503784df40d191ff65166d4615c1234040b38876ce514c10c6ad624d,visible-text (trafilatura returned nothing),
JetBrains,https://status.jetbrains.com/,status,JetBrains Services Status,"Error level filter
Show everything
Show unconfirmed and confirmed errors
Show only confirmed errors
Show only successful checks
JetBrains Services Status
SLA Uptime Compliance - Last 7 days
Whoops! We couldn't load data here.
You can
try again
. If the problem persists, please let us know.
Title
Value
10,0",2026-08-19,status,"status page for JetBrains; 307 characters of main content; served from cache; text via trafilatura; NOT USABLE AS EVIDENCE - only 333 readable characters and 5 heading blocks, almost certainly JavaScript-rendered",200,True,True,False,5,37a89009e3ae8afb63770bd196d7dd5ce6c282ebc8cae16e4c32ae2522ff6c58,trafilatura,
